t,selected,mass,export,input_monomers,input_molecules
0.000000000000000000e+00,0.000000000000000000e+00,1.000000000000000000e+01,0.000000000000000000e+00,0.000000000000000000e+00,0.000000000000000000e+00
1.659716430358632311e-01,4.301914326333282405e-10,1.000000000000000178e+01,2.948047325100620260e-09,1.659716430358632255e+00,9.958298582151794420e-01
3.319432860717264622e-01,1.137979861258925290e-09,1.000000000000000178e+01,1.131792549565202296e-08,3.319432860717264955e+00,1.991659716430359106e+00
4.979149291075897210e-01,2.302495048024228581e-09,1.000000000000000355e+01,2.457591874686647200e-08,4.979149291075898986e+00,2.987489574645537882e+00
6.638865721434529243e-01,4.218456873737315170e-09,1.000000000000000355e+01,4.246057820282426598e-08,6.638865721434532574e+00,3.983319432860716880e+00
8.298582151793161277e-01,7.370764136673198409e-09,1.000000000000000000e+01,6.506410548146418448e-08,8.298582151793164385e+00,4.979149291075897210e+00
9.958298582151794420e-01,1.255721451350808118e-08,1.000000000000000355e+01,9.298067437184754249e-08,9.958298582151801526e+00,5.974979149291081093e+00
1.000000000000000000e+00,1.272369004698192395e-08,1.000000000000000000e+01,9.376021248092627756e-08,1.000000000000000711e+01,6.000000000000004441e+00
1.161801501251042534e+00,2.109041405676879519e-08,1.000000000000000355e+01,1.275626792325337472e-07,1.161801501251043156e+01,6.970809007506259647e+00
1.327773144286905849e+00,3.512997608566644054e-08,1.000000000000000178e+01,1.713526854464198290e-07,1.327773144286906160e+01,7.966638865721440865e+00
1.493744787322769163e+00,5.822908320372331021e-08,1.000000000000000000e+01,2.288028774100475029e-07,1.493744787322769163e+01,8.962468723936623860e+00
1.659716430358632255e+00,9.623373725673818659e-08,1.000000000000000355e+01,3.074661813071738546e-07,1.659716430358631811e+01,9.958298582151805078e+00
1.825688073394495570e+00,1.587622797499162345e-07,1.000000000000000000e+01,4.199622911681393841e-07,1.825688073394493927e+01,1.095412844036698097e+01
1.991659716430358884e+00,2.616396169103730013e-07,1.000000000000000355e+01,5.872176668067472038e-07,1.991659716430356752e+01,1.194995829858215863e+01
2.157631359466221976e+00,4.309021897457418624e-07,1.000000000000000355e+01,8.438007543938753571e-07,2.157631359466220289e+01,1.294578815679733808e+01
2.323603002502085069e+00,7.093872206789325376e-07,1.000000000000000178e+01,1.246703726241633754e-06,2.323603002502083115e+01,1.394161801501251752e+01
2.489574645537948605e+00,1.167573702761149895e-06,1.000000000000000355e+01,1.889794060181040316e-06,2.489574645537947717e+01,1.493744787322769696e+01
2.655546288573811697e+00,1.921418361525968437e-06,1.000000000000000178e+01,2.927593894477639989e-06,2.655546288573810543e+01,1.593327773144287818e+01
2.821517931609674790e+00,3.161699368936751080e-06,9.999999999999998224e+00,4.614405174695047022e-06,2.821517931609673724e+01,1.692910758965805584e+01
2.987489574645538326e+00,5.202290943575589393e-06,1.000000000000000000e+01,7.368680898835482190e-06,2.987489574645538326e+01,1.792493744787323706e+01
3.153461217681401418e+00,8.559577467230653706e-06,1.000000000000000000e+01,1.187892832344129340e-05,3.153461217681402218e+01,1.892076730608840407e+01
3.319432860717264511e+00,1.408308148631839870e-05,9.999999999999998224e+00,1.927793087321857704e-05,3.319432860717265754e+01,1.991659716430358174e+01
3.485404503753128047e+00,2.317030032052898753e-05,1.000000000000000178e+01,3.142933841902857938e-05,3.485404503753127869e+01,2.091242702251876651e+01
3.651376146788991139e+00,3.811994675748958417e-05,1.000000000000000000e+01,5.139904007280006584e-05,3.651376146788989985e+01,2.190825688073394062e+01
3.817347789824854232e+00,6.271251665443592738e-05,9.999999999999996447e+00,8.423029862798261068e-05,3.817347789824854942e+01,2.290408673894911118e+01
3.983319432860717768e+00,1.031638264606290199e-04,1.000000000000000000e+01,1.382179606910850821e-04,3.983319432860721321e+01,2.389991659716429595e+01
4.149291075896580416e+00,1.696893605197814217e-04,9.999999999999998224e+00,2.270018984723257854e-04,4.149291075896582726e+01,2.489574645537947006e+01
4.315262718932443953e+00,2.790659269374873774e-04,9.999999999999998224e+00,3.730032124843577520e-04,4.315262718932445551e+01,2.589157631359464773e+01
4.481234361968307489e+00,4.588135534438432983e-04,9.999999999999998224e+00,6.130558664279709725e-04,4.481234361968309798e+01,2.688740617180982895e+01
4.647206005004170137e+00,7.539877114747648617e-04,9.999999999999998224e+00,1.007613266577034837e-03,4.647206005004171914e+01,2.788323603002500306e+01
4.813177648040033674e+00,1.238117920122014338e-03,1.000000000000000000e+01,1.655736784532338066e-03,4.813177648040036161e+01,2.887906588824018428e+01
4.979149291075897210e+00,2.030574172734611604e-03,1.000000000000000000e+01,2.719330235778035822e-03,4.979149291075901118e+01,2.987489574645536550e+01
5.145120934111759858e+00,3.323474439426031893e-03,9.999999999999998224e+00,4.461878464483557370e-03,5.145120934111763944e+01,3.087072560467053961e+01
5.311092577147623395e+00,5.421629091189529744e-03,1.000000000000000533e+01,7.309195857626237490e-03,5.311092577147626770e+01,3.186655546288572438e+01
5.477064220183486931e+00,8.797318946918958327e-03,1.000000000000000000e+01,1.194164086473269680e-02,5.477064220183489596e+01,3.286238532110091626e+01
5.643035863219349579e+00,1.415395090753446966e-02,9.999999999999996447e+00,1.942637668762381767e-02,5.643035863219353843e+01,3.385821517931608327e+01
5.809007506255213116e+00,2.247138094838992128e-02,9.999999999999998224e+00,3.138825273965121371e-02,5.809007506255218090e+01,3.485404503753125027e+01
5.974979149291076652e+00,3.496341710651613977e-02,9.999999999999996447e+00,5.018698607531729694e-02,5.974979149291081626e+01,3.584987489574643860e+01
6.140950792326939300e+00,5.282755290761066702e-02,9.999999999999989342e+00,7.900464458969677639e-02,6.140950792326943741e+01,3.684570475396161271e+01
6.306922435362802837e+00,7.668718505836660815e-02,9.999999999999994671e+00,1.216667635523408647e-01,6.306922435362805857e+01,3.784153461217677972e+01
6.472894078398666373e+00,1.058614971354875645e-01,1.000000000000003730e+01,1.820172291497026418e-01,6.472894078398670104e+01,3.883736447039195383e+01
6.638865721434529021e+00,1.380101445241313785e-01,1.000000000000014033e+01,2.628936972344763645e-01,6.638865721434532929e+01,3.983319432860712084e+01
6.804837364470392558e+00,1.697341269708290135e-01,1.000000000000026823e+01,3.651671291109908624e-01,6.804837364470395755e+01,4.082902418682231627e+01
6.970809007506256094e+00,1.979122119844988759e-01,1.000000000000022382e+01,4.874666044131001907e-01,6.970809007506260002e+01,4.182485404503750459e+01
7.136780650542118742e+00,2.207680101464254974e-01,1.000000000000018652e+01,6.267602842940058760e-01,7.136780650542127091e+01,4.282068390325268581e+01
7.302752293577982279e+00,2.380187142947541856e-01,1.000000000000016698e+01,7.793488653647947517e-01,7.302752293577991338e+01,4.381651376146788124e+01
7.468723936613845815e+00,2.503613449412674385e-01,1.000000000000016520e+01,9.417065548561137645e-01,7.468723936613857006e+01,4.481234361968305535e+01
7.634695579649708463e+00,2.588649497378203712e-01,1.000000000000016342e+01,1.110922831122578947e+00,7.634695579649721253e+01,4.580817347789821525e+01
7.800667222685572000e+00,2.645743560736646960e-01,1.000000000000017231e+01,1.284803740133502625e+00,7.800667222685585500e+01,4.680400333611339647e+01
7.966638865721435536e+00,2.683422379084204890e-01,1.000000000000018296e+01,1.461789641827529351e+00,7.966638865721451168e+01,4.779983319432857058e+01
8.132610508757299073e+00,2.708008223880944976e-01,1.000000000000017231e+01,1.640813082566326520e+00,8.132610508757313994e+01,4.879566305254375180e+01
8.298582151793160833e+00,2.723932941955425902e-01,1.000000000000010658e+01,1.821161146626416372e+00,8.298582151793176820e+01,4.979149291075891171e+01
8.464553794829024369e+00,2.734198635804049315e-01,1.000000000000002665e+01,2.002365151171448421e+00,8.464553794829041067e+01,5.078732276897408582e+01
8.630525437864887905e+00,2.740796021064569321e-01,9.999999999999946709e+00,2.184120081942329428e+00,8.630525437864903893e+01,5.178315262718926704e+01
8.796497080900751442e+00,2.745027569332153528e-01,9.999999999999879208e+00,2.366228723920637655e+00,8.796497080900766719e+01,5.277898248540444825e+01
8.962468723936614978e+00,2.747738247175529613e-01,9.999999999999866773e+00,2.548564092126188285e+00,8.962468723936630965e+01,5.377481234361962947e+01
9.128440366972478515e+00,2.749473269465868008e-01,9.999999999999891642e+00,2.731044639561328147e+00,9.128440366972495212e+01,5.477064220183481780e+01
9.294412010008340275e+00,2.750583229676166752e-01,9.999999999999856115e+00,2.913618087665301282e+00,9.294412010008358038e+01,5.576647206004998480e+01
9.460383653044203811e+00,2.751293078015957239e-01,9.999999999999872102e+00,3.096250958104709294e+00,9.460383653044222285e+01,5.676230191826516602e+01
9.626355296080067347e+00,2.751746948776548907e-01,9.999999999999895195e+00,3.278921826554796137e+00,9.626355296080086532e+01,5.775813177648034014e+01
9.792326939115930884e+00,2.752037110494622296e-01,9.999999999999914735e+00,3.461616988932278538e+00,9.792326939115950779e+01,5.875396163469552135e+01
9.958298582151794420e+00,2.752222596087530171e-01,9.999999999999932498e+00,3.644327681866476265e+00,9.958298582151812184e+01,5.974979149291070257e+01
1.012427022518765796e+01,2.752341161124026714e-01,9.999999999999946709e+00,3.827048302394578716e+00,1.012427022518767501e+02,6.074562135112589090e+01
1.029024186822351972e+01,2.752416946974666212e-01,9.999999999999962697e+00,4.009775268653798186e+00,1.029024186822353784e+02,6.174145120934105790e+01
1.045621351125938325e+01,2.752465387628698634e-01,9.999999999999971578e+00,4.192506291000906771e+00,1.045621351125940208e+02,6.273728106755623912e+01
1.062218515429524679e+01,2.752496349457109193e-01,9.999999999999980460e+00,4.375239905876794566e+00,1.062218515429526633e+02,6.373311092577141324e+01
1.078815679733111033e+01,2.752516139163883047e-01,9.999999999999980460e+00,4.557975177807743528e+00,1.078815679733113200e+02,6.472894078398658735e+01
1.095412844036697386e+01,2.752528787976272762e-01,9.999999999999943157e+00,4.740711508862702317e+00,1.095412844036699624e+02,6.572477064220176146e+01
1.112010008340283562e+01,2.752536872558240533e-01,9.999999999999959144e+00,4.923448516867401814e+00,1.112010008340285765e+02,6.672060050041693557e+01
1.128607172643869916e+01,2.752542039931319962e-01,9.999999999999962697e+00,5.106185957537128672e+00,1.128607172643872048e+02,6.771643035863212390e+01
1.145204336947456270e+01,2.752545342730975952e-01,9.999999999999939604e+00,5.288923674747722181e+00,1.145204336947458472e+02,6.871226021684729801e+01
1.161801501251042623e+01,2.752547453752650641e-01,9.999999999999939604e+00,5.471661568712790746e+00,1.161801501251044755e+02,6.970809007506247212e+01
1.178398665554628977e+01,2.752548803030085978e-01,9.999999999999948486e+00,5.654399575651868126e+00,1.178398665554631179e+02,7.070391993327766045e+01
1.194995829858215330e+01,2.752549665455218397e-01,9.999999999999959144e+00,5.837137654794637420e+00,1.194995829858217604e+02,7.169974979149284877e+01
1.211592994161801506e+01,2.752550216697016716e-01,9.999999999999953815e+00,6.019875780087142303e+00,1.211592994161803745e+02,7.269557964970800867e+01
1.228190158465387860e+01,2.752550569039651229e-01,9.999999999999959144e+00,6.202613934876385571e+00,1.228190158465390169e+02,7.369140950792321121e+01
1.244787322768974214e+01,2.752550794248261323e-01,9.999999999999960920e+00,6.385352108518912218e+00,1.244787322768976452e+02,7.468723936613837111e+01
1.261384487072560567e+01,2.752550938202011355e-01,9.999999999999968026e+00,6.568090294210513491e+00,1.261384487072563019e+02,7.568306922435354522e+01
1.277981651376146921e+01,2.752551030220115602e-01,9.999999999999973355e+00,6.750828487603026673e+00,1.277981651376149301e+02,7.667889908256873355e+01
1.294578815679733275e+01,2.752551089041131993e-01,9.999999999999976907e+00,6.933566685917521788e+00,1.294578815679735726e+02,7.767472894078390766e+01
1.311175979983319451e+01,2.752551126642876489e-01,9.999999999999978684e+00,7.116304887377746802e+00,1.311175979983322009e+02,7.867055879899908177e+01
1.327773144286905804e+01,2.752551150680009884e-01,9.999999999999982236e+00,7.299043090848616799e+00,1.327773144286908575e+02,7.966638865721427010e+01
1.344370308590492158e+01,2.752551166047702558e-01,9.999999999999985789e+00,7.481781295604280402e+00,1.344370308590495142e+02,8.066221851542945842e+01
1.360967472894078512e+01,2.752551175873761413e-01,9.999999999999987566e+00,7.664519501180990346e+00,1.360967472894081709e+02,8.165804837364464674e+01
1.377564637197664865e+01,2.752551182157074727e-01,9.999999999999989342e+00,7.847257707282410344e+00,1.377564637197667992e+02,8.265387823185982086e+01
1.394161801501251219e+01,2.752551186175610787e-01,9.999999999999991118e+00,8.029995913719110590e+00,1.394161801501254558e+02,8.364970809007499497e+01
1.410758965804837395e+01,2.752551188746091282e-01,9.999999999999992895e+00,8.212734120370051016e+00,1.410758965804840841e+02,8.464553794829015487e+01
1.427356130108423748e+01,2.752551190390707392e-01,9.999999999999992895e+00,8.395472327157865067e+00,1.427356130108427408e+02,8.564136780650535741e+01
1.443953294412010102e+01,2.752551191443349254e-01,9.999999999999992895e+00,8.578210534033100743e+00,1.443953294412013975e+02,8.663719766472053152e+01
1.460550458715596456e+01,2.752551192117365098e-01,9.999999999999992895e+00,8.760948740964170867e+00,1.460550458715600257e+02,8.763302752293571984e+01
1.477147623019182809e+01,2.752551192549169690e-01,9.999999999999992895e+00,8.943686947930890696e+00,1.477147623019186540e+02,8.862885738115090817e+01
1.493744787322769163e+01,2.752551192826045434e-01,9.999999999999992895e+00,9.126425154920362104e+00,1.493744787322773107e+02,8.962468723936608228e+01
1.510341951626355339e+01,2.752551193003748842e-01,9.999999999999996447e+00,9.309163361924342794e+00,1.510341951626359673e+02,9.062051709758125639e+01
1.526939115929941693e+01,2.752551193117933614e-01,9.999999999999998224e+00,9.491901568937581857e+00,1.526939115929945672e+02,9.161634695579643051e+01
1.543536280233528046e+01,2.752551193191447032e-01,9.999999999999996447e+00,9.674639775956713095e+00,1.543536280233531670e+02,9.261217681401160462e+01
1.560133444537114400e+01,2.752551193238880201e-01,9.999999999999998224e+00,9.857377982979594222e+00,1.560133444537117953e+02,9.360800667222677873e+01
1.576730608840700754e+01,2.752551193269569541e-01,9.999999999999998224e+00,1.004011619000485744e+01,1.576730608840704235e+02,9.460383653044196706e+01
1.593327773144287107e+01,2.752551193289499709e-01,1.000000000000000000e+01,1.022285439703163057e+01,1.593327773144290518e+02,9.559966638865715538e+01
1.609924937447873461e+01,2.752551193302507637e-01,1.000000000000000178e+01,1.040559260405935937e+01,1.609924937447876800e+02,9.659549624687232949e+01
1.626522101751459815e+01,2.752551193311050803e-01,9.999999999999998224e+00,1.058833081108768859e+01,1.626522101751462799e+02,9.759132610508751782e+01
1.643119266055045813e+01,2.752551193316701839e-01,1.000000000000000000e+01,1.077106901811639261e+01,1.643119266055048797e+02,9.858715596330267772e+01
1.659716430358632167e+01,2.752551193320476042e-01,1.000000000000000000e+01,1.095380722514533289e+01,1.659716430358635364e+02,9.958298582151786604e+01
1.676313594662218520e+01,2.752551193323025669e-01,1.000000000000000178e+01,1.113654543217441883e+01,1.676313594662221647e+02,1.005788156797330402e+02
1.692910758965804874e+01,2.752551193324772605e-01,1.000000000000000000e+01,1.131928363920359182e+01,1.692910758965807929e+02,1.015746455379482143e+02
1.709507923269391227e+01,2.752551193325988299e-01,1.000000000000000000e+01,1.150202184623281809e+01,1.709507923269394212e+02,1.025704753961634026e+02
1.726105087572977581e+01,2.752551193326847612e-01,1.000000000000000000e+01,1.168476005326207279e+01,1.726105087572980779e+02,1.035663052543785909e+02
1.742702251876563935e+01,2.752551193327467671e-01,1.000000000000000178e+01,1.186749826029134525e+01,1.742702251876567345e+02,1.045621351125937792e+02
1.759299416180150288e+01,2.752551193327923973e-01,1.000000000000000000e+01,1.205023646732062481e+01,1.759299416180153628e+02,1.055579649708089391e+02
1.775896580483736642e+01,2.752551193328266477e-01,9.999999999999998224e+00,1.223297467434990793e+01,1.775896580483740195e+02,1.065537948290241275e+02
1.792493744787322996e+01,2.752551193328527934e-01,9.999999999999998224e+00,1.241571288137919282e+01,1.792493744787326477e+02,1.075496246872393300e+02
1.809090909090909349e+01,2.752551193328731660e-01,1.000000000000000000e+01,1.259845108840847772e+01,1.809090909090913044e+02,1.085454545454545041e+02
1.825688073394495703e+01,2.752551193328892087e-01,1.000000000000000000e+01,1.278118929543775728e+01,1.825688073394499611e+02,1.095412844036696782e+02
1.842285237698081701e+01,2.752551193329020873e-01,1.000000000000000000e+01,1.296392750246703152e+01,1.842285237698085609e+02,1.105371142618848381e+02
1.858882402001668055e+01,2.752551193329125789e-01,1.000000000000000000e+01,1.314666570949630753e+01,1.858882402001671892e+02,1.115329441201000122e+02
1.875479566305254409e+01,2.752551193329211832e-01,1.000000000000000000e+01,1.332940391652558176e+01,1.875479566305258459e+02,1.125287739783152006e+02
1.892076730608840762e+01,2.752551193329282331e-01,1.000000000000000000e+01,1.351214212355485422e+01,1.892076730608844741e+02,1.135246038365303889e+02
1.908673894912427116e+01,2.752551193329341173e-01,1.000000000000000000e+01,1.369488033058412313e+01,1.908673894912431024e+02,1.145204336947455630e+02
1.925271059216013469e+01,2.752551193329389467e-01,1.000000000000000000e+01,1.387761853761339204e+01,1.925271059216017306e+02,1.155162635529607371e+02
1.941868223519599823e+01,2.752551193329429990e-01,1.000000000000000000e+01,1.406035674464265917e+01,1.941868223519603589e+02,1.165120934111759254e+02
1.958465387823186177e+01,2.752551193329463852e-01,1.000000000000000000e+01,1.424309495167192452e+01,1.958465387823189872e+02,1.175079232693911138e+02
1.975062552126772530e+01,2.752551193329492718e-01,1.000000000000000000e+01,1.442583315870118987e+01,1.975062552126776154e+02,1.185037531276063021e+02
1.991659716430358884e+01,2.752551193329516588e-01,9.999999999999996447e+00,1.460857136573045345e+01,1.991659716430362437e+02,1.194995829858214904e+02
2.008256880733945238e+01,2.752551193329537127e-01,9.999999999999998224e+00,1.479130957275971525e+01,2.008256880733948719e+02,1.204954128440366787e+02
2.024854045037531591e+01,2.752551193329554335e-01,9.999999999999998224e+00,1.497404777978897705e+01,2.024854045037535286e+02,1.214912427022518671e+02
2.041451209341117590e+01,2.752551193329568768e-01,1.000000000000000000e+01,1.515678598681823530e+01,2.041451209341121285e+02,1.224870725604670270e+02
2.058048373644703943e+01,2.752551193329581536e-01,9.999999999999998224e+00,1.533952419384749533e+01,2.058048373644707851e+02,1.234829024186822011e+02
2.074645537948290297e+01,2.752551193329592083e-01,9.999999999999996447e+00,1.552226240087675713e+01,2.074645537948294134e+02,1.244787322768973894e+02
2.091242702251876651e+01,2.752551193329600965e-01,9.999999999999998224e+00,1.570500060790601715e+01,2.091242702251880416e+02,1.254745621351125493e+02
2.107839866555463004e+01,2.752551193329608736e-01,9.999999999999998224e+00,1.588773881493527540e+01,2.107839866555466983e+02,1.264703919933277376e+02
2.124437030859049358e+01,2.752551193329614843e-01,1.000000000000000178e+01,1.607047702196453542e+01,2.124437030859053266e+02,1.274662218515429259e+02
2.141034195162635712e+01,2.752551193329620394e-01,1.000000000000000000e+01,1.625321522899379545e+01,2.141034195162639833e+02,1.284620517097581001e+02
2.157631359466222065e+01,2.752551193329624279e-01,1.000000000000000000e+01,1.643595343602305547e+01,2.157631359466226115e+02,1.294578815679733168e+02
2.174228523769808419e+01,2.752551193329628165e-01,1.000000000000000000e+01,1.661869164305231550e+01,2.174228523769812398e+02,1.304537114261884767e+02
2.190825688073394772e+01,2.752551193329632051e-01,1.000000000000000178e+01,1.680142985008157552e+01,2.190825688073398680e+02,1.314495412844036650e+02
2.207422852376981126e+01,2.752551193329634827e-01,1.000000000000000178e+01,1.698416805711083200e+01,2.207422852376984963e+02,1.324453711426188534e+02
2.224020016680567124e+01,2.752551193329637047e-01,1.000000000000000178e+01,1.716690626414008847e+01,2.224020016680570961e+02,1.334412010008340133e+02
2.240617180984153478e+01,2.752551193329639267e-01,1.000000000000000000e+01,1.734964447116934849e+01,2.240617180984157244e+02,1.344370308590492016e+02
2.257214345287739832e+01,2.752551193329640933e-01,1.000000000000000000e+01,1.753238267819860852e+01,2.257214345287743527e+02,1.354328607172643899e+02
2.273811509591326185e+01,2.752551193329642598e-01,1.000000000000000178e+01,1.771512088522786854e+01,2.273811509591329809e+02,1.364286905754795782e+02
2.290408673894912539e+01,2.752551193329643153e-01,1.000000000000000178e+01,1.789785909225712501e+01,2.290408673894916092e+02,1.374245204336947666e+02
2.307005838198498893e+01,2.752551193329644263e-01,1.000000000000000178e+01,1.808059729928638504e+01,2.307005838198502374e+02,1.384203502919099265e+02
2.323603002502085246e+01,2.752551193329644819e-01,1.000000000000000178e+01,1.826333550631564151e+01,2.323603002502088657e+02,1.394161801501251148e+02
2.340200166805671600e+01,2.752551193329645374e-01,1.000000000000000178e+01,1.844607371334489798e+01,2.340200166805675224e+02,1.404120100083403031e+02
2.356797331109257954e+01,2.752551193329646484e-01,1.000000000000000355e+01,1.862881192037415801e+01,2.356797331109261506e+02,1.414078398665554914e+02
2.373394495412844307e+01,2.752551193329647039e-01,1.000000000000000355e+01,1.881155012740341803e+01,2.373394495412847789e+02,1.424036697247706513e+02
2.389991659716430661e+01,2.752551193329647594e-01,1.000000000000000355e+01,1.899428833443267806e+01,2.389991659716434356e+02,1.433994995829858397e+02
2.406588824020017015e+01,2.752551193329647594e-01,1.000000000000000355e+01,1.917702654146193808e+01,2.406588824020020638e+02,1.443953294412010280e+02
2.423185988323603013e+01,2.752551193329648149e-01,1.000000000000000355e+01,1.935976474849119100e+01,2.423185988323606637e+02,1.453911592994161879e+02
2.439783152627189367e+01,2.752551193329648704e-01,1.000000000000000178e+01,1.954250295552045102e+01,2.439783152627192919e+02,1.463869891576313762e+02
2.456380316930775720e+01,2.752551193329648704e-01,1.000000000000000178e+01,1.972524116254970750e+01,2.456380316930779486e+02,1.473828190158465361e+02
2.472977481234362074e+01,2.752551193329649259e-01,1.000000000000000178e+01,1.990797936957896397e+01,2.472977481234365769e+02,1.483786488740617244e+02
2.489574645537948427e+01,2.752551193329649259e-01,1.000000000000000000e+01,2.009071757660822044e+01,2.489574645537952335e+02,1.493744787322768843e+02
2.506171809841534781e+01,2.752551193329649259e-01,1.000000000000000000e+01,2.027345578363748047e+01,2.506171809841538618e+02,1.503703085904920727e+02
2.522768974145121135e+01,2.752551193329649259e-01,9.999999999999998224e+00,2.045619399066673694e+01,2.522768974145124901e+02,1.513661384487072610e+02
2.539366138448707488e+01,2.752551193329649259e-01,9.999999999999998224e+00,2.063893219769599696e+01,2.539366138448711467e+02,1.523619683069224209e+02
2.555963302752293842e+01,2.752551193329649259e-01,9.999999999999998224e+00,2.082167040472525699e+01,2.555963302752297750e+02,1.533577981651376092e+02
2.572560467055880196e+01,2.752551193329649259e-01,9.999999999999998224e+00,2.100440861175451701e+01,2.572560467055884033e+02,1.543536280233527975e+02
2.589157631359466549e+01,2.752551193329649259e-01,9.999999999999998224e+00,2.118714681878377704e+01,2.589157631359470315e+02,1.553494578815679574e+02
2.605754795663052903e+01,2.752551193329649259e-01,9.999999999999998224e+00,2.136988502581303351e+01,2.605754795663057166e+02,1.563452877397831458e+02
2.622351959966638901e+01,2.752551193329649259e-01,9.999999999999998224e+00,2.155262323284228643e+01,2.622351959966642880e+02,1.573411175979983057e+02
2.638949124270225255e+01,2.752551193329649259e-01,9.999999999999998224e+00,2.173536143987154645e+01,2.638949124270229163e+02,1.583369474562134940e+02
2.655546288573811609e+01,2.752551193329649259e-01,9.999999999999998224e+00,2.191809964690080648e+01,2.655546288573815445e+02,1.593327773144286823e+02
2.672143452877397962e+01,2.752551193329649815e-01,9.999999999999998224e+00,2.210083785393006295e+01,2.672143452877401728e+02,1.603286071726438422e+02
2.688740617180984316e+01,2.752551193329649815e-01,9.999999999999998224e+00,2.228357606095932297e+01,2.688740617180988011e+02,1.613244370308590590e+02
2.705337781484570669e+01,2.752551193329649815e-01,9.999999999999998224e+00,2.246631426798857945e+01,2.705337781484574293e+02,1.623202668890742189e+02
2.721934945788157023e+01,2.752551193329649815e-01,9.999999999999998224e+00,2.264905247501783947e+01,2.721934945788161144e+02,1.633160967472894072e+02
2.738532110091743377e+01,2.752551193329649815e-01,9.999999999999998224e+00,2.283179068204709594e+01,2.738532110091747427e+02,1.643119266055045955e+02
2.755129274395329730e+01,2.752551193329649815e-01,9.999999999999998224e+00,2.301452888907635597e+01,2.755129274395333709e+02,1.653077564637197838e+02
2.771726438698916084e+01,2.752551193329649815e-01,9.999999999999998224e+00,2.319726709610561244e+01,2.771726438698919992e+02,1.663035863219349721e+02
2.788323603002502438e+01,2.752551193329649815e-01,9.999999999999998224e+00,2.338000530313487246e+01,2.788323603002506275e+02,1.672994161801501320e+02
2.804920767306088436e+01,2.752551193329649815e-01,9.999999999999998224e+00,2.356274351016412538e+01,2.804920767306091989e+02,1.682952460383652920e+02
2.821517931609674790e+01,2.752551193329649815e-01,9.999999999999998224e+00,2.374548171719338541e+01,2.821517931609678271e+02,1.692910758965804803e+02
2.838115095913261143e+01,2.752551193329649815e-01,1.000000000000000000e+01,2.392821992422264188e+01,2.838115095913265122e+02,1.702869057547956686e+02
2.854712260216847497e+01,2.752551193329649815e-01,1.000000000000000000e+01,2.411095813125190190e+01,2.854712260216851405e+02,1.712827356130108569e+02
2.871309424520433851e+01,2.752551193329649815e-01,1.000000000000000000e+01,2.429369633828115838e+01,2.871309424520437688e+02,1.722785654712260452e+02
2.887906588824020204e+01,2.752551193329649815e-01,1.000000000000000000e+01,2.447643454531041485e+01,2.887906588824023970e+02,1.732743953294412051e+02
2.904503753127606558e+01,2.752551193329649815e-01,9.999999999999998224e+00,2.465917275233967487e+01,2.904503753127610253e+02,1.742702251876563935e+02
2.921100917431192912e+01,2.752551193329650370e-01,9.999999999999998224e+00,2.484191095936893490e+01,2.921100917431196535e+02,1.752660550458715818e+02
2.937698081734779265e+01,2.752551193329650370e-01,9.999999999999998224e+00,2.502464916639819137e+01,2.937698081734782818e+02,1.762618849040867701e+02
2.954295246038365619e+01,2.752551193329650370e-01,9.999999999999998224e+00,2.520738737342744784e+01,2.954295246038369100e+02,1.772577147623019584e+02
2.970892410341951972e+01,2.752551193329650370e-01,9.999999999999998224e+00,2.539012558045670787e+01,2.970892410341955383e+02,1.782535446205171183e+02
2.987489574645538326e+01,2.752551193329650370e-01,9.999999999999998224e+00,2.557286378748596789e+01,2.987489574645541666e+02,1.792493744787323067e+02
3.004086738949124324e+01,2.752551193329650370e-01,9.999999999999998224e+00,2.575560199451522081e+01,3.004086738949127948e+02,1.802452043369474666e+02
3.020683903252710678e+01,2.752551193329650370e-01,9.999999999999998224e+00,2.593834020154448083e+01,3.020683903252714231e+02,1.812410341951626549e+02
3.037281067556297032e+01,2.752551193329650370e-01,9.999999999999998224e+00,2.612107840857373731e+01,3.037281067556300513e+02,1.822368640533778148e+02
3.053878231859883385e+01,2.752551193329650370e-01,9.999999999999998224e+00,2.630381661560299733e+01,3.053878231859886796e+02,1.832326939115930031e+02
3.070475396163469739e+01,2.752551193329650370e-01,9.999999999999998224e+00,2.648655482263225380e+01,3.070475396163473079e+02,1.842285237698081914e+02
3.087072560467056093e+01,2.752551193329650370e-01,9.999999999999998224e+00,2.666929302966151383e+01,3.087072560467059361e+02,1.852243536280233798e+02
3.103669724770642446e+01,2.752551193329650370e-01,1.000000000000000000e+01,2.685203123669077385e+01,3.103669724770645644e+02,1.862201834862385681e+02
3.120266889074228800e+01,2.752551193329649815e-01,1.000000000000000000e+01,2.703476944372003032e+01,3.120266889074231926e+02,1.872160133444537280e+02
3.136864053377815154e+01,2.752551193329649815e-01,1.000000000000000000e+01,2.721750765074929035e+01,3.136864053377818209e+02,1.882118432026689163e+02
3.153461217681401507e+01,2.752551193329649259e-01,1.000000000000000000e+01,2.740024585777854682e+01,3.153461217681404491e+02,1.892076730608840762e+02
3.170058381984987861e+01,2.752551193329649259e-01,1.000000000000000000e+01,2.758298406480780685e+01,3.170058381984990774e+02,1.902035029190992645e+02
3.186655546288574214e+01,2.752551193329649259e-01,1.000000000000000000e+01,2.776572227183706332e+01,3.186655546288577625e+02,1.911993327773144529e+02
3.203252710592160213e+01,2.752551193329649259e-01,1.000000000000000000e+01,2.794846047886631979e+01,3.203252710592163339e+02,1.921951626355296128e+02
3.219849874895746922e+01,2.752551193329649259e-01,1.000000000000000000e+01,2.813119868589558337e+01,3.219849874895750190e+02,1.931909924937448295e+02
3.236447039199332920e+01,2.752551193329649259e-01,1.000000000000000000e+01,2.831393689292483629e+01,3.236447039199335904e+02,1.941868223519599610e+02
3.253044203502919629e+01,2.752551193329649259e-01,1.000000000000000000e+01,2.849667509995409631e+01,3.253044203502922755e+02,1.951826522101751777e+02
3.269641367806505627e+01,2.752551193329649259e-01,1.000000000000000000e+01,2.867941330698335278e+01,3.269641367806509038e+02,1.961784820683903376e+02
3.286238532110091626e+01,2.752551193329649259e-01,9.999999999999998224e+00,2.886215151401260570e+01,3.286238532110094752e+02,1.971743119266054975e+02
3.302835696413678335e+01,2.752551193329649259e-01,9.999999999999998224e+00,2.904488972104186573e+01,3.302835696413681603e+02,1.981701417848207143e+02
3.319432860717264333e+01,2.752551193329649259e-01,9.999999999999998224e+00,2.922762792807112220e+01,3.319432860717267317e+02,1.991659716430358742e+02
3.336030025020851042e+01,2.752551193329649815e-01,9.999999999999998224e+00,2.941036613510038222e+01,3.336030025020854168e+02,2.001618015012510625e+02
3.352627189324437040e+01,2.752551193329649815e-01,9.999999999999998224e+00,2.959310434212963870e+01,3.352627189324440451e+02,2.011576313594662224e+02
3.369224353628023749e+01,2.752551193329649815e-01,9.999999999999998224e+00,2.977584254915890227e+01,3.369224353628026734e+02,2.021534612176814107e+02
3.385821517931609748e+01,2.752551193329649815e-01,9.999999999999998224e+00,2.995858075618815519e+01,3.385821517931613016e+02,2.031492910758965991e+02
3.402418682235196457e+01,2.752551193329649815e-01,9.999999999999998224e+00,3.014131896321741877e+01,3.402418682235199299e+02,2.041451209341117874e+02
3.419015846538782455e+01,2.752551193329649815e-01,9.999999999999998224e+00,3.032405717024667169e+01,3.419015846538785581e+02,2.051409507923269473e+02
3.435613010842369164e+01,2.752551193329649815e-01,9.999999999999998224e+00,3.050679537727593527e+01,3.435613010842372432e+02,2.061367806505421356e+02
3.452210175145955162e+01,2.752551193329649259e-01,1.000000000000000000e+01,3.068953358430518819e+01,3.452210175145958146e+02,2.071326105087572955e+02
3.468807339449541871e+01,2.752551193329649259e-01,1.000000000000000000e+01,3.087227179133445176e+01,3.468807339449544997e+02,2.081284403669725123e+02
3.485404503753127869e+01,2.752551193329649259e-01,1.000000000000000000e+01,3.105500999836370468e+01,3.485404503753130712e+02,2.091242702251876722e+02
3.502001668056713868e+01,2.752551193329649259e-01,1.000000000000000000e+01,3.123774820539296115e+01,3.502001668056716994e+02,2.101201000834028321e+02
3.518598832360300577e+01,2.752551193329649259e-01,1.000000000000000000e+01,3.142048641242222118e+01,3.518598832360303845e+02,2.111159299416180204e+02
3.535195996663886575e+01,2.752551193329649259e-01,1.000000000000000000e+01,3.160322461945147765e+01,3.535195996663889559e+02,2.121117597998331803e+02
3.551793160967473284e+01,2.752551193329649259e-01,1.000000000000000000e+01,3.178596282648074123e+01,3.551793160967476410e+02,2.131075896580483970e+02
3.568390325271059282e+01,2.752551193329649259e-01,1.000000000000000000e+01,3.196870103350999415e+01,3.568390325271062125e+02,2.141034195162635569e+02
3.584987489574645991e+01,2.752551193329649259e-01,1.000000000000000000e+01,3.215143924053925417e+01,3.584987489574649544e+02,2.150992493744787453e+02
3.601584653878231990e+01,2.752551193329649259e-01,1.000000000000000000e+01,3.233417744756850709e+01,3.601584653878235258e+02,2.160950792326939336e+02
3.618181818181818699e+01,2.752551193329649259e-01,1.000000000000000000e+01,3.251691565459776712e+01,3.618181818181822109e+02,2.170909090909091219e+02
3.634778982485404697e+01,2.752551193329648704e-01,9.999999999999998224e+00,3.269965386162702714e+01,3.634778982485407823e+02,2.180867389491242818e+02
3.651376146788991406e+01,2.752551193329648704e-01,9.999999999999998224e+00,3.288239206865628717e+01,3.651376146788994674e+02,2.190825688073394986e+02
3.667973311092577404e+01,2.752551193329648704e-01,9.999999999999998224e+00,3.306513027568554008e+01,3.667973311092580957e+02,2.200783986655546585e+02
3.684570475396163403e+01,2.752551193329648149e-01,1.000000000000000000e+01,3.324786848271479300e+01,3.684570475396166671e+02,2.210742285237698184e+02
3.701167639699750112e+01,2.752551193329648149e-01,1.000000000000000000e+01,3.343060668974406013e+01,3.701167639699753522e+02,2.220700583819850067e+02
3.717764804003336110e+01,2.752551193329648149e-01,1.000000000000000000e+01,3.361334489677331305e+01,3.717764804003339805e+02,2.230658882402001666e+02
3.734361968306922819e+01,2.752551193329648149e-01,1.000000000000000000e+01,3.379608310380257308e+01,3.734361968306926087e+02,2.240617180984153833e+02
3.750959132610508817e+01,2.752551193329648149e-01,1.000000000000000000e+01,3.397882131083183310e+01,3.750959132610512370e+02,2.250575479566305432e+02
3.767556296914095526e+01,2.752551193329648149e-01,1.000000000000000000e+01,3.416155951786109313e+01,3.767556296914099221e+02,2.260533778148457316e+02
3.784153461217681524e+01,2.752551193329648149e-01,1.000000000000000000e+01,3.434429772489034605e+01,3.784153461217684935e+02,2.270492076730608915e+02
3.800750625521268233e+01,2.752551193329648149e-01,1.000000000000000000e+01,3.452703593191961318e+01,3.800750625521271786e+02,2.280450375312761082e+02
3.817347789824854232e+01,2.752551193329648149e-01,1.000000000000000000e+01,3.470977413894886610e+01,3.817347789824857500e+02,2.290408673894912681e+02
3.833944954128440941e+01,2.752551193329648149e-01,1.000000000000000000e+01,3.489251234597812612e+01,3.833944954128444351e+02,2.300366972477064564e+02
3.850542118432026939e+01,2.752551193329648149e-01,1.000000000000000000e+01,3.507525055300737904e+01,3.850542118432030634e+02,2.310325271059216448e+02
3.867139282735612937e+01,2.752551193329648704e-01,1.000000000000000000e+01,3.525798876003663906e+01,3.867139282735616348e+02,2.320283569641368047e+02
3.883736447039199646e+01,2.752551193329648704e-01,9.999999999999998224e+00,3.544072696706589909e+01,3.883736447039203199e+02,2.330241868223519930e+02
3.900333611342785645e+01,2.752551193329648704e-01,9.999999999999998224e+00,3.562346517409515201e+01,3.900333611342789482e+02,2.340200166805671529e+02
3.916930775646372354e+01,2.752551193329649259e-01,9.999999999999998224e+00,3.580620338112441914e+01,3.916930775646375764e+02,2.350158465387823696e+02
3.933527939949958352e+01,2.752551193329649815e-01,9.999999999999998224e+00,3.598894158815367206e+01,3.933527939949962047e+02,2.360116763969975295e+02
3.950125104253545061e+01,2.752551193329649815e-01,9.999999999999998224e+00,3.617167979518293208e+01,3.950125104253548329e+02,2.370075062552126894e+02
3.966722268557131059e+01,2.752551193329649815e-01,9.999999999999998224e+00,3.635441800221218500e+01,3.966722268557134612e+02,2.380033361134278493e+02
3.983319432860717768e+01,2.752551193329649815e-01,9.999999999999998224e+00,3.653715620924144503e+01,3.983319432860720894e+02,2.389991659716430661e+02
3.999916597164303766e+01,2.752551193329649815e-01,9.999999999999998224e+00,3.671989441627070505e+01,3.999916597164307177e+02,2.399949958298582260e+02
4.016513761467890475e+01,2.752551193329649815e-01,9.999999999999998224e+00,3.690263262329996508e+01,4.016513761467894028e+02,2.409908256880734143e+02
4.033110925771476474e+01,2.752551193329649815e-01,9.999999999999998224e+00,3.708537083032921799e+01,4.033110925771479742e+02,2.419866555462886026e+02
4.049708090075063183e+01,2.752551193329649815e-01,9.999999999999998224e+00,3.726810903735848512e+01,4.049708090075066593e+02,2.429824854045037910e+02
4.066305254378649181e+01,2.752551193329649815e-01,9.999999999999998224e+00,3.745084724438773804e+01,4.066305254378652307e+02,2.439783152627189509e+02
4.082902418682235179e+01,2.752551193329649815e-01,9.999999999999998224e+00,3.763358545141699096e+01,4.082902418682238590e+02,2.449741451209341108e+02
4.099499582985821888e+01,2.752551193329649815e-01,9.999999999999998224e+00,3.781632365844625099e+01,4.099499582985825441e+02,2.459699749791493275e+02
4.116096747289407887e+01,2.752551193329649815e-01,9.999999999999998224e+00,3.799906186547551101e+01,4.116096747289411155e+02,2.469658048373644874e+02
4.132693911592994596e+01,2.752551193329649815e-01,9.999999999999998224e+00,3.818180007250477104e+01,4.132693911592998006e+02,2.479616346955796757e+02
4.149291075896580594e+01,2.752551193329649815e-01,9.999999999999998224e+00,3.836453827953402396e+01,4.149291075896584289e+02,2.489574645537948356e+02
4.165888240200167303e+01,2.752551193329649815e-01,9.999999999999998224e+00,3.854727648656329109e+01,4.165888240200170571e+02,2.499532944120100524e+02
4.182485404503753301e+01,2.752551193329649815e-01,9.999999999999998224e+00,3.873001469359254401e+01,4.182485404503756854e+02,2.509491242702252123e+02
4.199082568807340010e+01,2.752551193329649815e-01,1.000000000000000000e+01,3.891275290062180403e+01,4.199082568807343705e+02,2.519449541284404006e+02
4.215679733110926009e+01,2.752551193329649815e-01,1.000000000000000000e+01,3.909549110765105695e+01,4.215679733110929419e+02,2.529407839866555605e+02
4.232276897414512717e+01,2.752551193329649815e-01,1.000000000000000000e+01,3.927822931468032408e+01,4.232276897414516270e+02,2.539366138448707773e+02
4.248874061718098716e+01,2.752551193329649815e-01,1.000000000000000000e+01,3.946096752170957700e+01,4.248874061718101984e+02,2.549324437030859372e+02
4.265471226021684714e+01,2.752551193329649815e-01,1.000000000000000000e+01,3.964370572873882992e+01,4.265471226021688267e+02,2.559282735613010971e+02
4.282068390325271423e+01,2.752551193329649815e-01,1.000000000000000000e+01,3.982644393576808994e+01,4.282068390325275118e+02,2.569241034195163138e+02
4.298665554628857421e+01,2.752551193329649815e-01,1.000000000000000000e+01,4.000918214279734997e+01,4.298665554628860832e+02,2.579199332777314453e+02
4.315262718932444130e+01,2.752551193329649815e-01,1.000000000000000000e+01,4.019192034982660999e+01,4.315262718932447115e+02,2.589157631359466905e+02
4.331859883236030129e+01,2.752551193329649815e-01,1.000000000000000000e+01,4.037465855685586291e+01,4.331859883236033397e+02,2.599115929941618219e+02
4.348457047539616838e+01,2.752551193329649815e-01,1.000000000000000000e+01,4.055739676388512294e+01,4.348457047539620248e+02,2.609074228523770103e+02
4.365054211843202836e+01,2.752551193329649815e-01,1.000000000000000000e+01,4.074013497091438296e+01,4.365054211843205962e+02,2.619032527105921986e+02
4.381651376146789545e+01,2.752551193329649815e-01,1.000000000000000000e+01,4.092287317794364299e+01,4.381651376146792813e+02,2.628990825688073869e+02
4.398248540450375543e+01,2.752551193329649815e-01,1.000000000000000000e+01,4.110561138497289591e+01,4.398248540450379096e+02,2.638949124270225184e+02
4.414845704753962252e+01,2.752551193329649815e-01,9.999999999999998224e+00,4.128834959200216304e+01,4.414845704753965379e+02,2.648907422852377636e+02
4.431442869057548251e+01,2.752551193329649815e-01,9.999999999999998224e+00,4.147108779903141595e+01,4.431442869057551661e+02,2.658865721434528950e+02
4.448040033361134249e+01,2.752551193329649815e-01,9.999999999999998224e+00,4.165382600606066887e+01,4.448040033361137375e+02,2.668824020016680834e+02
4.464637197664720958e+01,2.752551193329649815e-01,9.999999999999998224e+00,4.183656421308992890e+01,4.464637197664724226e+02,2.678782318598832717e+02
4.481234361968306956e+01,2.752551193329649815e-01,9.999999999999998224e+00,4.201930242011918892e+01,4.481234361968310509e+02,2.688740617180984600e+02
4.497831526271893665e+01,2.752551193329649815e-01,9.999999999999998224e+00,4.220204062714844895e+01,4.497831526271896792e+02,2.698698915763136483e+02
4.514428690575479663e+01,2.752551193329649815e-01,9.999999999999998224e+00,4.238477883417770187e+01,4.514428690575483074e+02,2.708657214345287798e+02
4.531025854879066372e+01,2.752551193329649815e-01,9.999999999999998224e+00,4.256751704120696189e+01,4.531025854879069925e+02,2.718615512927440250e+02
4.547623019182652371e+01,2.752551193329649815e-01,9.999999999999998224e+00,4.275025524823622192e+01,4.547623019182655639e+02,2.728573811509591565e+02
4.564220183486239080e+01,2.752551193329649815e-01,9.999999999999998224e+00,4.293299345526548194e+01,4.564220183486242490e+02,2.738532110091743448e+02
4.580817347789825078e+01,2.752551193329649815e-01,9.999999999999998224e+00,4.311573166229473486e+01,4.580817347789828204e+02,2.748490408673895331e+02
4.597414512093411787e+01,2.752551193329649815e-01,9.999999999999998224e+00,4.329846986932399489e+01,4.597414512093415055e+02,2.758448707256047214e+02
4.614011676396997785e+01,2.752551193329649815e-01,9.999999999999998224e+00,4.348120807635325491e+01,4.614011676397001338e+02,2.768407005838199098e+02
4.630608840700584494e+01,2.752551193329649815e-01,9.999999999999998224e+00,4.366394628338251493e+01,4.630608840700587621e+02,2.778365304420350981e+02
4.647206005004170493e+01,2.752551193329649815e-01,9.999999999999998224e+00,4.384668449041176785e+01,4.647206005004173903e+02,2.788323603002502296e+02
4.663803169307756491e+01,2.752551193329649815e-01,9.999999999999998224e+00,4.402942269744102077e+01,4.663803169307759617e+02,2.798281901584654179e+02
4.680400333611343200e+01,2.752551193329649815e-01,9.999999999999998224e+00,4.421216090447028790e+01,4.680400333611346468e+02,2.808240200166806062e+02
4.696997497914929198e+01,2.752551193329649815e-01,9.999999999999998224e+00,4.439489911149954082e+01,4.696997497914932183e+02,2.818198498748957945e+02
4.713594662218515907e+01,2.752551193329649815e-01,9.999999999999998224e+00,4.457763731852880085e+01,4.713594662218519034e+02,2.828156797331109829e+02
4.730191826522101906e+01,2.752551193329649815e-01,9.999999999999998224e+00,4.476037552555806087e+01,4.730191826522104748e+02,2.838115095913261712e+02
4.746788990825688614e+01,2.752551193329649815e-01,9.999999999999998224e+00,4.494311373258732090e+01,4.746788990825691599e+02,2.848073394495413595e+02
4.763386155129274613e+01,2.752551193329649815e-01,9.999999999999998224e+00,4.512585193961657382e+01,4.763386155129277881e+02,2.858031693077564910e+02
4.779983319432861322e+01,2.752551193329649815e-01,9.999999999999998224e+00,4.530859014664584095e+01,4.779983319432864732e+02,2.867989991659717361e+02
4.796580483736447320e+01,2.752551193329649815e-01,9.999999999999998224e+00,4.549132835367509387e+01,4.796580483736450446e+02,2.877948290241868676e+02
4.813177648040034029e+01,2.752551193329649815e-01,9.999999999999998224e+00,4.567406656070435389e+01,4.813177648040037298e+02,2.887906588824020560e+02
4.829774812343620027e+01,2.752551193329649815e-01,9.999999999999998224e+00,4.585680476773360681e+01,4.829774812343623012e+02,2.897864887406172443e+02
4.846371976647206026e+01,2.752551193329649815e-01,9.999999999999998224e+00,4.603954297476285973e+01,4.846371976647209294e+02,2.907823185988323758e+02
4.862969140950792735e+01,2.752551193329649815e-01,9.999999999999998224e+00,4.622228118179212686e+01,4.862969140950796145e+02,2.917781484570476209e+02
4.879566305254378733e+01,2.752551193329649815e-01,9.999999999999998224e+00,4.640501938882137978e+01,4.879566305254381859e+02,2.927739783152627524e+02
4.896163469557965442e+01,2.752551193329649815e-01,1.000000000000000000e+01,4.658775759585063980e+01,4.896163469557968710e+02,2.937698081734779407e+02
4.912760633861551440e+01,2.752551193329649815e-01,1.000000000000000000e+01,4.677049580287989272e+01,4.912760633861554425e+02,2.947656380316931291e+02
4.929357798165138149e+01,2.752551193329649815e-01,1.000000000000000000e+01,4.695323400990915985e+01,4.929357798165141276e+02,2.957614678899083174e+02
4.945954962468724148e+01,2.752551193329649815e-01,1.000000000000000000e+01,4.713597221693841277e+01,4.945954962468726990e+02,2.967572977481235057e+02
4.962552126772310856e+01,2.752551193329649815e-01,1.000000000000000000e+01,4.731871042396767280e+01,4.962552126772313841e+02,2.977531276063386940e+02
4.979149291075896855e+01,2.752551193329649815e-01,1.000000000000000000e+01,4.750144863099692571e+01,4.979149291075900123e+02,2.987489574645538255e+02
4.995746455379483564e+01,2.752551193329649815e-01,1.000000000000000000e+01,4.768418683802619285e+01,4.995746455379486406e+02,2.997447873227690707e+02
5.012343619683069562e+01,2.752551193329649815e-01,1.000000000000000000e+01,4.786692504505544576e+01,5.012343619683072689e+02,3.007406171809842022e+02
5.028940783986655561e+01,2.752551193329649815e-01,1.000000000000000000e+01,4.804966325208469868e+01,5.028940783986658403e+02,3.017364470391993336e+02
5.045537948290242269e+01,2.752551193329649815e-01,1.000000000000000000e+01,4.823240145911397292e+01,5.045537948290245822e+02,3.027322768974145220e+02
5.062135112593828268e+01,2.752551193329649815e-01,1.000000000000000000e+01,4.841513966614322584e+01,5.062135112593831536e+02,3.037281067556297103e+02
5.078732276897414977e+01,2.752551193329649815e-01,1.000000000000000000e+01,4.859787787317248586e+01,5.078732276897418387e+02,3.047239366138448986e+02
5.095329441201000975e+01,2.752551193329649815e-01,1.000000000000000000e+01,4.878061608020173878e+01,5.095329441201004101e+02,3.057197664720600869e+02
5.111926605504587684e+01,2.752551193329649815e-01,1.000000000000000000e+01,4.896335428723099881e+01,5.111926605504590952e+02,3.067155963302752752e+02
5.128523769808173682e+01,2.752551193329649815e-01,1.000000000000000000e+01,4.914609249426025883e+01,5.128523769808176667e+02,3.077114261884904067e+02
5.145120934111760391e+01,2.752551193329649815e-01,1.000000000000000000e+01,4.932883070128951886e+01,5.145120934111763518e+02,3.087072560467056519e+02
5.161718098415346390e+01,2.752551193329649815e-01,1.000000000000000000e+01,4.951156890831877888e+01,5.161718098415349232e+02,3.097030859049207834e+02
5.178315262718933099e+01,2.752551193329649815e-01,1.000000000000000000e+01,4.969430711534803891e+01,5.178315262718936083e+02,3.106989157631359717e+02
5.194912427022519097e+01,2.752551193329649815e-01,1.000000000000000000e+01,4.987704532237729182e+01,5.194912427022522934e+02,3.116947456213511600e+02
5.211509591326105806e+01,2.752551193329649815e-01,1.000000000000000000e+01,5.005978352940655896e+01,5.211509591326108648e+02,3.126905754795663483e+02
5.228106755629691804e+01,2.752551193329649815e-01,1.000000000000000000e+01,5.024252173643580477e+01,5.228106755629694362e+02,3.136864053377814798e+02
5.244703919933277803e+01,2.752551193329649815e-01,1.000000000000000000e+01,5.042525994346506479e+01,5.244703919933281213e+02,3.146822351959966682e+02
5.261301084236864511e+01,2.752551193329649815e-01,1.000000000000000000e+01,5.060799815049432482e+01,5.261301084236868064e+02,3.156780650542118565e+02
5.277898248540450510e+01,2.752551193329649815e-01,1.000000000000000000e+01,5.079073635752357774e+01,5.277898248540453778e+02,3.166738949124270448e+02
5.294495412844037219e+01,2.752551193329649815e-01,1.000000000000000000e+01,5.097347456455284487e+01,5.294495412844040629e+02,3.176697247706422331e+02
5.311092577147623217e+01,2.752551193329649815e-01,1.000000000000000000e+01,5.115621277158209068e+01,5.311092577147626344e+02,3.186655546288574214e+02
5.327689741451209926e+01,2.752551193329649815e-01,1.000000000000000000e+01,5.133895097861135781e+01,5.327689741451213195e+02,3.196613844870726098e+02
5.344286905754795924e+01,2.752551193329649815e-01,1.000000000000000000e+01,5.152168918564061073e+01,5.344286905754798909e+02,3.206572143452877413e+02
5.360884070058382633e+01,2.752551193329649815e-01,1.000000000000000000e+01,5.170442739266987076e+01,5.360884070058385760e+02,3.216530442035029864e+02
5.377481234361968632e+01,2.752551193329649815e-01,1.000000000000000000e+01,5.188716559969913078e+01,5.377481234361971474e+02,3.226488740617181179e+02
5.394078398665555341e+01,2.752551193329649815e-01,1.000000000000000000e+01,5.206990380672839080e+01,5.394078398665558325e+02,3.236447039199333062e+02
5.410675562969141339e+01,2.752551193329649815e-01,1.000000000000000000e+01,5.225264201375765083e+01,5.410675562969144039e+02,3.246405337781484945e+02
5.427272727272727337e+01,2.752551193329649815e-01,1.000000000000000000e+01,5.243538022078689664e+01,5.427272727272729753e+02,3.256363636363636260e+02
5.443869891576314046e+01,2.752551193329649815e-01,1.000000000000000000e+01,5.261811842781616377e+01,5.443869891576316604e+02,3.266321934945788144e+02
5.460467055879900045e+01,2.752551193329649815e-01,1.000000000000000000e+01,5.280085663484541669e+01,5.460467055879903455e+02,3.276280233527940027e+02
5.477064220183486754e+01,2.752551193329649815e-01,1.000000000000000000e+01,5.298359484187467672e+01,5.477064220183490306e+02,3.286238532110091910e+02
5.493661384487072752e+01,2.752551193329649815e-01,1.000000000000000000e+01,5.316633304890393674e+01,5.493661384487076020e+02,3.296196830692243793e+02
5.510258548790659461e+01,2.752551193329649815e-01,1.000000000000000000e+01,5.334907125593319677e+01,5.510258548790662871e+02,3.306155129274395676e+02
5.526855713094245459e+01,2.752551193329649815e-01,1.000000000000000000e+01,5.353180946296244969e+01,5.526855713094248586e+02,3.316113427856546991e+02
5.543452877397832168e+01,2.752551193329649815e-01,1.000000000000000000e+01,5.371454766999171682e+01,5.543452877397835437e+02,3.326071726438699443e+02
5.560050041701418166e+01,2.752551193329649815e-01,1.000000000000000000e+01,5.389728587702096974e+01,5.560050041701421151e+02,3.336030025020850758e+02
5.576647206005004875e+01,2.752551193329649815e-01,1.000000000000000000e+01,5.408002408405023687e+01,5.576647206005008002e+02,3.345988323603003209e+02
5.593244370308590874e+01,2.752551193329649815e-01,1.000000000000000000e+01,5.426276229107948268e+01,5.593244370308593716e+02,3.355946622185154524e+02
5.609841534612176872e+01,2.752551193329649815e-01,1.000000000000000000e+01,5.444550049810874270e+01,5.609841534612180567e+02,3.365904920767305839e+02
5.626438698915763581e+01,2.752551193329649815e-01,1.000000000000000000e+01,5.462823870513800273e+01,5.626438698915767418e+02,3.375863219349458291e+02
5.643035863219349579e+01,2.752551193329649815e-01,1.000000000000000000e+01,5.481097691216725565e+01,5.643035863219353132e+02,3.385821517931609606e+02
5.659633027522936288e+01,2.752551193329649815e-01,9.999999999999998224e+00,5.499371511919652278e+01,5.659633027522939983e+02,3.395779816513761489e+02
5.676230191826522287e+01,2.752551193329649815e-01,9.999999999999998224e+00,5.517645332622576859e+01,5.676230191826525697e+02,3.405738115095913372e+02
5.692827356130108996e+01,2.752551193329650370e-01,9.999999999999998224e+00,5.535919153325503572e+01,5.692827356130112548e+02,3.415696413678065255e+02
5.709424520433694994e+01,2.752551193329650370e-01,9.999999999999998224e+00,5.554192974028428864e+01,5.709424520433698262e+02,3.425654712260217138e+02
5.726021684737281703e+01,2.752551193329650370e-01,9.999999999999998224e+00,5.572466794731354867e+01,5.726021684737285113e+02,3.435613010842369022e+02
5.742618849040867701e+01,2.752551193329650370e-01,9.999999999999998224e+00,5.590740615434280869e+01,5.742618849040870828e+02,3.445571309424520905e+02
5.759216013344454410e+01,2.752551193329650370e-01,9.999999999999998224e+00,5.609014436137206872e+01,5.759216013344457679e+02,3.455529608006672788e+02
5.775813177648040408e+01,2.752551193329650370e-01,9.999999999999998224e+00,5.627288256840132163e+01,5.775813177648043393e+02,3.465487906588824103e+02
5.792410341951627117e+01,2.752551193329650370e-01,9.999999999999998224e+00,5.645562077543058876e+01,5.792410341951630244e+02,3.475446205170976555e+02
5.809007506255213116e+01,2.752551193329650370e-01,9.999999999999998224e+00,5.663835898245984168e+01,5.809007506255215958e+02,3.485404503753127869e+02
5.825604670558799114e+01,2.752551193329650370e-01,9.999999999999998224e+00,5.682109718948909460e+01,5.825604670558802809e+02,3.495362802335279184e+02
5.842201834862385823e+01,2.752551193329650370e-01,9.999999999999998224e+00,5.700383539651835463e+01,5.842201834862389660e+02,3.505321100917431636e+02
5.858798999165971821e+01,2.752551193329650370e-01,9.999999999999998224e+00,5.718657360354761465e+01,5.858798999165975374e+02,3.515279399499582951e+02
5.875396163469558530e+01,2.752551193329650370e-01,9.999999999999998224e+00,5.736931181057687468e+01,5.875396163469561088e+02,3.525237698081734834e+02
5.891993327773144529e+01,2.752551193329650370e-01,9.999999999999998224e+00,5.755205001760612760e+01,5.891993327773147939e+02,3.535195996663886717e+02
5.908590492076731238e+01,2.752551193329650370e-01,9.999999999999998224e+00,5.773478822463539473e+01,5.908590492076734790e+02,3.545154295246038600e+02
5.925187656380317236e+01,2.752551193329650370e-01,9.999999999999998224e+00,5.791752643166464765e+01,5.925187656380320504e+02,3.555112593828190484e+02
5.941784820683903945e+01,2.752551193329650370e-01,9.999999999999998224e+00,5.810026463869390767e+01,5.941784820683907355e+02,3.565070892410342367e+02
5.958381984987489943e+01,2.752551193329650370e-01,9.999999999999998224e+00,5.828300284572316059e+01,5.958381984987493070e+02,3.575029190992494250e+02
5.974979149291076652e+01,2.752551193329650370e-01,9.999999999999998224e+00,5.846574105275242061e+01,5.974979149291079921e+02,3.584987489574646133e+02
5.991576313594662651e+01,2.752551193329650370e-01,9.999999999999998224e+00,5.864847925978168064e+01,5.991576313594665635e+02,3.594945788156797448e+02
6.008173477898248649e+01,2.752551193329650370e-01,9.999999999999998224e+00,5.883121746681093356e+01,6.008173477898251349e+02,3.604904086738949331e+02
6.024770642201835358e+01,2.752551193329650370e-01,9.999999999999998224e+00,5.901395567384019358e+01,6.024770642201838200e+02,3.614862385321101215e+02
6.041367806505421356e+01,2.752551193329650370e-01,9.999999999999998224e+00,5.919669388086944650e+01,6.041367806505425051e+02,3.624820683903252529e+02
6.057964970809008065e+01,2.752551193329650370e-01,9.999999999999998224e+00,5.937943208789871363e+01,6.057964970809010765e+02,3.634778982485404981e+02
6.074562135112594063e+01,2.752551193329650370e-01,9.999999999999998224e+00,5.956217029492796655e+01,6.074562135112597616e+02,3.644737281067556296e+02
6.091159299416180772e+01,2.752551193329650370e-01,9.999999999999998224e+00,5.974490850195722658e+01,6.091159299416183330e+02,3.654695579649708179e+02
6.107756463719766771e+01,2.752551193329650370e-01,9.999999999999998224e+00,5.992764670898648660e+01,6.107756463719770181e+02,3.664653878231860062e+02
6.124353628023353480e+01,2.752551193329650370e-01,9.999999999999998224e+00,6.011038491601574663e+01,6.124353628023357032e+02,3.674612176814011946e+02
6.140950792326939478e+01,2.752551193329650370e-01,9.999999999999998224e+00,6.029312312304499955e+01,6.140950792326942747e+02,3.684570475396163829e+02
6.157547956630526187e+01,2.752551193329650370e-01,9.999999999999998224e+00,6.047586133007426668e+01,6.157547956630529598e+02,3.694528773978315712e+02
6.174145120934112185e+01,2.752551193329650370e-01,9.999999999999998224e+00,6.065859953710351959e+01,6.174145120934115312e+02,3.704487072560467595e+02
6.190742285237698184e+01,2.752551193329650370e-01,9.999999999999998224e+00,6.084133774413277251e+01,6.190742285237701026e+02,3.714445371142618910e+02
6.207339449541284893e+01,2.752551193329650370e-01,9.999999999999998224e+00,6.102407595116203254e+01,6.207339449541287877e+02,3.724403669724770793e+02
6.223936613844870891e+01,2.752551193329650370e-01,9.999999999999998224e+00,6.120681415819129256e+01,6.223936613844873591e+02,3.734361968306922677e+02
6.240533778148457600e+01,2.752551193329650370e-01,9.999999999999998224e+00,6.138955236522055259e+01,6.240533778148460442e+02,3.744320266889074560e+02
6.257130942452043598e+01,2.752551193329650370e-01,9.999999999999998224e+00,6.157229057224980551e+01,6.257130942452047293e+02,3.754278565471225875e+02
6.273728106755630307e+01,2.752551193329650370e-01,9.999999999999998224e+00,6.175502877927907264e+01,6.273728106755634144e+02,3.764236864053378326e+02
6.290325271059216306e+01,2.752551193329650370e-01,9.999999999999998224e+00,6.193776698630832556e+01,6.290325271059219858e+02,3.774195162635529641e+02
6.306922435362803014e+01,2.752551193329650370e-01,9.999999999999998224e+00,6.212050519333758558e+01,6.306922435362806709e+02,3.784153461217681524e+02
6.323519599666389013e+01,2.752551193329650370e-01,9.999999999999998224e+00,6.230324340036683850e+01,6.323519599666392423e+02,3.794111759799833408e+02
6.340116763969975722e+01,2.752551193329650370e-01,9.999999999999998224e+00,6.248598160739609852e+01,6.340116763969979274e+02,3.804070058381985291e+02
6.356713928273561720e+01,2.752551193329650370e-01,9.999999999999998224e+00,6.266871981442535855e+01,6.356713928273564989e+02,3.814028356964137174e+02
6.373311092577148429e+01,2.752551193329650370e-01,9.999999999999998224e+00,6.285145802145461857e+01,6.373311092577151840e+02,3.823986655546289057e+02
6.389908256880734427e+01,2.752551193329650370e-01,9.999999999999998224e+00,6.303419622848387149e+01,6.389908256880737554e+02,3.833944954128440941e+02
6.406505421184320426e+01,2.752551193329650370e-01,9.999999999999998224e+00,6.321693443551312441e+01,6.406505421184323268e+02,3.843903252710592255e+02
6.423102585487906424e+01,2.752551193329650370e-01,9.999999999999998224e+00,6.339967264254238444e+01,6.423102585487910119e+02,3.853861551292743570e+02
6.439699749791493844e+01,2.752551193329650370e-01,9.999999999999998224e+00,6.358241084957165157e+01,6.439699749791496970e+02,3.863819849874896590e+02
6.456296914095079842e+01,2.752551193329650370e-01,9.999999999999998224e+00,6.376514905660090449e+01,6.456296914095082684e+02,3.873778148457047905e+02
6.472894078398665840e+01,2.752551193329650370e-01,9.999999999999998224e+00,6.394788726363016451e+01,6.472894078398669535e+02,3.883736447039199788e+02
6.489491242702251839e+01,2.752551193329650370e-01,9.999999999999998224e+00,6.413062547065942454e+01,6.489491242702255249e+02,3.893694745621351103e+02
6.506088407005839258e+01,2.752551193329650370e-01,9.999999999999998224e+00,6.431336367768868456e+01,6.506088407005842100e+02,3.903653044203503555e+02
6.522685571309425256e+01,2.752551193329650370e-01,9.999999999999998224e+00,6.449610188471794459e+01,6.522685571309428951e+02,3.913611342785654870e+02
6.539282735613011255e+01,2.752551193329650370e-01,9.999999999999998224e+00,6.467884009174719040e+01,6.539282735613014665e+02,3.923569641367806753e+02
6.555879899916597253e+01,2.752551193329650370e-01,9.999999999999998224e+00,6.486157829877645042e+01,6.555879899916600380e+02,3.933527939949958636e+02
6.572477064220183252e+01,2.752551193329650370e-01,9.999999999999998224e+00,6.504431650580571045e+01,6.572477064220186094e+02,3.943486238532109951e+02
6.589074228523770671e+01,2.752551193329650370e-01,9.999999999999998224e+00,6.522705471283497047e+01,6.589074228523774082e+02,3.953444537114262403e+02
6.605671392827356669e+01,2.752551193329650370e-01,9.999999999999998224e+00,6.540979291986423050e+01,6.605671392827359796e+02,3.963402835696414286e+02
6.622268557130942668e+01,2.752551193329650370e-01,9.999999999999998224e+00,6.559253112689347631e+01,6.622268557130946647e+02,3.973361134278565601e+02
6.638865721434528666e+01,2.752551193329650370e-01,9.999999999999998224e+00,6.577526933392273634e+01,6.638865721434532361e+02,3.983319432860716915e+02
6.655462885738116086e+01,2.752551193329650370e-01,1.000000000000000000e+01,6.595800754095201057e+01,6.655462885738119212e+02,3.993277731442869936e+02
6.672060050041702084e+01,2.752551193329650370e-01,1.000000000000000000e+01,6.614074574798125639e+01,6.672060050041704926e+02,4.003236030025021250e+02
6.688657214345288082e+01,2.752551193329650370e-01,1.000000000000000000e+01,6.632348395501051641e+01,6.688657214345291777e+02,4.013194328607172565e+02
6.705254378648874081e+01,2.752551193329650370e-01,1.000000000000000000e+01,6.650622216203977644e+01,6.705254378648877491e+02,4.023152627189324448e+02
6.721851542952461500e+01,2.752551193329650370e-01,1.000000000000000000e+01,6.668896036906903646e+01,6.721851542952465479e+02,4.033110925771476900e+02
6.738448707256047499e+01,2.752551193329650370e-01,1.000000000000000000e+01,6.687169857609829648e+01,6.738448707256051193e+02,4.043069224353628215e+02
6.755045871559633497e+01,2.752551193329650370e-01,1.000000000000000000e+01,6.705443678312755651e+01,6.755045871559636907e+02,4.053027522935780098e+02
6.771643035863219495e+01,2.752551193329650370e-01,1.000000000000000000e+01,6.723717499015680232e+01,6.771643035863222622e+02,4.062985821517931981e+02
6.788240200166805494e+01,2.752551193329650370e-01,1.000000000000000000e+01,6.741991319718606235e+01,6.788240200166808336e+02,4.072944120100083296e+02
6.804837364470392913e+01,2.752551193329650370e-01,1.000000000000000000e+01,6.760265140421532237e+01,6.804837364470396324e+02,4.082902418682235748e+02
6.821434528773978911e+01,2.752551193329650370e-01,1.000000000000000000e+01,6.778538961124458240e+01,6.821434528773982038e+02,4.092860717264387631e+02
6.838031693077564910e+01,2.752551193329650370e-01,1.000000000000000000e+01,6.796812781827384242e+01,6.838031693077568889e+02,4.102819015846538946e+02
6.854628857381150908e+01,2.752551193329650370e-01,1.000000000000000000e+01,6.815086602530308824e+01,6.854628857381154603e+02,4.112777314428690261e+02
6.871226021684738328e+01,2.752551193329650370e-01,1.000000000000000000e+01,6.833360423233236247e+01,6.871226021684741454e+02,4.122735613010843281e+02
6.887823185988324326e+01,2.752551193329650370e-01,1.000000000000000000e+01,6.851634243936162250e+01,6.887823185988327168e+02,4.132693911592994596e+02
6.904420350291910324e+01,2.752551193329650370e-01,1.000000000000000000e+01,6.869908064639086831e+01,6.904420350291914019e+02,4.142652210175145910e+02
6.921017514595496323e+01,2.752551193329650370e-01,1.000000000000000000e+01,6.888181885342012833e+01,6.921017514595499733e+02,4.152610508757297794e+02
6.937614678899083742e+01,2.752551193329650370e-01,1.000000000000000000e+01,6.906455706044940257e+01,6.937614678899087721e+02,4.162568807339450245e+02
6.954211843202669741e+01,2.752551193329650370e-01,1.000000000000000000e+01,6.924729526747864838e+01,6.954211843202673435e+02,4.172527105921601560e+02
6.970809007506255739e+01,2.752551193329650370e-01,1.000000000000000000e+01,6.943003347450790841e+01,6.970809007506259150e+02,4.182485404503753443e+02
6.987406171809841737e+01,2.752551193329650370e-01,1.000000000000000000e+01,6.961277168153715422e+01,6.987406171809844864e+02,4.192443703085905327e+02
7.004003336113427736e+01,2.752551193329650370e-01,9.999999999999998224e+00,6.979550988856641425e+01,7.004003336113430578e+02,4.202402001668056641e+02
7.020600500417015155e+01,2.752551193329650370e-01,9.999999999999998224e+00,6.997824809559568848e+01,7.020600500417018566e+02,4.212360300250209093e+02
7.037197664720601153e+01,2.752551193329650370e-01,9.999999999999998224e+00,7.016098630262493430e+01,7.037197664720604280e+02,4.222318598832360976e+02
7.053794829024187152e+01,2.752551193329650370e-01,9.999999999999998224e+00,7.034372450965419432e+01,7.053794829024191131e+02,4.232276897414512291e+02
7.070391993327773150e+01,2.752551193329650370e-01,9.999999999999998224e+00,7.052646271668344014e+01,7.070391993327776845e+02,4.242235195996663606e+02
7.086989157631360570e+01,2.752551193329650370e-01,9.999999999999998224e+00,7.070920092371271437e+01,7.086989157631363696e+02,4.252193494578816626e+02
7.103586321934946568e+01,2.752551193329650370e-01,1.000000000000000000e+01,7.089193913074197440e+01,7.103586321934949410e+02,4.262151793160967941e+02
7.120183486238532566e+01,2.752551193329650370e-01,1.000000000000000000e+01,7.107467733777122021e+01,7.120183486238536261e+02,4.272110091743119256e+02
7.136780650542118565e+01,2.752551193329650370e-01,1.000000000000000000e+01,7.125741554480048023e+01,7.136780650542121975e+02,4.282068390325271139e+02
7.153377814845704563e+01,2.752551193329650370e-01,1.000000000000000000e+01,7.144015375182974026e+01,7.153377814845707690e+02,4.292026688907423022e+02
7.169974979149291983e+01,2.752551193329650370e-01,1.000000000000000000e+01,7.162289195885900028e+01,7.169974979149295677e+02,4.301984987489574905e+02
7.186572143452877981e+01,2.752551193329650370e-01,1.000000000000000000e+01,7.180563016588826031e+01,7.186572143452881392e+02,4.311943286071726789e+02
7.203169307756463979e+01,2.752551193329650370e-01,1.000000000000000000e+01,7.198836837291752033e+01,7.203169307756467106e+02,4.321901584653878672e+02
7.219766472060049978e+01,2.752551193329650370e-01,1.000000000000000000e+01,7.217110657994676615e+01,7.219766472060052820e+02,4.331859883236029987e+02
7.236363636363637397e+01,2.752551193329650370e-01,1.000000000000000000e+01,7.235384478697604038e+01,7.236363636363640808e+02,4.341818181818182438e+02
7.252960800667223396e+01,2.752551193329650370e-01,1.000000000000000000e+01,7.253658299400530041e+01,7.252960800667226522e+02,4.351776480400333753e+02
7.269557964970809394e+01,2.752551193329650370e-01,1.000000000000000000e+01,7.271932120103454622e+01,7.269557964970813373e+02,4.361734778982485068e+02
7.286155129274395392e+01,2.752551193329650370e-01,1.000000000000000000e+01,7.290205940806380625e+01,7.286155129274399087e+02,4.371693077564636951e+02
7.302752293577982812e+01,2.752551193329650370e-01,1.000000000000000000e+01,7.308479761509306627e+01,7.302752293577985938e+02,4.381651376146789403e+02
7.319349457881568810e+01,2.752551193329650370e-01,1.000000000000000000e+01,7.326753582212232629e+01,7.319349457881571652e+02,4.391609674728940718e+02
7.335946622185154808e+01,2.752551193329650370e-01,1.000000000000000000e+01,7.345027402915158632e+01,7.335946622185158503e+02,4.401567973311092601e+02
7.352543786488740807e+01,2.752551193329650370e-01,1.000000000000000000e+01,7.363301223618083213e+01,7.352543786488744217e+02,4.411526271893244484e+02
7.369140950792326805e+01,2.752551193329650370e-01,1.000000000000000000e+01,7.381575044321009216e+01,7.369140950792329932e+02,4.421484570475395799e+02
7.385738115095914225e+01,2.752551193329650370e-01,1.000000000000000000e+01,7.399848865023935218e+01,7.385738115095917919e+02,4.431442869057548251e+02
7.402335279399500223e+01,2.752551193329650370e-01,1.000000000000000000e+01,7.418122685726861221e+01,7.402335279399503634e+02,4.441401167639700134e+02
7.418932443703086221e+01,2.752551193329650370e-01,1.000000000000000000e+01,7.436396506429787223e+01,7.418932443703089348e+02,4.451359466221851449e+02
7.435529608006672220e+01,2.752551193329650370e-01,1.000000000000000000e+01,7.454670327132711805e+01,7.435529608006675062e+02,4.461317764804002763e+02
7.452126772310259639e+01,2.752551193329650370e-01,1.000000000000000000e+01,7.472944147835639228e+01,7.452126772310263050e+02,4.471276063386155784e+02
7.468723936613845638e+01,2.752551193329650370e-01,1.000000000000000000e+01,7.491217968538565231e+01,7.468723936613848764e+02,4.481234361968307098e+02
7.485321100917431636e+01,2.752551193329650370e-01,1.000000000000000000e+01,7.509491789241489812e+01,7.485321100917435615e+02,4.491192660550458413e+02
7.501918265221017634e+01,2.752551193329650370e-01,1.000000000000000000e+01,7.527765609944415814e+01,7.501918265221021329e+02,4.501150959132610296e+02
7.518515429524605054e+01,2.752551193329650370e-01,1.000000000000000000e+01,7.546039430647343238e+01,7.518515429524608180e+02,4.511109257714762748e+02
7.535112593828191052e+01,2.752551193329650370e-01,1.000000000000000000e+01,7.564313251350267819e+01,7.535112593828193894e+02,4.521067556296914063e+02
7.551709758131777050e+01,2.752551193329650370e-01,1.000000000000000000e+01,7.582587072053193822e+01,7.551709758131780745e+02,4.531025854879065946e+02
7.568306922435363049e+01,2.752551193329650370e-01,1.000000000000000000e+01,7.600860892756119824e+01,7.568306922435366459e+02,4.540984153461217829e+02
7.584904086738949047e+01,2.752551193329650370e-01,1.000000000000000000e+01,7.619134713459044406e+01,7.584904086738952174e+02,4.550942452043369144e+02
7.601501251042536467e+01,2.752551193329650370e-01,1.000000000000000000e+01,7.637408534161971829e+01,7.601501251042540162e+02,4.560900750625521596e+02
7.618098415346122465e+01,2.752551193329650370e-01,1.000000000000000000e+01,7.655682354864896411e+01,7.618098415346125876e+02,4.570859049207673479e+02
7.634695579649708463e+01,2.752551193329650370e-01,1.000000000000000000e+01,7.673956175567822413e+01,7.634695579649711590e+02,4.580817347789824794e+02
7.651292743953294462e+01,2.752551193329650370e-01,1.000000000000000000e+01,7.692229996270748416e+01,7.651292743953297304e+02,4.590775646371976109e+02
7.667889908256881881e+01,2.752551193329650370e-01,1.000000000000000000e+01,7.710503816973674418e+01,7.667889908256885292e+02,4.600733944954129129e+02
7.684487072560467880e+01,2.752551193329650370e-01,1.000000000000000000e+01,7.728777637676600420e+01,7.684487072560471006e+02,4.610692243536280444e+02
7.701084236864053878e+01,2.752551193329650370e-01,1.000000000000000000e+01,7.747051458379525002e+01,7.701084236864057857e+02,4.620650542118432327e+02
7.717681401167639876e+01,2.752551193329650370e-01,1.000000000000000000e+01,7.765325279082451004e+01,7.717681401167643571e+02,4.630608840700583642e+02
7.734278565471225875e+01,2.752551193329650370e-01,1.000000000000000000e+01,7.783599099785377007e+01,7.734278565471229285e+02,4.640567139282735525e+02
7.750875729774813294e+01,2.752551193329650370e-01,1.000000000000000000e+01,7.801872920488304430e+01,7.750875729774817273e+02,4.650525437864887408e+02
7.767472894078399293e+01,2.752551193329650370e-01,1.000000000000000000e+01,7.820146741191229012e+01,7.767472894078402987e+02,4.660483736447039291e+02
7.784070058381985291e+01,2.752551193329650370e-01,1.000000000000000000e+01,7.838420561894155014e+01,7.784070058381988702e+02,4.670442035029191175e+02
7.800667222685571289e+01,2.752551193329650370e-01,1.000000000000000000e+01,7.856694382597079596e+01,7.800667222685574416e+02,4.680400333611342489e+02
7.817264386989158709e+01,2.752551193329650370e-01,1.000000000000000000e+01,7.874968203300007019e+01,7.817264386989162404e+02,4.690358632193494941e+02
7.833861551292744707e+01,2.752551193329650370e-01,1.000000000000000000e+01,7.893242024002933022e+01,7.833861551292748118e+02,4.700316930775646824e+02
7.850458715596330705e+01,2.752551193329650370e-01,1.000000000000000000e+01,7.911515844705857603e+01,7.850458715596333832e+02,4.710275229357798139e+02
7.867055879899916704e+01,2.752551193329650370e-01,1.000000000000000000e+01,7.929789665408783605e+01,7.867055879899919546e+02,4.720233527939949454e+02
7.883653044203504123e+01,2.752551193329650370e-01,1.000000000000000000e+01,7.948063486111709608e+01,7.883653044203507534e+02,4.730191826522102474e+02
7.900250208507090122e+01,2.752551193329650370e-01,1.000000000000000000e+01,7.966337306814635610e+01,7.900250208507093248e+02,4.740150125104253789e+02
7.916847372810676120e+01,2.752551193329650370e-01,1.000000000000000000e+01,7.984611127517561613e+01,7.916847372810680099e+02,4.750108423686405104e+02
7.933444537114262118e+01,2.752551193329650370e-01,1.000000000000000000e+01,8.002884948220486194e+01,7.933444537114265813e+02,4.760066722268556987e+02
7.950041701417848117e+01,2.752551193329650370e-01,1.000000000000000000e+01,8.021158768923412197e+01,7.950041701417851527e+02,4.770025020850708870e+02
7.966638865721435536e+01,2.752551193329650370e-01,1.000000000000000000e+01,8.039432589626339620e+01,7.966638865721438378e+02,4.779983319432860753e+02
7.983236030025021535e+01,2.752551193329650370e-01,1.000000000000000000e+01,8.057706410329264202e+01,7.983236030025025229e+02,4.789941618015012637e+02
7.999833194328607533e+01,2.752551193329650370e-01,1.000000000000000000e+01,8.075980231032190204e+01,7.999833194328610944e+02,4.799899916597164520e+02
8.016430358632193531e+01,2.752551193329650370e-01,1.000000000000000000e+01,8.094254051735114786e+01,8.016430358632196658e+02,4.809858215179315835e+02
8.033027522935780951e+01,2.752551193329650370e-01,1.000000000000000000e+01,8.112527872438042209e+01,8.033027522935784646e+02,4.819816513761468286e+02
8.049624687239366949e+01,2.752551193329650370e-01,1.000000000000000000e+01,8.130801693140968212e+01,8.049624687239370360e+02,4.829774812343620169e+02
8.066221851542952948e+01,2.752551193329650370e-01,1.000000000000000000e+01,8.149075513843892793e+01,8.066221851542956074e+02,4.839733110925771484e+02
8.082819015846538946e+01,2.752551193329650370e-01,1.000000000000000000e+01,8.167349334546818795e+01,8.082819015846541788e+02,4.849691409507922799e+02
8.099416180150126365e+01,2.752551193329650370e-01,1.000000000000000000e+01,8.185623155249746219e+01,8.099416180150129776e+02,4.859649708090075819e+02
8.116013344453712364e+01,2.752551193329650370e-01,1.000000000000000000e+01,8.203896975952670800e+01,8.116013344453715490e+02,4.869608006672227134e+02
8.132610508757298362e+01,2.752551193329650370e-01,1.000000000000000000e+01,8.222170796655596803e+01,8.132610508757302341e+02,4.879566305254378449e+02
8.149207673060884360e+01,2.752551193329650370e-01,1.000000000000000000e+01,8.240444617358522805e+01,8.149207673060888055e+02,4.889524603836530332e+02
8.165804837364470359e+01,2.752551193329650370e-01,1.000000000000000000e+01,8.258718438061447387e+01,8.165804837364473769e+02,4.899482902418682215e+02
8.182402001668057778e+01,2.752551193329650370e-01,1.000000000000000000e+01,8.276992258764374810e+01,8.182402001668060620e+02,4.909441201000834099e+02
8.198999165971643777e+01,2.752551193329650370e-01,1.000000000000000000e+01,8.295266079467299392e+01,8.198999165971647471e+02,4.919399499582985982e+02
8.215596330275229775e+01,2.752551193329650370e-01,1.000000000000000000e+01,8.313539900170225394e+01,8.215596330275233186e+02,4.929357798165137865e+02
8.232193494578815773e+01,2.752551193329650370e-01,1.000000000000000000e+01,8.331813720873151397e+01,8.232193494578818900e+02,4.939316096747289180e+02
8.248790658882403193e+01,2.752551193329650370e-01,1.000000000000000000e+01,8.350087541576077399e+01,8.248790658882406888e+02,4.949274395329441631e+02
8.265387823185989191e+01,2.752551193329650370e-01,1.000000000000000000e+01,8.368361362279003401e+01,8.265387823185992602e+02,4.959232693911593515e+02
8.281984987489575190e+01,2.752551193329650370e-01,1.000000000000000000e+01,8.386635182981929404e+01,8.281984987489579453e+02,4.969190992493744830e+02
8.298582151793161188e+01,2.752551193329650370e-01,1.000000000000000000e+01,8.404909003684853985e+01,8.298582151793165167e+02,4.979149291075896144e+02
8.315179316096747186e+01,2.752551193329650370e-01,1.000000000000000000e+01,8.423182824387779988e+01,8.315179316096750881e+02,4.989107589658048028e+02
8.331776480400334606e+01,2.752551193329650370e-01,9.999999999999998224e+00,8.441456645090707411e+01,8.331776480400337732e+02,4.999065888240200479e+02
8.348373644703920604e+01,2.752551193329650370e-01,9.999999999999998224e+00,8.459730465793631993e+01,8.348373644703924583e+02,5.009024186822351794e+02
8.364970809007506602e+01,2.752551193329650370e-01,9.999999999999998224e+00,8.478004286496557995e+01,8.364970809007510297e+02,5.018982485404503677e+02
8.381567973311092601e+01,2.752551193329650370e-01,9.999999999999998224e+00,8.496278107199483998e+01,8.381567973311096011e+02,5.028940783986655561e+02
8.398165137614680020e+01,2.752551193329650370e-01,9.999999999999998224e+00,8.514551927902410000e+01,8.398165137614683999e+02,5.038899082568807444e+02
8.414762301918266019e+01,2.752551193329650370e-01,9.999999999999998224e+00,8.532825748605336003e+01,8.414762301918269713e+02,5.048857381150959327e+02
8.431359466221852017e+01,2.752551193329650370e-01,9.999999999999998224e+00,8.551099569308260584e+01,8.431359466221855428e+02,5.058815679733111210e+02
8.447956630525438015e+01,2.752551193329650370e-01,9.999999999999998224e+00,8.569373390011186586e+01,8.447956630525441142e+02,5.068773978315262525e+02
8.464553794829025435e+01,2.752551193329650370e-01,9.999999999999998224e+00,8.587647210714114010e+01,8.464553794829029130e+02,5.078732276897414977e+02
8.481150959132611433e+01,2.752551193329650370e-01,9.999999999999998224e+00,8.605921031417038591e+01,8.481150959132614844e+02,5.088690575479566860e+02
8.497748123436197432e+01,2.752551193329650370e-01,9.999999999999998224e+00,8.624194852119964594e+01,8.497748123436200558e+02,5.098648874061718175e+02
8.514345287739783430e+01,2.752551193329650370e-01,9.999999999999998224e+00,8.642468672822889175e+01,8.514345287739787409e+02,5.108607172643869490e+02
8.530942452043369428e+01,2.752551193329650370e-01,9.999999999999998224e+00,8.660742493525815178e+01,8.530942452043373123e+02,5.118565471226021373e+02
8.547539616346956848e+01,2.752551193329650370e-01,9.999999999999998224e+00,8.679016314228742601e+01,8.547539616346959974e+02,5.128523769808173256e+02
8.564136780650542846e+01,2.752551193329650370e-01,9.999999999999998224e+00,8.697290134931667183e+01,8.564136780650546825e+02,5.138482068390325139e+02
8.580733944954128845e+01,2.752551193329650370e-01,9.999999999999998224e+00,8.715563955634593185e+01,8.580733944954132539e+02,5.148440366972477023e+02
8.597331109257714843e+01,2.752551193329650370e-01,9.999999999999998224e+00,8.733837776337519188e+01,8.597331109257718254e+02,5.158398665554628906e+02
8.613928273561302262e+01,2.752551193329650370e-01,9.999999999999998224e+00,8.752111597040445190e+01,8.613928273561306241e+02,5.168356964136780789e+02
8.630525437864888261e+01,2.752551193329650370e-01,9.999999999999998224e+00,8.770385417743371193e+01,8.630525437864891956e+02,5.178315262718932672e+02
8.647122602168474259e+01,2.752551193329650370e-01,9.999999999999998224e+00,8.788659238446297195e+01,8.647122602168477670e+02,5.188273561301084555e+02
8.663719766472060257e+01,2.752551193329650370e-01,9.999999999999998224e+00,8.806933059149221776e+01,8.663719766472063384e+02,5.198231859883235302e+02
8.680316930775647677e+01,2.752551193329650370e-01,9.999999999999998224e+00,8.825206879852149200e+01,8.680316930775651372e+02,5.208190158465388322e+02
8.696914095079233675e+01,2.752551193329650370e-01,9.999999999999998224e+00,8.843480700555073781e+01,8.696914095079237086e+02,5.218148457047540205e+02
8.713511259382819674e+01,2.752551193329650370e-01,9.999999999999998224e+00,8.861754521257999784e+01,8.713511259382823937e+02,5.228106755629692088e+02
8.730108423686405672e+01,2.752551193329650370e-01,9.999999999999998224e+00,8.880028341960925786e+01,8.730108423686409651e+02,5.238065054211842835e+02
8.746705587989991670e+01,2.752551193329650370e-01,9.999999999999998224e+00,8.898302162663850368e+01,8.746705587989995365e+02,5.248023352793994718e+02
8.763302752293579090e+01,2.752551193329650370e-01,9.999999999999998224e+00,8.916575983366777791e+01,8.763302752293582216e+02,5.257981651376146601e+02
8.779899916597165088e+01,2.752551193329650370e-01,9.999999999999998224e+00,8.934849804069703794e+01,8.779899916597169067e+02,5.267939949958298484e+02
8.796497080900751087e+01,2.752551193329650370e-01,9.999999999999998224e+00,8.953123624772628375e+01,8.796497080900754781e+02,5.277898248540450368e+02
8.813094245204337085e+01,2.752551193329650370e-01,9.999999999999998224e+00,8.971397445475554377e+01,8.813094245204340496e+02,5.287856547122602251e+02
8.829691409507924504e+01,2.752551193329650370e-01,9.999999999999998224e+00,8.989671266178481801e+01,8.829691409507928483e+02,5.297814845704754134e+02
8.846288573811510503e+01,2.752551193329650370e-01,9.999999999999998224e+00,9.007945086881406382e+01,8.846288573811514198e+02,5.307773144286906017e+02
8.862885738115096501e+01,2.752551193329650370e-01,9.999999999999998224e+00,9.026218907584332385e+01,8.862885738115099912e+02,5.317731442869057901e+02
8.879482902418682500e+01,2.752551193329650370e-01,9.999999999999998224e+00,9.044492728287256966e+01,8.879482902418685626e+02,5.327689741451208647e+02
8.896080066722268498e+01,2.752551193329650370e-01,9.999999999999998224e+00,9.062766548990182969e+01,8.896080066722272477e+02,5.337648040033360530e+02
8.912677231025855917e+01,2.752551193329650370e-01,9.999999999999998224e+00,9.081040369693110392e+01,8.912677231025859328e+02,5.347606338615513550e+02
8.929274395329441916e+01,2.752551193329650370e-01,9.999999999999998224e+00,9.099314190396034974e+01,8.929274395329445042e+02,5.357564637197665434e+02
8.945871559633027914e+01,2.752551193329650370e-01,9.999999999999998224e+00,9.117588011098960976e+01,8.945871559633031893e+02,5.367522935779816180e+02
8.962468723936613912e+01,2.752551193329650370e-01,9.999999999999998224e+00,9.135861831801886979e+01,8.962468723936617607e+02,5.377481234361968063e+02
8.979065888240201332e+01,2.752551193329650370e-01,9.999999999999998224e+00,9.154135652504812981e+01,8.979065888240204458e+02,5.387439532944119946e+02
8.995663052543787330e+01,2.752551193329650370e-01,9.999999999999998224e+00,9.172409473207738984e+01,8.995663052543791309e+02,5.397397831526271830e+02
9.012260216847373329e+01,2.752551193329650370e-01,9.999999999999998224e+00,9.190683293910663565e+01,9.012260216847377023e+02,5.407356130108423713e+02
9.028857381150959327e+01,2.752551193329650370e-01,9.999999999999998224e+00,9.208957114613589567e+01,9.028857381150962738e+02,5.417314428690575596e+02
9.045454545454546746e+01,2.752551193329650370e-01,9.999999999999998224e+00,9.227230935316516991e+01,9.045454545454550725e+02,5.427272727272727479e+02
9.062051709758132745e+01,2.752551193329650370e-01,9.999999999999998224e+00,9.245504756019441572e+01,9.062051709758136440e+02,5.437231025854879363e+02
9.078648874061718743e+01,2.752551193329650370e-01,9.999999999999998224e+00,9.263778576722367575e+01,9.078648874061722154e+02,5.447189324437031246e+02
9.095246038365304742e+01,2.752551193329650370e-01,9.999999999999998224e+00,9.282052397425293577e+01,9.095246038365307868e+02,5.457147623019181992e+02
9.111843202668890740e+01,2.752551193329650370e-01,9.999999999999998224e+00,9.300326218128218159e+01,9.111843202668894719e+02,5.467105921601333876e+02
9.128440366972478159e+01,2.752551193329650370e-01,9.999999999999998224e+00,9.318600038831145582e+01,9.128440366972481570e+02,5.477064220183486896e+02
9.145037531276064158e+01,2.752551193329650370e-01,9.999999999999998224e+00,9.336873859534071585e+01,9.145037531276068421e+02,5.487022518765638779e+02
9.161634695579650156e+01,2.752551193329650370e-01,9.999999999999998224e+00,9.355147680236996166e+01,9.161634695579654135e+02,5.496980817347789525e+02
9.178231859883236154e+01,2.752551193329650370e-01,9.999999999999998224e+00,9.373421500939922169e+01,9.178231859883239849e+02,5.506939115929941408e+02
9.194829024186823574e+01,2.752551193329650370e-01,9.999999999999998224e+00,9.391695321642848171e+01,9.194829024186826700e+02,5.516897414512093292e+02
9.211426188490409572e+01,2.752551193329650370e-01,9.999999999999998224e+00,9.409969142345774173e+01,9.211426188490413551e+02,5.526855713094245175e+02
9.228023352793995571e+01,2.752551193329650370e-01,9.999999999999998224e+00,9.428242963048700176e+01,9.228023352793999265e+02,5.536814011676397058e+02
9.244620517097581569e+01,2.752551193329650370e-01,9.999999999999998224e+00,9.446516783751624757e+01,9.244620517097584980e+02,5.546772310258548941e+02
9.261217681401168988e+01,2.752551193329650370e-01,9.999999999999998224e+00,9.464790604454552181e+01,9.261217681401172968e+02,5.556730608840700825e+02
9.277814845704754987e+01,2.752551193329650370e-01,9.999999999999998224e+00,9.483064425157478183e+01,9.277814845704758682e+02,5.566688907422852708e+02
9.294412010008340985e+01,2.752551193329650370e-01,9.999999999999998224e+00,9.501338245860402765e+01,9.294412010008344396e+02,5.576647206005004591e+02
9.311009174311926984e+01,2.752551193329650370e-01,9.999999999999998224e+00,9.519612066563328767e+01,9.311009174311930110e+02,5.586605504587155338e+02
9.327606338615512982e+01,2.752551193329650370e-01,9.999999999999998224e+00,9.537885887266253349e+01,9.327606338615516961e+02,5.596563803169307221e+02
9.344203502919100401e+01,2.752551193329650370e-01,9.999999999999998224e+00,9.556159707969180772e+01,9.344203502919103812e+02,5.606522101751460241e+02
9.360800667222686400e+01,2.752551193329650370e-01,9.999999999999998224e+00,9.574433528672106775e+01,9.360800667222690663e+02,5.616480400333612124e+02
9.377397831526272398e+01,2.752551193329650370e-01,9.999999999999998224e+00,9.592707349375031356e+01,9.377397831526276377e+02,5.626438698915762870e+02
9.393994995829858397e+01,2.752551193329650370e-01,9.999999999999998224e+00,9.610981170077957358e+01,9.393994995829862091e+02,5.636396997497914754e+02
9.410592160133445816e+01,2.752551193329650370e-01,9.999999999999998224e+00,9.629254990780884782e+01,9.410592160133448942e+02,5.646355296080066637e+02
9.427189324437031814e+01,2.752551193329650370e-01,9.999999999999998224e+00,9.647528811483809363e+01,9.427189324437035793e+02,5.656313594662218520e+02
9.443786488740617813e+01,2.752551193329650370e-01,9.999999999999998224e+00,9.665802632186735366e+01,9.443786488740621508e+02,5.666271893244370403e+02
9.460383653044203811e+01,2.752551193329650370e-01,9.999999999999998224e+00,9.684076452889661368e+01,9.460383653044207222e+02,5.676230191826521150e+02
9.476980817347789809e+01,2.752551193329650370e-01,9.999999999999998224e+00,9.702350273592585950e+01,9.476980817347791799e+02,5.686188490408673033e+02
9.493577981651377229e+01,2.752551193329650370e-01,9.999999999999998224e+00,9.720624094295513373e+01,9.493577981651379787e+02,5.696146788990826053e+02
9.510175145954963227e+01,2.752551193329650370e-01,9.999999999999998224e+00,9.738897914998437955e+01,9.510175145954965501e+02,5.706105087572977936e+02
9.526772310258549226e+01,2.752551193329650370e-01,9.999999999999998224e+00,9.757171735701363957e+01,9.526772310258552352e+02,5.716063386155128683e+02
9.543369474562135224e+01,2.752551193329650370e-01,9.999999999999998224e+00,9.775445556404289960e+01,9.543369474562138066e+02,5.726021684737280566e+02
9.559966638865722643e+01,2.752551193329650370e-01,9.999999999999998224e+00,9.793719377107217383e+01,9.559966638865726054e+02,5.735979983319433586e+02
9.576563803169308642e+01,2.752551193329650370e-01,9.999999999999998224e+00,9.811993197810141965e+01,9.576563803169311768e+02,5.745938281901584332e+02
9.593160967472894640e+01,2.752551193329650370e-01,9.999999999999998224e+00,9.830267018513066546e+01,9.593160967472897482e+02,5.755896580483736216e+02
9.609758131776480639e+01,2.752551193329650370e-01,9.999999999999998224e+00,9.848540839215992548e+01,9.609758131776483197e+02,5.765854879065888099e+02
9.626355296080068058e+01,2.752551193329650370e-01,9.999999999999998224e+00,9.866814659918919972e+01,9.626355296080071184e+02,5.775813177648039982e+02
9.642952460383654056e+01,2.752551193329650370e-01,9.999999999999998224e+00,9.885088480621845974e+01,9.642952460383656899e+02,5.785771476230191865e+02
9.659549624687240055e+01,2.752551193329650370e-01,9.999999999999998224e+00,9.903362301324770556e+01,9.659549624687242613e+02,5.795729774812343749e+02
9.676146788990826053e+01,2.752551193329650370e-01,9.999999999999998224e+00,9.921636122027696558e+01,9.676146788990829464e+02,5.805688073394494495e+02
9.692743953294412051e+01,2.752551193329650370e-01,9.999999999999998224e+00,9.939909942730622561e+01,9.692743953294415178e+02,5.815646371976646378e+02
9.709341117597999471e+01,2.752551193329650370e-01,9.999999999999998224e+00,9.958183763433548563e+01,9.709341117598002029e+02,5.825604670558799398e+02
9.725938281901585469e+01,2.752551193329650370e-01,9.999999999999998224e+00,9.976457584136474566e+01,9.725938281901587743e+02,5.835562969140951282e+02
9.742535446205171468e+01,2.752551193329650370e-01,9.999999999999998224e+00,9.994731404839399147e+01,9.742535446205174594e+02,5.845521267723102028e+02
9.759132610508757466e+01,2.752551193329650370e-01,9.999999999999998224e+00,1.001300522554232515e+02,9.759132610508760308e+02,5.855479566305253911e+02
9.775729774812344886e+01,2.752551193329650370e-01,9.999999999999998224e+00,1.003127904624525115e+02,9.775729774812347159e+02,5.865437864887405794e+02
9.792326939115930884e+01,2.752551193329650370e-01,9.999999999999998224e+00,1.004955286694817715e+02,9.792326939115934010e+02,5.875396163469557678e+02
9.808924103419516882e+01,2.752551193329650370e-01,9.999999999999998224e+00,1.006782668765110316e+02,9.808924103419519724e+02,5.885354462051709561e+02
9.825521267723102881e+01,2.752551193329650370e-01,9.999999999999998224e+00,1.008610050835402774e+02,9.825521267723105439e+02,5.895312760633861444e+02
9.842118432026690300e+01,2.752551193329650370e-01,9.999999999999998224e+00,1.010437432905695516e+02,9.842118432026693426e+02,5.905271059216013327e+02
9.858715596330276298e+01,2.752551193329650370e-01,9.999999999999998224e+00,1.012264814975988116e+02,9.858715596330279141e+02,5.915229357798165211e+02
9.875312760633862297e+01,2.752551193329650370e-01,9.999999999999998224e+00,1.014092197046280717e+02,9.875312760633864855e+02,5.925187656380317094e+02
9.891909924937448295e+01,2.752551193329650370e-01,9.999999999999998224e+00,1.015919579116573175e+02,9.891909924937451706e+02,5.935145954962468977e+02
9.908507089241034294e+01,2.752551193329650370e-01,9.999999999999998224e+00,1.017746961186865633e+02,9.908507089241036283e+02,5.945104253544619723e+02
9.925104253544621713e+01,2.752551193329650370e-01,9.999999999999998224e+00,1.019574343257158375e+02,9.925104253544624271e+02,5.955062552126772744e+02
9.941701417848207711e+01,2.752551193329650370e-01,9.999999999999998224e+00,1.021401725327450976e+02,9.941701417848209985e+02,5.965020850708924627e+02
9.958298582151793710e+01,2.752551193329650370e-01,9.999999999999998224e+00,1.023229107397743576e+02,9.958298582151796836e+02,5.974979149291075373e+02
9.974895746455379708e+01,2.752551193329650370e-01,9.999999999999998224e+00,1.025056489468036034e+02,9.974895746455382550e+02,5.984937447873227256e+02
9.991492910758967128e+01,2.752551193329650370e-01,9.999999999999998224e+00,1.026883871538328776e+02,9.991492910758970538e+02,5.994895746455379140e+02
1.000000000000000000e+02,2.752551193329650370e-01,9.999999999999998224e+00,1.027820519634659462e+02,1.000000000000000227e+03,6.000000000000000000e+02
1.000809007506255313e+02,2.752551193329650370e-01,9.999999999999998224e+00,1.028711253608621234e+02,1.000809007506255625e+03,6.004854045037531023e+02
1.002468723936613912e+02,2.752551193329650370e-01,9.999999999999998224e+00,1.030538635678913835e+02,1.002468723936614197e+03,6.014812343619682906e+02
1.004128440366972512e+02,2.752551193329650370e-01,9.999999999999998224e+00,1.032366017749206435e+02,1.004128440366972768e+03,6.024770642201834789e+02
1.005788156797331112e+02,2.752551193329650370e-01,9.999999999999998224e+00,1.034193399819498893e+02,1.005788156797331339e+03,6.034728940783986673e+02
1.007447873227689854e+02,2.752551193329650370e-01,9.999999999999998224e+00,1.036020781889791635e+02,1.007447873227690138e+03,6.044687239366138556e+02
1.009107589658048454e+02,2.752551193329650370e-01,9.999999999999998224e+00,1.037848163960084236e+02,1.009107589658048710e+03,6.054645537948290439e+02
1.010767306088407054e+02,2.752551193329650370e-01,9.999999999999998224e+00,1.039675546030376694e+02,1.010767306088407395e+03,6.064603836530441185e+02
1.012427022518765654e+02,2.752551193329650370e-01,9.999999999999998224e+00,1.041502928100669294e+02,1.012427022518765966e+03,6.074562135112593069e+02
1.014086738949124396e+02,2.752551193329650370e-01,9.999999999999998224e+00,1.043330310170962036e+02,1.014086738949124651e+03,6.084520433694746089e+02
1.015746455379482995e+02,2.752551193329650370e-01,9.999999999999996447e+00,1.045157692241254495e+02,1.015746455379483223e+03,6.094478732276897972e+02
1.017406171809841595e+02,2.752551193329650370e-01,9.999999999999996447e+00,1.046985074311547095e+02,1.017406171809841908e+03,6.104437030859048718e+02
1.019065888240200195e+02,2.752551193329650370e-01,9.999999999999996447e+00,1.048812456381839695e+02,1.019065888240200479e+03,6.114395329441200602e+02
1.020725604670558937e+02,2.752551193329650370e-01,9.999999999999996447e+00,1.050639838452132295e+02,1.020725604670559164e+03,6.124353628023352485e+02
1.022385321100917537e+02,2.752551193329650370e-01,9.999999999999996447e+00,1.052467220522424896e+02,1.022385321100917849e+03,6.134311926605504368e+02
1.024045037531276137e+02,2.752551193329650370e-01,9.999999999999996447e+00,1.054294602592717354e+02,1.024045037531276421e+03,6.144270225187656251e+02
1.025704753961634736e+02,2.752551193329650370e-01,9.999999999999996447e+00,1.056121984663009954e+02,1.025704753961635106e+03,6.154228523769808135e+02
1.027364470391993336e+02,2.752551193329650370e-01,9.999999999999996447e+00,1.057949366733302554e+02,1.027364470391993564e+03,6.164186822351960018e+02
1.029024186822352078e+02,2.752551193329650370e-01,9.999999999999996447e+00,1.059776748803595154e+02,1.029024186822352476e+03,6.174145120934111901e+02
1.030683903252710678e+02,2.752551193329650370e-01,9.999999999999996447e+00,1.061604130873887755e+02,1.030683903252710934e+03,6.184103419516263784e+02
1.032343619683069278e+02,2.752551193329650370e-01,9.999999999999996447e+00,1.063431512944180213e+02,1.032343619683069619e+03,6.194061718098414531e+02
1.034003336113427878e+02,2.752551193329650370e-01,9.999999999999996447e+00,1.065258895014472813e+02,1.034003336113428077e+03,6.204020016680566414e+02
1.035663052543786620e+02,2.752551193329650370e-01,9.999999999999996447e+00,1.067086277084765555e+02,1.035663052543786989e+03,6.213978315262719434e+02
1.037322768974145220e+02,2.752551193329650370e-01,9.999999999999996447e+00,1.068913659155058156e+02,1.037322768974145447e+03,6.223936613844871317e+02
1.038982485404503819e+02,2.752551193329650370e-01,9.999999999999996447e+00,1.070741041225350614e+02,1.038982485404504132e+03,6.233894912427022064e+02
1.040642201834862419e+02,2.752551193329650370e-01,9.999999999999996447e+00,1.072568423295643214e+02,1.040642201834862590e+03,6.243853211009173947e+02
1.042301918265221161e+02,2.752551193329650370e-01,9.999999999999996447e+00,1.074395805365935814e+02,1.042301918265221502e+03,6.253811509591325830e+02
1.043961634695579761e+02,2.752551193329650370e-01,9.999999999999996447e+00,1.076223187436228415e+02,1.043961634695579960e+03,6.263769808173477713e+02
1.045621351125938361e+02,2.752551193329650370e-01,9.999999999999996447e+00,1.078050569506521015e+02,1.045621351125938645e+03,6.273728106755629597e+02
1.047281067556296961e+02,2.752551193329650370e-01,9.999999999999996447e+00,1.079877951576813473e+02,1.047281067556297330e+03,6.283686405337781480e+02
1.048940783986655561e+02,2.752551193329650370e-01,9.999999999999996447e+00,1.081705333647106073e+02,1.048940783986655788e+03,6.293644703919933363e+02
1.050600500417014302e+02,2.752551193329650370e-01,9.999999999999998224e+00,1.083532715717398673e+02,1.050600500417014700e+03,6.303603002502085246e+02
1.052260216847372902e+02,2.752551193329650370e-01,9.999999999999998224e+00,1.085360097787691274e+02,1.052260216847373158e+03,6.313561301084237130e+02
1.053919933277731502e+02,2.752551193329650370e-01,9.999999999999998224e+00,1.087187479857983874e+02,1.053919933277731843e+03,6.323519599666387876e+02
1.055579649708090102e+02,2.752551193329650370e-01,9.999999999999998224e+00,1.089014861928276332e+02,1.055579649708090301e+03,6.333477898248539759e+02
1.057239366138448844e+02,2.752551193329650370e-01,9.999999999999998224e+00,1.090842243998569074e+02,1.057239366138449213e+03,6.343436196830692779e+02
1.058899082568807444e+02,2.752551193329650370e-01,9.999999999999998224e+00,1.092669626068861675e+02,1.058899082568807671e+03,6.353394495412844662e+02
1.060558798999166044e+02,2.752551193329650370e-01,9.999999999999998224e+00,1.094497008139154133e+02,1.060558798999166356e+03,6.363352793994995409e+02
1.062218515429524643e+02,2.752551193329650370e-01,9.999999999999998224e+00,1.096324390209446733e+02,1.062218515429524814e+03,6.373311092577147292e+02
1.063878231859883243e+02,2.752551193329650370e-01,9.999999999999998224e+00,1.098151772279739191e+02,1.063878231859883499e+03,6.383269391159299175e+02
1.065537948290241985e+02,2.752551193329650370e-01,9.999999999999998224e+00,1.099979154350031934e+02,1.065537948290242184e+03,6.393227689741451059e+02
1.067197664720600585e+02,2.752551193329650370e-01,9.999999999999998224e+00,1.101806536420324534e+02,1.067197664720600869e+03,6.403185988323602942e+02
1.068857381150959185e+02,2.752551193329650370e-01,9.999999999999998224e+00,1.103633918490617134e+02,1.068857381150959554e+03,6.413144286905754825e+02
1.070517097581317785e+02,2.752551193329650370e-01,9.999999999999998224e+00,1.105461300560909592e+02,1.070517097581318012e+03,6.423102585487906708e+02
1.072176814011676527e+02,2.752551193329650370e-01,9.999999999999998224e+00,1.107288682631202335e+02,1.072176814011676925e+03,6.433060884070058592e+02
1.073836530442035126e+02,2.752551193329650370e-01,9.999999999999998224e+00,1.109116064701494793e+02,1.073836530442035382e+03,6.443019182652210475e+02
1.075496246872393726e+02,2.752551193329650370e-01,9.999999999999998224e+00,1.110943446771787393e+02,1.075496246872394067e+03,6.452977481234361221e+02
1.077155963302752326e+02,2.752551193329650370e-01,9.999999999999998224e+00,1.112770828842079993e+02,1.077155963302752525e+03,6.462935779816513104e+02
1.078815679733111068e+02,2.752551193329650370e-01,9.999999999999998224e+00,1.114598210912372593e+02,1.078815679733111438e+03,6.472894078398666124e+02
1.080475396163469668e+02,2.752551193329650370e-01,9.999999999999998224e+00,1.116425592982665194e+02,1.080475396163469895e+03,6.482852376980818008e+02
1.082135112593828268e+02,2.752551193329650370e-01,9.999999999999998224e+00,1.118252975052957652e+02,1.082135112593828580e+03,6.492810675562968754e+02
1.083794829024186868e+02,2.752551193329649815e-01,9.999999999999998224e+00,1.120080357123250252e+02,1.083794829024187038e+03,6.502768974145120637e+02
1.085454545454545467e+02,2.752551193329649815e-01,9.999999999999998224e+00,1.121907739193542852e+02,1.085454545454545723e+03,6.512727272727272521e+02
1.087114261884904209e+02,2.752551193329649815e-01,9.999999999999998224e+00,1.123735121263835453e+02,1.087114261884904408e+03,6.522685571309424404e+02
1.088773978315262809e+02,2.752551193329649815e-01,9.999999999999998224e+00,1.125562503334128053e+02,1.088773978315263093e+03,6.532643869891576287e+02
1.090433694745621409e+02,2.752551193329649815e-01,9.999999999999998224e+00,1.127389885404420653e+02,1.090433694745621779e+03,6.542602168473728170e+02
1.092093411175980009e+02,2.752551193329649815e-01,9.999999999999998224e+00,1.129217267474713111e+02,1.092093411175980236e+03,6.552560467055880054e+02
1.093753127606338751e+02,2.752551193329649815e-01,9.999999999999998224e+00,1.131044649545005853e+02,1.093753127606339149e+03,6.562518765638031937e+02
1.095412844036697351e+02,2.752551193329649815e-01,9.999999999999998224e+00,1.132872031615298454e+02,1.095412844036697606e+03,6.572477064220183820e+02
1.097072560467055951e+02,2.752551193329649815e-01,9.999999999999998224e+00,1.134699413685590912e+02,1.097072560467056292e+03,6.582435362802334566e+02
1.098732276897414550e+02,2.752551193329649815e-01,9.999999999999998224e+00,1.136526795755883512e+02,1.098732276897414749e+03,6.592393661384486450e+02
1.100391993327773292e+02,2.752551193329649815e-01,9.999999999999998224e+00,1.138354177826176112e+02,1.100391993327773662e+03,6.602351959966639470e+02
1.102051709758131892e+02,2.752551193329649815e-01,9.999999999999998224e+00,1.140181559896468713e+02,1.102051709758132120e+03,6.612310258548791353e+02
1.103711426188490492e+02,2.752551193329649815e-01,9.999999999999998224e+00,1.142008941966761313e+02,1.103711426188490805e+03,6.622268557130942099e+02
1.105371142618849092e+02,2.752551193329649815e-01,9.999999999999998224e+00,1.143836324037053771e+02,1.105371142618849262e+03,6.632226855713093983e+02
1.107030859049207692e+02,2.752551193329649815e-01,9.999999999999998224e+00,1.145663706107346371e+02,1.107030859049207947e+03,6.642185154295245866e+02
1.108690575479566434e+02,2.752551193329649815e-01,9.999999999999998224e+00,1.147491088177639114e+02,1.108690575479566633e+03,6.652143452877397749e+02
1.110350291909925033e+02,2.752551193329649815e-01,9.999999999999998224e+00,1.149318470247931572e+02,1.110350291909925318e+03,6.662101751459549632e+02
1.112010008340283633e+02,2.752551193329649815e-01,9.999999999999998224e+00,1.151145852318224172e+02,1.112010008340284003e+03,6.672060050041701516e+02
1.113669724770642233e+02,2.752551193329649815e-01,9.999999999999998224e+00,1.152973234388516630e+02,1.113669724770642460e+03,6.682018348623853399e+02
1.115329441201000975e+02,2.752551193329649815e-01,9.999999999999998224e+00,1.154800616458809372e+02,1.115329441201001373e+03,6.691976647206005282e+02
1.116989157631359575e+02,2.752551193329649815e-01,9.999999999999998224e+00,1.156627998529101973e+02,1.116989157631359831e+03,6.701934945788157165e+02
1.118648874061718175e+02,2.752551193329649815e-01,9.999999999999998224e+00,1.158455380599394431e+02,1.118648874061718516e+03,6.711893244370307912e+02
1.120308590492076775e+02,2.752551193329649815e-01,9.999999999999998224e+00,1.160282762669687031e+02,1.120308590492076974e+03,6.721851542952459795e+02
1.121968306922435374e+02,2.752551193329649815e-01,9.999999999999998224e+00,1.162110144739979631e+02,1.121968306922435659e+03,6.731809841534611678e+02
1.123628023352794116e+02,2.752551193329649815e-01,9.999999999999998224e+00,1.163937526810272232e+02,1.123628023352794344e+03,6.741768140116764698e+02
1.125287739783152716e+02,2.752551193329649815e-01,9.999999999999998224e+00,1.165764908880564832e+02,1.125287739783153029e+03,6.751726438698915445e+02
1.126947456213511316e+02,2.752551193329649815e-01,9.999999999999998224e+00,1.167592290950857432e+02,1.126947456213511487e+03,6.761684737281067328e+02
1.128607172643869916e+02,2.752551193329649815e-01,9.999999999999998224e+00,1.169419673021149890e+02,1.128607172643870172e+03,6.771643035863219211e+02
1.130266889074228658e+02,2.752551193329649815e-01,9.999999999999998224e+00,1.171247055091442633e+02,1.130266889074228857e+03,6.781601334445371094e+02
1.131926605504587258e+02,2.752551193329649815e-01,9.999999999999998224e+00,1.173074437161735233e+02,1.131926605504587542e+03,6.791559633027522977e+02
1.133586321934945857e+02,2.752551193329649815e-01,9.999999999999998224e+00,1.174901819232027691e+02,1.133586321934946227e+03,6.801517931609674861e+02
1.135246038365304457e+02,2.752551193329649815e-01,9.999999999999998224e+00,1.176729201302320291e+02,1.135246038365304685e+03,6.811476230191826744e+02
1.136905754795663199e+02,2.752551193329649815e-01,9.999999999999998224e+00,1.178556583372612891e+02,1.136905754795663597e+03,6.821434528773978627e+02
1.138565471226021799e+02,2.752551193329649815e-01,9.999999999999998224e+00,1.180383965442905492e+02,1.138565471226022055e+03,6.831392827356130510e+02
1.140225187656380399e+02,2.752551193329649815e-01,9.999999999999998224e+00,1.182211347513198092e+02,1.140225187656380740e+03,6.841351125938281257e+02
1.141884904086738999e+02,2.752551193329649815e-01,9.999999999999998224e+00,1.184038729583490550e+02,1.141884904086739198e+03,6.851309424520433140e+02
1.143544620517097599e+02,2.752551193329649815e-01,9.999999999999998224e+00,1.185866111653783150e+02,1.143544620517097883e+03,6.861267723102585023e+02
1.145204336947456341e+02,2.752551193329649815e-01,9.999999999999998224e+00,1.187693493724075893e+02,1.145204336947456568e+03,6.871226021684738043e+02
1.146864053377814940e+02,2.752551193329649815e-01,9.999999999999998224e+00,1.189520875794368351e+02,1.146864053377815253e+03,6.881184320266888790e+02
1.148523769808173540e+02,2.752551193329649815e-01,9.999999999999998224e+00,1.191348257864660951e+02,1.148523769808173711e+03,6.891142618849040673e+02
1.150183486238532140e+02,2.752551193329649815e-01,9.999999999999998224e+00,1.193175639934953409e+02,1.150183486238532396e+03,6.901100917431192556e+02
1.151843202668890882e+02,2.752551193329649815e-01,9.999999999999998224e+00,1.195003022005246152e+02,1.151843202668891081e+03,6.911059216013344439e+02
1.153502919099249482e+02,2.752551193329649815e-01,9.999999999999998224e+00,1.196830404075538752e+02,1.153502919099249766e+03,6.921017514595496323e+02
1.155162635529608082e+02,2.752551193329649815e-01,9.999999999999998224e+00,1.198657786145831210e+02,1.155162635529608451e+03,6.930975813177648206e+02
1.156822351959966682e+02,2.752551193329649815e-01,9.999999999999998224e+00,1.200485168216123810e+02,1.156822351959966909e+03,6.940934111759800089e+02
1.158482068390325423e+02,2.752551193329649815e-01,9.999999999999998224e+00,1.202312550286416553e+02,1.158482068390325821e+03,6.950892410341951972e+02
1.160141784820684023e+02,2.752551193329649815e-01,9.999999999999998224e+00,1.204139932356709011e+02,1.160141784820684279e+03,6.960850708924103856e+02
1.161801501251042623e+02,2.752551193329649815e-01,9.999999999999998224e+00,1.205967314427001611e+02,1.161801501251042964e+03,6.970809007506254602e+02
1.163461217681401223e+02,2.752551193329649815e-01,9.999999999999998224e+00,1.207794696497294069e+02,1.163461217681401422e+03,6.980767306088406485e+02
1.165120934111759823e+02,2.752551193329649815e-01,9.999999999999998224e+00,1.209622078567586527e+02,1.165120934111760107e+03,6.990725604670559505e+02
1.166780650542118565e+02,2.752551193329649815e-01,9.999999999999998224e+00,1.211449460637879270e+02,1.166780650542118792e+03,7.000683903252711389e+02
1.168440366972477165e+02,2.752551193329649815e-01,9.999999999999998224e+00,1.213276842708171870e+02,1.168440366972477477e+03,7.010642201834864409e+02
1.170100083402835764e+02,2.752551193329649815e-01,9.999999999999998224e+00,1.215104224778464328e+02,1.170100083402835935e+03,7.020600500417015155e+02
1.171759799833194364e+02,2.752551193329649815e-01,9.999999999999998224e+00,1.216931606848756786e+02,1.171759799833194620e+03,7.030558798999165901e+02
1.173419516263553106e+02,2.752551193329649815e-01,9.999999999999998224e+00,1.218758988919049528e+02,1.173419516263553305e+03,7.040517097581318922e+02
1.175079232693911706e+02,2.752551193329649815e-01,9.999999999999998224e+00,1.220586370989342129e+02,1.175079232693911990e+03,7.050475396163470805e+02
1.176738949124270306e+02,2.752551193329649815e-01,9.999999999999998224e+00,1.222413753059634729e+02,1.176738949124270675e+03,7.060433694745622688e+02
1.178398665554628906e+02,2.752551193329649815e-01,9.999999999999998224e+00,1.224241135129927329e+02,1.178398665554629133e+03,7.070391993327773434e+02
1.180058381984987506e+02,2.752551193329649815e-01,9.999999999999998224e+00,1.226068517200219787e+02,1.180058381984987818e+03,7.080350291909925318e+02
1.181718098415346248e+02,2.752551193329649815e-01,9.999999999999998224e+00,1.227895899270512388e+02,1.181718098415346503e+03,7.090308590492077201e+02
1.183377814845704847e+02,2.752551193329649815e-01,9.999999999999998224e+00,1.229723281340804988e+02,1.183377814845704961e+03,7.100266889074230221e+02
1.185037531276063447e+02,2.752551193329649815e-01,9.999999999999998224e+00,1.231550663411097588e+02,1.185037531276063874e+03,7.110225187656380967e+02
1.186697247706422047e+02,2.752551193329649815e-01,9.999999999999998224e+00,1.233378045481390046e+02,1.186697247706422331e+03,7.120183486238532851e+02
1.188356964136780789e+02,2.752551193329649815e-01,9.999999999999998224e+00,1.235205427551682789e+02,1.188356964136781244e+03,7.130141784820684734e+02
1.190016680567139389e+02,2.752551193329649815e-01,9.999999999999998224e+00,1.237032809621975247e+02,1.190016680567139701e+03,7.140100083402836617e+02
1.191676396997497989e+02,2.752551193329649815e-01,9.999999999999998224e+00,1.238860191692267847e+02,1.191676396997498159e+03,7.150058381984988500e+02
1.193336113427856588e+02,2.752551193329649815e-01,9.999999999999998224e+00,1.240687573762560447e+02,1.193336113427856844e+03,7.160016680567140384e+02
1.194995829858215330e+02,2.752551193329649815e-01,9.999999999999998224e+00,1.242514955832853190e+02,1.194995829858215529e+03,7.169974979149292267e+02
1.196655546288573930e+02,2.752551193329649815e-01,9.999999999999998224e+00,1.244342337903145648e+02,1.196655546288574214e+03,7.179933277731444150e+02
1.198315262718932530e+02,2.752551193329649815e-01,9.999999999999998224e+00,1.246169719973438248e+02,1.198315262718932900e+03,7.189891576313596033e+02
1.199974979149291130e+02,2.752551193329649815e-01,9.999999999999998224e+00,1.247997102043730706e+02,1.199974979149291357e+03,7.199849874895746780e+02
1.201634695579649730e+02,2.752551193329649815e-01,9.999999999999998224e+00,1.249824484114023306e+02,1.201634695579650042e+03,7.209808173477899800e+02
1.203294412010008472e+02,2.752551193329649815e-01,9.999999999999998224e+00,1.251651866184316049e+02,1.203294412010008728e+03,7.219766472060051683e+02
1.204954128440367072e+02,2.752551193329649815e-01,9.999999999999998224e+00,1.253479248254608649e+02,1.204954128440367413e+03,7.229724770642203566e+02
1.206613844870725671e+02,2.752551193329649815e-01,9.999999999999998224e+00,1.255306630324901107e+02,1.206613844870726098e+03,7.239683069224354313e+02
1.208273561301084271e+02,2.752551193329649815e-01,9.999999999999998224e+00,1.257134012395193707e+02,1.208273561301084555e+03,7.249641367806506196e+02
1.209933277731443013e+02,2.752551193329649815e-01,9.999999999999998224e+00,1.258961394465486308e+02,1.209933277731443241e+03,7.259599666388658079e+02
1.211592994161801613e+02,2.752551193329649815e-01,9.999999999999998224e+00,1.260788776535778908e+02,1.211592994161801926e+03,7.269557964970811099e+02
1.213252710592160213e+02,2.752551193329649815e-01,9.999999999999998224e+00,1.262616158606071508e+02,1.213252710592160383e+03,7.279516263552961846e+02
1.214912427022518813e+02,2.752551193329649815e-01,9.999999999999998224e+00,1.264443540676363966e+02,1.214912427022519068e+03,7.289474562135112592e+02
1.216572143452877555e+02,2.752551193329649815e-01,9.999999999999998224e+00,1.266270922746656566e+02,1.216572143452877754e+03,7.299432860717265612e+02
1.218231859883236154e+02,2.752551193329649815e-01,9.999999999999998224e+00,1.268098304816949167e+02,1.218231859883236439e+03,7.309391159299417495e+02
1.219891576313594754e+02,2.752551193329649815e-01,9.999999999999998224e+00,1.269925686887241767e+02,1.219891576313595124e+03,7.319349457881569379e+02
1.221551292743953354e+02,2.752551193329649815e-01,9.999999999999998224e+00,1.271753068957534225e+02,1.221551292743953582e+03,7.329307756463720125e+02
1.223211009174311954e+02,2.752551193329649815e-01,9.999999999999998224e+00,1.273580451027826825e+02,1.223211009174312267e+03,7.339266055045872008e+02
1.224870725604670696e+02,2.752551193329649815e-01,9.999999999999998224e+00,1.275407833098119568e+02,1.224870725604670952e+03,7.349224353628023891e+02
1.226530442035029296e+02,2.752551193329649815e-01,9.999999999999998224e+00,1.277235215168412026e+02,1.226530442035029409e+03,7.359182652210176911e+02
1.228190158465387896e+02,2.752551193329649815e-01,9.999999999999998224e+00,1.279062597238704626e+02,1.228190158465388322e+03,7.369140950792327658e+02
1.229849874895746495e+02,2.752551193329649815e-01,9.999999999999998224e+00,1.280889979308997226e+02,1.229849874895746780e+03,7.379099249374479541e+02
1.231509591326105237e+02,2.752551193329649815e-01,9.999999999999998224e+00,1.282717361379289969e+02,1.231509591326105692e+03,7.389057547956631424e+02
1.233169307756463837e+02,2.752551193329649815e-01,9.999999999999998224e+00,1.284544743449582427e+02,1.233169307756464150e+03,7.399015846538783308e+02
1.234829024186822437e+02,2.752551193329649815e-01,9.999999999999998224e+00,1.286372125519874885e+02,1.234829024186822608e+03,7.408974145120935191e+02
1.236488740617181037e+02,2.752551193329649815e-01,9.999999999999998224e+00,1.288199507590167627e+02,1.236488740617181293e+03,7.418932443703087074e+02
1.238148457047539637e+02,2.752551193329649815e-01,9.999999999999998224e+00,1.290026889660460085e+02,1.238148457047539978e+03,7.428890742285238957e+02
1.239808173477898379e+02,2.752551193329649815e-01,9.999999999999998224e+00,1.291854271730752828e+02,1.239808173477898663e+03,7.438849040867390841e+02
1.241467889908256979e+02,2.752551193329649815e-01,9.999999999999998224e+00,1.293681653801045286e+02,1.241467889908257348e+03,7.448807339449542724e+02
1.243127606338615578e+02,2.752551193329649815e-01,9.999999999999998224e+00,1.295509035871338028e+02,1.243127606338615806e+03,7.458765638031693470e+02
1.244787322768974178e+02,2.752551193329649815e-01,9.999999999999998224e+00,1.297336417941630486e+02,1.244787322768974491e+03,7.468723936613846490e+02
1.246447039199332920e+02,2.752551193329649815e-01,9.999999999999998224e+00,1.299163800011922945e+02,1.246447039199333176e+03,7.478682235195998373e+02
1.248106755629691520e+02,2.752551193329649815e-01,9.999999999999998224e+00,1.300991182082215687e+02,1.248106755629691861e+03,7.488640533778150257e+02
1.249766472060050120e+02,2.752551193329649815e-01,9.999999999999998224e+00,1.302818564152508145e+02,1.249766472060050546e+03,7.498598832360301003e+02
1.251426188490408720e+02,2.752551193329649815e-01,9.999999999999998224e+00,1.304645946222800603e+02,1.251426188490409004e+03,7.508557130942452886e+02
1.253085904920767462e+02,2.752551193329649815e-01,9.999999999999998224e+00,1.306473328293093346e+02,1.253085904920767689e+03,7.518515429524604770e+02
1.254745621351126061e+02,2.752551193329649815e-01,9.999999999999998224e+00,1.308300710363386088e+02,1.254745621351126374e+03,7.528473728106757790e+02
1.256405337781484661e+02,2.752551193329649815e-01,9.999999999999998224e+00,1.310128092433678546e+02,1.256405337781484832e+03,7.538432026688908536e+02
1.258065054211843261e+02,2.752551193329649815e-01,9.999999999999998224e+00,1.311955474503971004e+02,1.258065054211843517e+03,7.548390325271059282e+02
1.259724770642201861e+02,2.752551193329649815e-01,9.999999999999998224e+00,1.313782856574263747e+02,1.259724770642202202e+03,7.558348623853212302e+02
1.261384487072560603e+02,2.752551193329649815e-01,9.999999999999998224e+00,1.315610238644556489e+02,1.261384487072560887e+03,7.568306922435364186e+02
1.263044203502919203e+02,2.752551193329649815e-01,9.999999999999998224e+00,1.317437620714848663e+02,1.263044203502919572e+03,7.578265221017516069e+02
1.264703919933277803e+02,2.752551193329649815e-01,9.999999999999998224e+00,1.319265002785141405e+02,1.264703919933278030e+03,7.588223519599666815e+02
1.266363636363636402e+02,2.752551193329649815e-01,9.999999999999998224e+00,1.321092384855433863e+02,1.266363636363636715e+03,7.598181818181818699e+02
1.268023352793995144e+02,2.752551193329649815e-01,9.999999999999998224e+00,1.322919766925726606e+02,1.268023352793995400e+03,7.608140116763970582e+02
1.269683069224353744e+02,2.752551193329649815e-01,9.999999999999998224e+00,1.324747148996019064e+02,1.269683069224353858e+03,7.618098415346123602e+02
1.271342785654712344e+02,2.752551193329649815e-01,9.999999999999998224e+00,1.326574531066311806e+02,1.271342785654712770e+03,7.628056713928274348e+02
1.273002502085070944e+02,2.752551193329649815e-01,9.999999999999998224e+00,1.328401913136604264e+02,1.273002502085071228e+03,7.638015012510425095e+02
1.274662218515429686e+02,2.752551193329649815e-01,9.999999999999998224e+00,1.330229295206897007e+02,1.274662218515430141e+03,7.647973311092578115e+02
1.276321934945788286e+02,2.752551193329649815e-01,9.999999999999998224e+00,1.332056677277189465e+02,1.276321934945788598e+03,7.657931609674729998e+02
1.277981651376146885e+02,2.752551193329649815e-01,9.999999999999998224e+00,1.333884059347482207e+02,1.277981651376147056e+03,7.667889908256881881e+02
1.279641367806505485e+02,2.752551193329649815e-01,9.999999999999998224e+00,1.335711441417774665e+02,1.279641367806505741e+03,7.677848206839033764e+02
1.281301084236864085e+02,2.752551193329649815e-01,9.999999999999998224e+00,1.337538823488067123e+02,1.281301084236864426e+03,7.687806505421185648e+02
1.282960800667222827e+02,2.752551193329649815e-01,9.999999999999998224e+00,1.339366205558359866e+02,1.282960800667223111e+03,7.697764804003337531e+02
1.284620517097581285e+02,2.752551193329649815e-01,9.999999999999998224e+00,1.341193587628652324e+02,1.284620517097581569e+03,7.707723102585488277e+02
1.286280233527940027e+02,2.752551193329649815e-01,9.999999999999998224e+00,1.343020969698944782e+02,1.286280233527940254e+03,7.717681401167640161e+02
1.287939949958298769e+02,2.752551193329649815e-01,9.999999999999998224e+00,1.344848351769237524e+02,1.287939949958299167e+03,7.727639699749793181e+02
1.289599666388657226e+02,2.752551193329649815e-01,9.999999999999998224e+00,1.346675733839529983e+02,1.289599666388657624e+03,7.737597998331943927e+02
1.291259382819015968e+02,2.752551193329649815e-01,9.999999999999998224e+00,1.348503115909822725e+02,1.291259382819016309e+03,7.747556296914096947e+02
1.292919099249374710e+02,2.752551193329649815e-01,9.999999999999998224e+00,1.350330497980115467e+02,1.292919099249374995e+03,7.757514595496248830e+02
1.294578815679733168e+02,2.752551193329649815e-01,9.999999999999998224e+00,1.352157880050407925e+02,1.294578815679733452e+03,7.767472894078399577e+02
1.296238532110091910e+02,2.752551193329649815e-01,9.999999999999998224e+00,1.353985262120700668e+02,1.296238532110092137e+03,7.777431192660551460e+02
1.297898248540450368e+02,2.752551193329649815e-01,9.999999999999998224e+00,1.355812644190992842e+02,1.297898248540450595e+03,7.787389491242702206e+02
1.299557964970809110e+02,2.752551193329649815e-01,9.999999999999998224e+00,1.357640026261285584e+02,1.299557964970809280e+03,7.797347789824855226e+02
1.301217681401167852e+02,2.752551193329649815e-01,9.999999999999998224e+00,1.359467408331578326e+02,1.301217681401168193e+03,7.807306088407008247e+02
1.302877397831526309e+02,2.752551193329649815e-01,9.999999999999998224e+00,1.361294790401870500e+02,1.302877397831526650e+03,7.817264386989158993e+02
1.304537114261885051e+02,2.752551193329649815e-01,9.999999999999998224e+00,1.363122172472163243e+02,1.304537114261885336e+03,7.827222685571310876e+02
1.306196830692243509e+02,2.752551193329649815e-01,9.999999999999998224e+00,1.364949554542455701e+02,1.306196830692243793e+03,7.837180984153461623e+02
1.307856547122602251e+02,2.752551193329649815e-01,9.999999999999998224e+00,1.366776936612748443e+02,1.307856547122602478e+03,7.847139282735613506e+02
1.309516263552960993e+02,2.752551193329649815e-01,9.999999999999998224e+00,1.368604318683041186e+02,1.309516263552961391e+03,7.857097581317766526e+02
1.311175979983319451e+02,2.752551193329649815e-01,9.999999999999998224e+00,1.370431700753333644e+02,1.311175979983319849e+03,7.867055879899917272e+02
1.312835696413678193e+02,2.752551193329649815e-01,9.999999999999998224e+00,1.372259082823626386e+02,1.312835696413678306e+03,7.877014178482070292e+02
1.314495412844036650e+02,2.752551193329649815e-01,9.999999999999998224e+00,1.374086464893918560e+02,1.314495412844036764e+03,7.886972477064221039e+02
1.316155129274395392e+02,2.752551193329649815e-01,9.999999999999998224e+00,1.375913846964211302e+02,1.316155129274395676e+03,7.896930775646371785e+02
1.317814845704754134e+02,2.752551193329649815e-01,9.999999999999998224e+00,1.377741229034504045e+02,1.317814845704754589e+03,7.906889074228524805e+02
1.319474562135112592e+02,2.752551193329649815e-01,9.999999999999998224e+00,1.379568611104796503e+02,1.319474562135113047e+03,7.916847372810675552e+02
1.321134278565471334e+02,2.752551193329649815e-01,9.999999999999998224e+00,1.381395993175088961e+02,1.321134278565471504e+03,7.926805671392828572e+02
1.322793994995830076e+02,2.752551193329649815e-01,9.999999999999998224e+00,1.383223375245381703e+02,1.322793994995830417e+03,7.936763969974981592e+02
1.324453711426188534e+02,2.752551193329649815e-01,9.999999999999998224e+00,1.385050757315674161e+02,1.324453711426188875e+03,7.946722268557131201e+02
1.326113427856547275e+02,2.752551193329649815e-01,9.999999999999998224e+00,1.386878139385967188e+02,1.326113427856547560e+03,7.956680567139284221e+02
1.327773144286905733e+02,2.752551193329649815e-01,9.999999999999998224e+00,1.388705521456259362e+02,1.327773144286906017e+03,7.966638865721434968e+02
1.329432860717264475e+02,2.752551193329649815e-01,9.999999999999998224e+00,1.390532903526552104e+02,1.329432860717264703e+03,7.976597164303586851e+02
1.331092577147623217e+02,2.752551193329649815e-01,9.999999999999998224e+00,1.392360285596844847e+02,1.331092577147623615e+03,7.986555462885739871e+02
1.332752293577981675e+02,2.752551193329649815e-01,9.999999999999998224e+00,1.394187667667137021e+02,1.332752293577982073e+03,7.996513761467890617e+02
1.334412010008340417e+02,2.752551193329649815e-01,9.999999999999998224e+00,1.396015049737429763e+02,1.334412010008340758e+03,8.006472060050043638e+02
1.336071726438698875e+02,2.752551193329649815e-01,9.999999999999998224e+00,1.397842431807722221e+02,1.336071726438699216e+03,8.016430358632194384e+02
1.337731442869057616e+02,2.752551193329649815e-01,9.999999999999998224e+00,1.399669813878014963e+02,1.337731442869057901e+03,8.026388657214346267e+02
1.339391159299416358e+02,2.752551193329649815e-01,9.999999999999998224e+00,1.401497195948307422e+02,1.339391159299416586e+03,8.036346955796498150e+02
1.341050875729774816e+02,2.752551193329649815e-01,9.999999999999998224e+00,1.403324578018600164e+02,1.341050875729775044e+03,8.046305254378648897e+02
1.342710592160133558e+02,2.752551193329649815e-01,9.999999999999998224e+00,1.405151960088892622e+02,1.342710592160133729e+03,8.056263552960801917e+02
1.344370308590492300e+02,2.752551193329649815e-01,9.999999999999998224e+00,1.406979342159185364e+02,1.344370308590492641e+03,8.066221851542954937e+02
1.346030025020850758e+02,2.752551193329649815e-01,9.999999999999998224e+00,1.408806724229477823e+02,1.346030025020851099e+03,8.076180150125105683e+02
1.347689741451209500e+02,2.752551193329649815e-01,9.999999999999998224e+00,1.410634106299770565e+02,1.347689741451209784e+03,8.086138448707257567e+02
1.349349457881567957e+02,2.752551193329649815e-01,9.999999999999998224e+00,1.412461488370062739e+02,1.349349457881568242e+03,8.096096747289408313e+02
1.351009174311926699e+02,2.752551193329649815e-01,9.999999999999998224e+00,1.414288870440355481e+02,1.351009174311926927e+03,8.106055045871560196e+02
1.352668890742285441e+02,2.752551193329649815e-01,9.999999999999998224e+00,1.416116252510648224e+02,1.352668890742285839e+03,8.116013344453713216e+02
1.354328607172643899e+02,2.752551193329649815e-01,9.999999999999998224e+00,1.417943634580940682e+02,1.354328607172644297e+03,8.125971643035863963e+02
1.355988323603002641e+02,2.752551193329649815e-01,9.999999999999998224e+00,1.419771016651233424e+02,1.355988323603002755e+03,8.135929941618016983e+02
1.357648040033361099e+02,2.752551193329649815e-01,9.999999999999998224e+00,1.421598398721525882e+02,1.357648040033361212e+03,8.145888240200167729e+02
1.359307756463719841e+02,2.752551193329649815e-01,9.999999999999998224e+00,1.423425780791818624e+02,1.359307756463720125e+03,8.155846538782318476e+02
1.360967472894078583e+02,2.752551193329649815e-01,9.999999999999998224e+00,1.425253162862111367e+02,1.360967472894079037e+03,8.165804837364471496e+02
1.362627189324437040e+02,2.752551193329649815e-01,9.999999999999998224e+00,1.427080544932403541e+02,1.362627189324437495e+03,8.175763135946622242e+02
1.364286905754795782e+02,2.752551193329649815e-01,9.999999999999998224e+00,1.428907927002696283e+02,1.364286905754795953e+03,8.185721434528775262e+02
1.365946622185154524e+02,2.752551193329649815e-01,9.999999999999998224e+00,1.430735309072989025e+02,1.365946622185154865e+03,8.195679733110928282e+02
1.367606338615512982e+02,2.752551193329649815e-01,9.999999999999998224e+00,1.432562691143281199e+02,1.367606338615513323e+03,8.205638031693077892e+02
1.369266055045871724e+02,2.752551193329649815e-01,9.999999999999998224e+00,1.434390073213573942e+02,1.369266055045872008e+03,8.215596330275230912e+02
1.370925771476230182e+02,2.752551193329649815e-01,9.999999999999998224e+00,1.436217455283866400e+02,1.370925771476230466e+03,8.225554628857381658e+02
1.372585487906588924e+02,2.752551193329649815e-01,9.999999999999998224e+00,1.438044837354159142e+02,1.372585487906589151e+03,8.235512927439533541e+02
1.374245204336947666e+02,2.752551193329649815e-01,9.999999999999998224e+00,1.439872219424451600e+02,1.374245204336948063e+03,8.245471226021686562e+02
1.375904920767306123e+02,2.752551193329649815e-01,9.999999999999998224e+00,1.441699601494744343e+02,1.375904920767306521e+03,8.255429524603837308e+02
1.377564637197664865e+02,2.752551193329649815e-01,9.999999999999998224e+00,1.443526983565036801e+02,1.377564637197664979e+03,8.265387823185989191e+02
1.379224353628023323e+02,2.752551193329649815e-01,9.999999999999998224e+00,1.445354365635329259e+02,1.379224353628023664e+03,8.275346121768141074e+02
1.380884070058382065e+02,2.752551193329649815e-01,9.999999999999998224e+00,1.447181747705622001e+02,1.380884070058382349e+03,8.285304420350292958e+02
1.382543786488740807e+02,2.752551193329649815e-01,9.999999999999998224e+00,1.449009129775914744e+02,1.382543786488741034e+03,8.295262718932444841e+02
1.384203502919099265e+02,2.752551193329649815e-01,9.999999999999998224e+00,1.450836511846206918e+02,1.384203502919099492e+03,8.305221017514595587e+02
1.385863219349458006e+02,2.752551193329649815e-01,9.999999999999998224e+00,1.452663893916499660e+02,1.385863219349458177e+03,8.315179316096748607e+02
1.387522935779816748e+02,2.752551193329649815e-01,9.999999999999998224e+00,1.454491275986792402e+02,1.387522935779817089e+03,8.325137614678901627e+02
1.389182652210175206e+02,2.752551193329649815e-01,9.999999999999998224e+00,1.456318658057084861e+02,1.389182652210175547e+03,8.335095913261052374e+02
1.390842368640533948e+02,2.752551193329649815e-01,9.999999999999998224e+00,1.458146040127377603e+02,1.390842368640534232e+03,8.345054211843204257e+02
1.392502085070892406e+02,2.752551193329649815e-01,9.999999999999998224e+00,1.459973422197670061e+02,1.392502085070892690e+03,8.355012510425355003e+02
1.394161801501251148e+02,2.752551193329649815e-01,9.999999999999998224e+00,1.461800804267962803e+02,1.394161801501251375e+03,8.364970809007506887e+02
1.395821517931609890e+02,2.752551193329649815e-01,9.999999999999998224e+00,1.463628186338255546e+02,1.395821517931610288e+03,8.374929107589659907e+02
1.397481234361968347e+02,2.752551193329649815e-01,9.999999999999998224e+00,1.465455568408547720e+02,1.397481234361968745e+03,8.384887406171810653e+02
1.399140950792327089e+02,2.752551193329649815e-01,9.999999999999998224e+00,1.467282950478840462e+02,1.399140950792327203e+03,8.394845704753963673e+02
1.400800667222685547e+02,2.752551193329649815e-01,9.999999999999998224e+00,1.469110332549132636e+02,1.400800667222685661e+03,8.404804003336114420e+02
1.402460383653044289e+02,2.752551193329649815e-01,9.999999999999998224e+00,1.470937714619425378e+02,1.402460383653044573e+03,8.414762301918265166e+02
1.404120100083403031e+02,2.752551193329649815e-01,9.999999999999998224e+00,1.472765096689718121e+02,1.404120100083403486e+03,8.424720600500418186e+02
1.405779816513761489e+02,2.752551193329649815e-01,9.999999999999998224e+00,1.474592478760010863e+02,1.405779816513761943e+03,8.434678899082568932e+02
1.407439532944120231e+02,2.752551193329649815e-01,9.999999999999998224e+00,1.476419860830303321e+02,1.407439532944120401e+03,8.444637197664721953e+02
1.409099249374478973e+02,2.752551193329649815e-01,9.999999999999998224e+00,1.478247242900596063e+02,1.409099249374479314e+03,8.454595496246874973e+02
1.410758965804837430e+02,2.752551193329649815e-01,9.999999999999998224e+00,1.480074624970888522e+02,1.410758965804837771e+03,8.464553794829024582e+02
1.412418682235196172e+02,2.752551193329649815e-01,9.999999999999998224e+00,1.481902007041181264e+02,1.412418682235196457e+03,8.474512093411177602e+02
1.414078398665554630e+02,2.752551193329649815e-01,9.999999999999998224e+00,1.483729389111473438e+02,1.414078398665554914e+03,8.484470391993328349e+02
1.415738115095913372e+02,2.752551193329649815e-01,9.999999999999998224e+00,1.485556771181766180e+02,1.415738115095913599e+03,8.494428690575480232e+02
1.417397831526272114e+02,2.752551193329649815e-01,9.999999999999998224e+00,1.487384153252058923e+02,1.417397831526272512e+03,8.504386989157633252e+02
1.419057547956630572e+02,2.752551193329649815e-01,9.999999999999998224e+00,1.489211535322351381e+02,1.419057547956630970e+03,8.514345287739783998e+02
1.420717264386989314e+02,2.752551193329649815e-01,9.999999999999998224e+00,1.491038917392643839e+02,1.420717264386989427e+03,8.524303586321935882e+02
1.422376980817347771e+02,2.752551193329649815e-01,9.999999999999998224e+00,1.492866299462936581e+02,1.422376980817348112e+03,8.534261884904087765e+02
1.424036697247706513e+02,2.752551193329649815e-01,9.999999999999998224e+00,1.494693681533229039e+02,1.424036697247706797e+03,8.544220183486239648e+02
1.425696413678065255e+02,2.752551193329649815e-01,9.999999999999998224e+00,1.496521063603521782e+02,1.425696413678065483e+03,8.554178482068391531e+02
1.427356130108423713e+02,2.752551193329649815e-01,9.999999999999998224e+00,1.498348445673814240e+02,1.427356130108423940e+03,8.564136780650542278e+02
1.429015846538782455e+02,2.752551193329649815e-01,9.999999999999998224e+00,1.500175827744106982e+02,1.429015846538782625e+03,8.574095079232695298e+02
1.430675562969140913e+02,2.752551193329649815e-01,9.999999999999998224e+00,1.502003209814399156e+02,1.430675562969141083e+03,8.584053377814846044e+02
1.432335279399499655e+02,2.752551193329649815e-01,9.999999999999998224e+00,1.503830591884691898e+02,1.432335279399499996e+03,8.594011676396999064e+02
1.433994995829858397e+02,2.752551193329649815e-01,9.999999999999998224e+00,1.505657973954984641e+02,1.433994995829858681e+03,8.603969974979150948e+02
1.435654712260216854e+02,2.752551193329649815e-01,9.999999999999998224e+00,1.507485356025277099e+02,1.435654712260217138e+03,8.613928273561301694e+02
1.437314428690575596e+02,2.752551193329649815e-01,9.999999999999998224e+00,1.509312738095569557e+02,1.437314428690575824e+03,8.623886572143453577e+02
1.438974145120934338e+02,2.752551193329649815e-01,9.999999999999998224e+00,1.511140120165862584e+02,1.438974145120934736e+03,8.633844870725606597e+02
1.440633861551292796e+02,2.752551193329649815e-01,9.999999999999998224e+00,1.512967502236155042e+02,1.440633861551293194e+03,8.643803169307757344e+02
1.442293577981651538e+02,2.752551193329649815e-01,9.999999999999998224e+00,1.514794884306447500e+02,1.442293577981651651e+03,8.653761467889910364e+02
1.443953294412009996e+02,2.752551193329649815e-01,9.999999999999998224e+00,1.516622266376739958e+02,1.443953294412010109e+03,8.663719766472061110e+02
1.445613010842368737e+02,2.752551193329649815e-01,9.999999999999998224e+00,1.518449648447032700e+02,1.445613010842369022e+03,8.673678065054211856e+02
1.447272727272727479e+02,2.752551193329649815e-01,9.999999999999998224e+00,1.520277030517325443e+02,1.447272727272727934e+03,8.683636363636364877e+02
1.448932443703085937e+02,2.752551193329649815e-01,9.999999999999998224e+00,1.522104412587617617e+02,1.448932443703086392e+03,8.693594662218515623e+02
1.450592160133444679e+02,2.752551193329649815e-01,9.999999999999998224e+00,1.523931794657910359e+02,1.450592160133444850e+03,8.703552960800668643e+02
1.452251876563803137e+02,2.752551193329649815e-01,9.999999999999998224e+00,1.525759176728202817e+02,1.452251876563803307e+03,8.713511259382819389e+02
1.453911592994161879e+02,2.752551193329649815e-01,9.999999999999998224e+00,1.527586558798495560e+02,1.453911592994162220e+03,8.723469557964971273e+02
1.455571309424520621e+02,2.752551193329649815e-01,9.999999999999998224e+00,1.529413940868788018e+02,1.455571309424520678e+03,8.733427856547123156e+02
1.457231025854879078e+02,2.752551193329649815e-01,9.999999999999998224e+00,1.531241322939080760e+02,1.457231025854879363e+03,8.743386155129275039e+02
1.458890742285237820e+02,2.752551193329649815e-01,9.999999999999998224e+00,1.533068705009373218e+02,1.458890742285238048e+03,8.753344453711426922e+02
1.460550458715596562e+02,2.752551193329649815e-01,9.999999999999998224e+00,1.534896087079665961e+02,1.460550458715596960e+03,8.763302752293579942e+02
1.462210175145955020e+02,2.752551193329649815e-01,9.999999999999998224e+00,1.536723469149958419e+02,1.462210175145955418e+03,8.773261050875730689e+02
1.463869891576313762e+02,2.752551193329649815e-01,9.999999999999998224e+00,1.538550851220251161e+02,1.463869891576313876e+03,8.783219349457882572e+02
1.465529608006672220e+02,2.752551193329649815e-01,9.999999999999998224e+00,1.540378233290543619e+02,1.465529608006672561e+03,8.793177648040034455e+02
1.467189324437030962e+02,2.752551193329649815e-01,9.999999999999998224e+00,1.542205615360836077e+02,1.467189324437031246e+03,8.803135946622186339e+02
1.468849040867389704e+02,2.752551193329649815e-01,9.999999999999998224e+00,1.544032997431128820e+02,1.468849040867389931e+03,8.813094245204338222e+02
1.470508757297748161e+02,2.752551193329649815e-01,9.999999999999998224e+00,1.545860379501421278e+02,1.470508757297748389e+03,8.823052543786488968e+02
1.472168473728106903e+02,2.752551193329649815e-01,9.999999999999998224e+00,1.547687761571714020e+02,1.472168473728107074e+03,8.833010842368641988e+02
1.473828190158465361e+02,2.752551193329649815e-01,9.999999999999998224e+00,1.549515143642006478e+02,1.473828190158465532e+03,8.842969140950792735e+02
1.475487906588824103e+02,2.752551193329649815e-01,9.999999999999998224e+00,1.551342525712299221e+02,1.475487906588824444e+03,8.852927439532945755e+02
1.477147623019182845e+02,2.752551193329649815e-01,9.999999999999998224e+00,1.553169907782591679e+02,1.477147623019183129e+03,8.862885738115097638e+02
1.478807339449541303e+02,2.752551193329649815e-01,9.999999999999998224e+00,1.554997289852884137e+02,1.478807339449541587e+03,8.872844036697248384e+02
1.480467055879900045e+02,2.752551193329649815e-01,9.999999999999998224e+00,1.556824671923176879e+02,1.480467055879900272e+03,8.882802335279400268e+02
1.482126772310258787e+02,2.752551193329649815e-01,9.999999999999998224e+00,1.558652053993469622e+02,1.482126772310259184e+03,8.892760633861553288e+02
1.483786488740617244e+02,2.752551193329649815e-01,9.999999999999998224e+00,1.560479436063761796e+02,1.483786488740617642e+03,8.902718932443704034e+02
1.485446205170975986e+02,2.752551193329649815e-01,9.999999999999998224e+00,1.562306818134054538e+02,1.485446205170976327e+03,8.912677231025857054e+02
1.487105921601334444e+02,2.752551193329649815e-01,9.999999999999998224e+00,1.564134200204346996e+02,1.487105921601334785e+03,8.922635529608007801e+02
1.488765638031693186e+02,2.752551193329649815e-01,9.999999999999998224e+00,1.565961582274639738e+02,1.488765638031693470e+03,8.932593828190158547e+02
1.490425354462051928e+02,2.752551193329649815e-01,9.999999999999998224e+00,1.567788964344932481e+02,1.490425354462052155e+03,8.942552126772311567e+02
1.492085070892410386e+02,2.752551193329649815e-01,9.999999999999998224e+00,1.569616346415224939e+02,1.492085070892410613e+03,8.952510425354462313e+02
1.493744787322769128e+02,2.752551193329649815e-01,9.999999999999998224e+00,1.571443728485517681e+02,1.493744787322769298e+03,8.962468723936615334e+02
1.495404503753127585e+02,2.752551193329649815e-01,9.999999999999998224e+00,1.573271110555809855e+02,1.495404503753127756e+03,8.972427022518766080e+02
1.497064220183486327e+02,2.752551193329649815e-01,9.999999999999998224e+00,1.575098492626102598e+02,1.497064220183486668e+03,8.982385321100917963e+02
1.498723936613845069e+02,2.752551193329649815e-01,9.999999999999998224e+00,1.576925874696395340e+02,1.498723936613845353e+03,8.992343619683069846e+02
1.500383653044203527e+02,2.752551193329649815e-01,9.999999999999998224e+00,1.578753256766687798e+02,1.500383653044203811e+03,9.002301918265221730e+02
1.502043369474562269e+02,2.752551193329649815e-01,9.999999999999998224e+00,1.580580638836980256e+02,1.502043369474562496e+03,9.012260216847373613e+02
1.503703085904921011e+02,2.752551193329649815e-01,9.999999999999998224e+00,1.582408020907272999e+02,1.503703085904921409e+03,9.022218515429526633e+02
1.505362802335279468e+02,2.752551193329649815e-01,9.999999999999998224e+00,1.584235402977565457e+02,1.505362802335279639e+03,9.032176814011677379e+02
1.507022518765638210e+02,2.752551193329649815e-01,9.999999999999998224e+00,1.586062785047858199e+02,1.507022518765638324e+03,9.042135112593829263e+02
1.508682235195996668e+02,2.752551193329649815e-01,9.999999999999998224e+00,1.587890167118150657e+02,1.508682235195997009e+03,9.052093411175981146e+02
1.510341951626355410e+02,2.752551193329649815e-01,9.999999999999998224e+00,1.589717549188443400e+02,1.510341951626355694e+03,9.062051709758133029e+02
1.512001668056714152e+02,2.752551193329649815e-01,9.999999999999998224e+00,1.591544931258736142e+02,1.512001668056714379e+03,9.072010008340284912e+02
1.513661384487072610e+02,2.752551193329649815e-01,9.999999999999998224e+00,1.593372313329028316e+02,1.513661384487072837e+03,9.081968306922435659e+02
1.515321100917431352e+02,2.752551193329649815e-01,9.999999999999998224e+00,1.595199695399321058e+02,1.515321100917431522e+03,9.091926605504588679e+02
1.516980817347789809e+02,2.752551193329649815e-01,9.999999999999998224e+00,1.597027077469613232e+02,1.516980817347789980e+03,9.101884904086739425e+02
1.518640533778148551e+02,2.752551193329649815e-01,9.999999999999998224e+00,1.598854459539906259e+02,1.518640533778148892e+03,9.111843202668892445e+02
1.520300250208507293e+02,2.752551193329649815e-01,9.999999999999998224e+00,1.600681841610198717e+02,1.520300250208507578e+03,9.121801501251044328e+02
1.521959966638865751e+02,2.752551193329649815e-01,9.999999999999998224e+00,1.602509223680491175e+02,1.521959966638866035e+03,9.131759799833193938e+02
1.523619683069224493e+02,2.752551193329649815e-01,9.999999999999998224e+00,1.604336605750783917e+02,1.523619683069224720e+03,9.141718098415346958e+02
1.525279399499583235e+02,2.752551193329649815e-01,9.999999999999998224e+00,1.606163987821076660e+02,1.525279399499583633e+03,9.151676396997499978e+02
1.526939115929941693e+02,2.752551193329649815e-01,9.999999999999998224e+00,1.607991369891369118e+02,1.526939115929942091e+03,9.161634695579650725e+02
1.528598832360300435e+02,2.752551193329649815e-01,9.999999999999998224e+00,1.609818751961661860e+02,1.528598832360300776e+03,9.171592994161803745e+02
1.530258548790658892e+02,2.752551193329649815e-01,9.999999999999998224e+00,1.611646134031954034e+02,1.530258548790659233e+03,9.181551292743954491e+02
1.531918265221017634e+02,2.752551193329649815e-01,9.999999999999998224e+00,1.613473516102246776e+02,1.531918265221017919e+03,9.191509591326105237e+02
1.533577981651376376e+02,2.752551193329649815e-01,9.999999999999998224e+00,1.615300898172539519e+02,1.533577981651376604e+03,9.201467889908258257e+02
1.535237698081734834e+02,2.752551193329649815e-01,9.999999999999998224e+00,1.617128280242831977e+02,1.535237698081735061e+03,9.211426188490409004e+02
1.536897414512093576e+02,2.752551193329649815e-01,9.999999999999998224e+00,1.618955662313124719e+02,1.536897414512093746e+03,9.221384487072562024e+02
1.538557130942452034e+02,2.752551193329649815e-01,9.999999999999998224e+00,1.620783044383417177e+02,1.538557130942452204e+03,9.231342785654712770e+02
1.540216847372810776e+02,2.752551193329649815e-01,9.999999999999998224e+00,1.622610426453709636e+02,1.540216847372811117e+03,9.241301084236864654e+02
1.541876563803169518e+02,2.752551193329649815e-01,9.999999999999998224e+00,1.624437808524002378e+02,1.541876563803169802e+03,9.251259382819016537e+02
1.543536280233527975e+02,2.752551193329649815e-01,9.999999999999998224e+00,1.626265190594294836e+02,1.543536280233528259e+03,9.261217681401168420e+02
1.545195996663886717e+02,2.752551193329649815e-01,9.999999999999998224e+00,1.628092572664587578e+02,1.545195996663886945e+03,9.271175979983320303e+02
1.546855713094245175e+02,2.752551193329649815e-01,9.999999999999998224e+00,1.629919954734879752e+02,1.546855713094245402e+03,9.281134278565471050e+02
1.548515429524603917e+02,2.752551193329649815e-01,9.999999999999998224e+00,1.631747336805172495e+02,1.548515429524604087e+03,9.291092577147624070e+02
1.550175145954962659e+02,2.752551193329649815e-01,9.999999999999998224e+00,1.633574718875465237e+02,1.550175145954962773e+03,9.301050875729775953e+02
1.551834862385321117e+02,2.752551193329649815e-01,9.999999999999998224e+00,1.635402100945757695e+02,1.551834862385321458e+03,9.311009174311927836e+02
1.553494578815679859e+02,2.752551193329649815e-01,9.999999999999998224e+00,1.637229483016050438e+02,1.553494578815680143e+03,9.320967472894079719e+02
1.555154295246038600e+02,2.752551193329649815e-01,9.999999999999998224e+00,1.639056865086342896e+02,1.555154295246038828e+03,9.330925771476231603e+02
1.556814011676397058e+02,2.752551193329649815e-01,9.999999999999998224e+00,1.640884247156635354e+02,1.556814011676397286e+03,9.340884070058382349e+02
1.558473728106755800e+02,2.752551193329649815e-01,9.999999999999998224e+00,1.642711629226928096e+02,1.558473728106755971e+03,9.350842368640535369e+02
1.560133444537114258e+02,2.752551193329649815e-01,9.999999999999998224e+00,1.644539011297220554e+02,1.560133444537114428e+03,9.360800667222686116e+02
1.561793160967473000e+02,2.752551193329649815e-01,9.999999999999998224e+00,1.646366393367513297e+02,1.561793160967473341e+03,9.370758965804839136e+02
1.563452877397831742e+02,2.752551193329649815e-01,9.999999999999998224e+00,1.648193775437806039e+02,1.563452877397832026e+03,9.380717264386991019e+02
1.565112593828190199e+02,2.752551193329649815e-01,9.999999999999998224e+00,1.650021157508098213e+02,1.565112593828190484e+03,9.390675562969141765e+02
1.566772310258548941e+02,2.752551193329649815e-01,9.999999999999998224e+00,1.651848539578390955e+02,1.566772310258549169e+03,9.400633861551293649e+02
1.568432026688907399e+02,2.752551193329649815e-01,9.999999999999998224e+00,1.653675921648683413e+02,1.568432026688907627e+03,9.410592160133444395e+02
1.570091743119266141e+02,2.752551193329649815e-01,9.999999999999998224e+00,1.655503303718976156e+02,1.570091743119266539e+03,9.420550458715597415e+02
1.571751459549624883e+02,2.752551193329649815e-01,9.999999999999998224e+00,1.657330685789268898e+02,1.571751459549625224e+03,9.430508757297749298e+02
1.573411175979983341e+02,2.752551193329649815e-01,9.999999999999998224e+00,1.659158067859561356e+02,1.573411175979983454e+03,9.440467055879900045e+02
1.575070892410342083e+02,2.752551193329649815e-01,9.999999999999998224e+00,1.660985449929853814e+02,1.575070892410342367e+03,9.450425354462053065e+02
1.576730608840700825e+02,2.752551193329649815e-01,9.999999999999998224e+00,1.662812832000146557e+02,1.576730608840701052e+03,9.460383653044204948e+02
1.578390325271059282e+02,2.752551193329649815e-01,9.999999999999998224e+00,1.664640214070439015e+02,1.578390325271059510e+03,9.470341951626355694e+02
1.580050041701418024e+02,2.752551193329649815e-01,9.999999999999998224e+00,1.666467596140731757e+02,1.580050041701418195e+03,9.480300250208508714e+02
1.581709758131776482e+02,2.752551193329649815e-01,9.999999999999998224e+00,1.668294978211023931e+02,1.581709758131776653e+03,9.490258548790659461e+02
1.583369474562135224e+02,2.752551193329649815e-01,9.999999999999998224e+00,1.670122360281316674e+02,1.583369474562135565e+03,9.500216847372811344e+02
1.585029190992493966e+02,2.752551193329649815e-01,9.999999999999998224e+00,1.671949742351609416e+02,1.585029190992494250e+03,9.510175145954964364e+02
1.586688907422852424e+02,2.752551193329649815e-01,9.999999999999998224e+00,1.673777124421901874e+02,1.586688907422852708e+03,9.520133444537115111e+02
1.588348623853211166e+02,2.752551193329649815e-01,9.999999999999998224e+00,1.675604506492194616e+02,1.588348623853211393e+03,9.530091743119266994e+02
1.590008340283569623e+02,2.752551193329649815e-01,9.999999999999998224e+00,1.677431888562487075e+02,1.590008340283569851e+03,9.540050041701417740e+02
1.591668056713928365e+02,2.752551193329649815e-01,9.999999999999998224e+00,1.679259270632779817e+02,1.591668056713928536e+03,9.550008340283570760e+02
1.593327773144287107e+02,2.752551193329649815e-01,9.999999999999998224e+00,1.681086652703072559e+02,1.593327773144287448e+03,9.559966638865722643e+02
1.594987489574645565e+02,2.752551193329649815e-01,9.999999999999998224e+00,1.682914034773364733e+02,1.594987489574645679e+03,9.569924937447873390e+02
1.596647206005004307e+02,2.752551193329649815e-01,9.999999999999998224e+00,1.684741416843657476e+02,1.596647206005004591e+03,9.579883236030026410e+02
1.598306922435363049e+02,2.752551193329649815e-01,9.999999999999998224e+00,1.686568798913950218e+02,1.598306922435363276e+03,9.589841534612178293e+02
1.599966638865721507e+02,2.752551193329649815e-01,9.999999999999998224e+00,1.688396180984242392e+02,1.599966638865721734e+03,9.599799833194329040e+02
1.601626355296080249e+02,2.752551193329649815e-01,9.999999999999998224e+00,1.690223563054535134e+02,1.601626355296080419e+03,9.609758131776482060e+02
1.603286071726438706e+02,2.752551193329649815e-01,9.999999999999998224e+00,1.692050945124827592e+02,1.603286071726438877e+03,9.619716430358632806e+02
1.604945788156797448e+02,2.752551193329649815e-01,9.999999999999998224e+00,1.693878327195120335e+02,1.604945788156797789e+03,9.629674728940784689e+02
1.606605504587156190e+02,2.752551193329649815e-01,1.000000000000000000e+01,1.695705709265413077e+02,1.606605504587156474e+03,9.639633027522937709e+02
1.608265221017514648e+02,2.752551193329649815e-01,1.000000000000000000e+01,1.697533091335705535e+02,1.608265221017514932e+03,9.649591326105088456e+02
1.609924937447873390e+02,2.752551193329649815e-01,1.000000000000000000e+01,1.699360473405998277e+02,1.609924937447873617e+03,9.659549624687240339e+02
1.611584653878231848e+02,2.752551193329649815e-01,1.000000000000000000e+01,1.701187855476290451e+02,1.611584653878232075e+03,9.669507923269391085e+02
1.613244370308590590e+02,2.752551193329649815e-01,1.000000000000000000e+01,1.703015237546583194e+02,1.613244370308590760e+03,9.679466221851544105e+02
1.614904086738949331e+02,2.752551193329649815e-01,1.000000000000000000e+01,1.704842619616875936e+02,1.614904086738949673e+03,9.689424520433695989e+02
1.616563803169307789e+02,2.752551193329649815e-01,1.000000000000000000e+01,1.706670001687168394e+02,1.616563803169307903e+03,9.699382819015846735e+02
1.618223519599666531e+02,2.752551193329649815e-01,1.000000000000000000e+01,1.708497383757460852e+02,1.618223519599666815e+03,9.709341117597998618e+02
1.619883236030025273e+02,2.752551193329649815e-01,1.000000000000000000e+01,1.710324765827753595e+02,1.619883236030025500e+03,9.719299416180151638e+02
1.621542952460383731e+02,2.752551193329649815e-01,1.000000000000000000e+01,1.712152147898046053e+02,1.621542952460383958e+03,9.729257714762302385e+02
1.623202668890742473e+02,2.752551193329649815e-01,1.000000000000000000e+01,1.713979529968338795e+02,1.623202668890742643e+03,9.739216013344455405e+02
1.624862385321100930e+02,2.752551193329649815e-01,1.000000000000000000e+01,1.715806912038631253e+02,1.624862385321101101e+03,9.749174311926606151e+02
1.626522101751459672e+02,2.752551193329649815e-01,1.000000000000000000e+01,1.717634294108923996e+02,1.626522101751460013e+03,9.759132610508758034e+02
1.628181818181818414e+02,2.752551193329649815e-01,1.000000000000000000e+01,1.719461676179216738e+02,1.628181818181818699e+03,9.769090909090911055e+02
1.629841534612176872e+02,2.752551193329649815e-01,1.000000000000000000e+01,1.721289058249508912e+02,1.629841534612177156e+03,9.779049207673061801e+02
1.631501251042535614e+02,2.752551193329649815e-01,1.000000000000000000e+01,1.723116440319801654e+02,1.631501251042535841e+03,9.789007506255213684e+02
1.633160967472894072e+02,2.752551193329649815e-01,1.000000000000000000e+01,1.724943822390094113e+02,1.633160967472894299e+03,9.798965804837364431e+02
1.634820683903252814e+02,2.752551193329649815e-01,1.000000000000000000e+01,1.726771204460386855e+02,1.634820683903252984e+03,9.808924103419517451e+02
1.636480400333611556e+02,2.752551193329649815e-01,1.000000000000000000e+01,1.728598586530679313e+02,1.636480400333611897e+03,9.818882402001669334e+02
1.638140116763970013e+02,2.752551193329649815e-01,1.000000000000000000e+01,1.730425968600971771e+02,1.638140116763970127e+03,9.828840700583820080e+02
1.639799833194328755e+02,2.752551193329649815e-01,1.000000000000000000e+01,1.732253350671264513e+02,1.639799833194329040e+03,9.838798999165971964e+02
1.641459549624687497e+02,2.752551193329649815e-01,1.000000000000000000e+01,1.734080732741557256e+02,1.641459549624687725e+03,9.848757297748124984e+02
1.643119266055045955e+02,2.752551193329649815e-01,1.000000000000000000e+01,1.735908114811849714e+02,1.643119266055046182e+03,9.858715596330275730e+02
1.644778982485404697e+02,2.752551193329649815e-01,1.000000000000000000e+01,1.737735496882142456e+02,1.644778982485404867e+03,9.868673894912428750e+02
1.646438698915763155e+02,2.752551193329649815e-01,1.000000000000000000e+01,1.739562878952434630e+02,1.646438698915763325e+03,9.878632193494579496e+02
1.648098415346121897e+02,2.752551193329649815e-01,1.000000000000000000e+01,1.741390261022727373e+02,1.648098415346122238e+03,9.888590492076731380e+02
1.649758131776480639e+02,2.752551193329649815e-01,1.000000000000000000e+01,1.743217643093020115e+02,1.649758131776480923e+03,9.898548790658884400e+02
1.651417848206839096e+02,2.752551193329649815e-01,1.000000000000000000e+01,1.745045025163312573e+02,1.651417848206839381e+03,9.908507089241035146e+02
1.653077564637197838e+02,2.752551193329649815e-01,1.000000000000000000e+01,1.746872407233605031e+02,1.653077564637198066e+03,9.918465387823187029e+02
1.654737281067556296e+02,2.752551193329649815e-01,1.000000000000000000e+01,1.748699789303897774e+02,1.654737281067556523e+03,9.928423686405337776e+02
1.656396997497915038e+02,2.752551193329649815e-01,1.000000000000000000e+01,1.750527171374190232e+02,1.656396997497915208e+03,9.938381984987490796e+02
1.658056713928273780e+02,2.752551193329649815e-01,1.000000000000000000e+01,1.752354553444482974e+02,1.658056713928274121e+03,9.948340283569642679e+02
1.659716430358632238e+02,2.752551193329649815e-01,1.000000000000000000e+01,1.754181935514775432e+02,1.659716430358632351e+03,9.958298582151793426e+02
1.661376146788990980e+02,2.752551193329649815e-01,1.000000000000000000e+01,1.756009317585068175e+02,1.661376146788991264e+03,9.968256880733945309e+02
1.663035863219349437e+02,2.752551193329649815e-01,1.000000000000000000e+01,1.757836699655360349e+02,1.663035863219349721e+03,9.978215179316097192e+02
1.664695579649708179e+02,2.752551193329649815e-01,1.000000000000000000e+01,1.759664081725653091e+02,1.664695579649708407e+03,9.988173477898249075e+02
1.666355296080066921e+02,2.752551193329649815e-01,1.000000000000000000e+01,1.761491463795945833e+02,1.666355296080067092e+03,9.998131776480402095e+02
1.668015012510425379e+02,2.752551193329649815e-01,1.000000000000000000e+01,1.763318845866238291e+02,1.668015012510425549e+03,1.000809007506255284e+03
1.669674728940784121e+02,2.752551193329649815e-01,1.000000000000000000e+01,1.765146227936531034e+02,1.669674728940784462e+03,1.001804837364470472e+03
1.671334445371142863e+02,2.752551193329649815e-01,1.000000000000000000e+01,1.766973610006823776e+02,1.671334445371143147e+03,1.002800667222685775e+03
1.672994161801501320e+02,2.752551193329649815e-01,1.000000000000000000e+01,1.768800992077116234e+02,1.672994161801501605e+03,1.003796497080900849e+03
1.674653878231860062e+02,2.752551193329649815e-01,1.000000000000000000e+01,1.770628374147408692e+02,1.674653878231860290e+03,1.004792326939116037e+03
1.676313594662218520e+02,2.752551193329649815e-01,1.000000000000000000e+01,1.772455756217701150e+02,1.676313594662218748e+03,1.005788156797331112e+03
1.677973311092577262e+02,2.752551193329649815e-01,1.000000000000000000e+01,1.774283138287993893e+02,1.677973311092577433e+03,1.006783986655546414e+03
1.679633027522936004e+02,2.752551193329649815e-01,1.000000000000000000e+01,1.776110520358286635e+02,1.679633027522936345e+03,1.007779816513761602e+03
1.681292743953294462e+02,2.752551193329649815e-01,1.000000000000000000e+01,1.777937902428578809e+02,1.681292743953294575e+03,1.008775646371976677e+03
1.682952460383653204e+02,2.752551193329649815e-01,1.000000000000000000e+01,1.779765284498871551e+02,1.682952460383653488e+03,1.009771476230191865e+03
1.684612176814011661e+02,2.752551193329649815e-01,1.000000000000000000e+01,1.781592666569164010e+02,1.684612176814011946e+03,1.010767306088407054e+03
1.686271893244370403e+02,2.752551193329649815e-01,1.000000000000000000e+01,1.783420048639456752e+02,1.686271893244370631e+03,1.011763135946622242e+03
1.687931609674729145e+02,2.752551193329649815e-01,1.000000000000000000e+01,1.785247430709749494e+02,1.687931609674729316e+03,1.012758965804837544e+03
1.689591326105087603e+02,2.752551193329649815e-01,1.000000000000000000e+01,1.787074812780041952e+02,1.689591326105087774e+03,1.013754795663052619e+03
1.691251042535446345e+02,2.752551193329649815e-01,1.000000000000000000e+01,1.788902194850334411e+02,1.691251042535446686e+03,1.014750625521267807e+03
1.692910758965805087e+02,2.752551193329649815e-01,1.000000000000000000e+01,1.790729576920627153e+02,1.692910758965805371e+03,1.015746455379483109e+03
1.694570475396163545e+02,2.752551193329649815e-01,1.000000000000000000e+01,1.792556958990919611e+02,1.694570475396163829e+03,1.016742285237698184e+03
1.696230191826522287e+02,2.752551193329649815e-01,1.000000000000000000e+01,1.794384341061212353e+02,1.696230191826522514e+03,1.017738115095913372e+03
1.697889908256880744e+02,2.752551193329649815e-01,1.000000000000000000e+01,1.796211723131504812e+02,1.697889908256880972e+03,1.018733944954128447e+03
1.699549624687239486e+02,2.752551193329649815e-01,1.000000000000000000e+01,1.798039105201797270e+02,1.699549624687239657e+03,1.019729774812343749e+03
1.701209341117598228e+02,2.752551193329649815e-01,1.000000000000000000e+01,1.799866487272090012e+02,1.701209341117598569e+03,1.020725604670558937e+03
1.702869057547956686e+02,2.752551193329649815e-01,1.000000000000000000e+01,1.801693869342382470e+02,1.702869057547956800e+03,1.021721434528774012e+03
1.704528773978315428e+02,2.752551193329649815e-01,1.000000000000000000e+01,1.803521251412675213e+02,1.704528773978315712e+03,1.022717264386989200e+03
1.706188490408673886e+02,2.752551193329649815e-01,1.000000000000000000e+01,1.805348633482967671e+02,1.706188490408674170e+03,1.023713094245204388e+03
1.707848206839032628e+02,2.752551193329649815e-01,1.000000000000000000e+01,1.807176015553260413e+02,1.707848206839032855e+03,1.024708924103419577e+03
1.709507923269391370e+02,2.752551193329649815e-01,1.000000000000000000e+01,1.809003397623553155e+02,1.709507923269391540e+03,1.025704753961634879e+03
1.711167639699749827e+02,2.752551193329649815e-01,1.000000000000000000e+01,1.810830779693845329e+02,1.711167639699749998e+03,1.026700583819849953e+03
1.712827356130108569e+02,2.752551193329649815e-01,1.000000000000000000e+01,1.812658161764138072e+02,1.712827356130108910e+03,1.027696413678065255e+03
1.714487072560467311e+02,2.752551193329649815e-01,1.000000000000000000e+01,1.814485543834430814e+02,1.714487072560467595e+03,1.028692243536280330e+03
1.716146788990825769e+02,2.752551193329649815e-01,1.000000000000000000e+01,1.816312925904723272e+02,1.716146788990826053e+03,1.029688073394495405e+03
1.717806505421184511e+02,2.752551193329649815e-01,1.000000000000000000e+01,1.818140307975015730e+02,1.717806505421184738e+03,1.030683903252710707e+03
1.719466221851542969e+02,2.752551193329649815e-01,1.000000000000000000e+01,1.819967690045308188e+02,1.719466221851543196e+03,1.031679733110925781e+03
1.721125938281901711e+02,2.752551193329649815e-01,1.000000000000000000e+01,1.821795072115600931e+02,1.721125938281901881e+03,1.032675562969141083e+03
1.722785654712260452e+02,2.752551193329649815e-01,1.000000000000000000e+01,1.823622454185893673e+02,1.722785654712260794e+03,1.033671392827356385e+03
1.724445371142618910e+02,2.752551193329649815e-01,1.000000000000000000e+01,1.825449836256186131e+02,1.724445371142619024e+03,1.034667222685571460e+03
1.726105087572977652e+02,2.752551193329649815e-01,1.000000000000000000e+01,1.827277218326478874e+02,1.726105087572977936e+03,1.035663052543786534e+03
1.727764804003336110e+02,2.752551193329649815e-01,1.000000000000000000e+01,1.829104600396771048e+02,1.727764804003336394e+03,1.036658882402001609e+03
1.729424520433694852e+02,2.752551193329649815e-01,1.000000000000000000e+01,1.830931982467063790e+02,1.729424520433695079e+03,1.037654712260216911e+03
1.731084236864053594e+02,2.752551193329649815e-01,1.000000000000000000e+01,1.832759364537356532e+02,1.731084236864053764e+03,1.038650542118432213e+03
1.732743953294412051e+02,2.752551193329649815e-01,1.000000000000000000e+01,1.834586746607648990e+02,1.732743953294412222e+03,1.039646371976647288e+03
1.734403669724770793e+02,2.752551193329649815e-01,1.000000000000000000e+01,1.836414128677941449e+02,1.734403669724771134e+03,1.040642201834862590e+03
1.736063386155129535e+02,2.752551193329649815e-01,1.000000000000000000e+01,1.838241510748234191e+02,1.736063386155129820e+03,1.041638031693077664e+03
1.737723102585487993e+02,2.752551193329649815e-01,1.000000000000000000e+01,1.840068892818526649e+02,1.737723102585488277e+03,1.042633861551292739e+03
1.739382819015846735e+02,2.752551193329649815e-01,1.000000000000000000e+01,1.841896274888819391e+02,1.739382819015846962e+03,1.043629691409508041e+03
1.741042535446205193e+02,2.752551193329649815e-01,1.000000000000000000e+01,1.843723656959111850e+02,1.741042535446205420e+03,1.044625521267723116e+03
1.742702251876563935e+02,2.752551193329649815e-01,1.000000000000000000e+01,1.845551039029404592e+02,1.742702251876564105e+03,1.045621351125938418e+03
1.744361968306922677e+02,2.752551193329649815e-01,1.000000000000000000e+01,1.847378421099697334e+02,1.744361968306923018e+03,1.046617180984153720e+03
1.746021684737281134e+02,2.752551193329649815e-01,1.000000000000000000e+01,1.849205803169989508e+02,1.746021684737281475e+03,1.047613010842368794e+03
1.747681401167639876e+02,2.752551193329649815e-01,1.000000000000000000e+01,1.851033185240282251e+02,1.747681401167640161e+03,1.048608840700583869e+03
1.749341117597998334e+02,2.752551193329649815e-01,1.000000000000000000e+01,1.852860567310574709e+02,1.749341117597998618e+03,1.049604670558798944e+03
1.751000834028357076e+02,2.752551193329649815e-01,1.000000000000000000e+01,1.854687949380867451e+02,1.751000834028357303e+03,1.050600500417014246e+03
1.752660550458715818e+02,2.752551193329649815e-01,1.000000000000000000e+01,1.856515331451159909e+02,1.752660550458715988e+03,1.051596330275229548e+03
1.754320266889074276e+02,2.752551193329649815e-01,1.000000000000000000e+01,1.858342713521452367e+02,1.754320266889074446e+03,1.052592160133444622e+03
1.755979983319433018e+02,2.752551193329649815e-01,1.000000000000000000e+01,1.860170095591745110e+02,1.755979983319433359e+03,1.053587989991659924e+03
1.757639699749791475e+02,2.752551193329649815e-01,1.000000000000000000e+01,1.861997477662037568e+02,1.757639699749791816e+03,1.054583819849874999e+03
1.759299416180150217e+02,2.752551193329649815e-01,1.000000000000000000e+01,1.863824859732330310e+02,1.759299416180150502e+03,1.055579649708090074e+03
1.760959132610508959e+02,2.752551193329649815e-01,1.000000000000000000e+01,1.865652241802623053e+02,1.760959132610509187e+03,1.056575479566305376e+03
1.762618849040867417e+02,2.752551193329649815e-01,1.000000000000000000e+01,1.867479623872915226e+02,1.762618849040867644e+03,1.057571309424520450e+03
1.764278565471226159e+02,2.752551193329649815e-01,1.000000000000000000e+01,1.869307005943207969e+02,1.764278565471226329e+03,1.058567139282735752e+03
1.765938281901584901e+02,2.752551193329649815e-01,1.000000000000000000e+01,1.871134388013500711e+02,1.765938281901585242e+03,1.059562969140951054e+03
1.767597998331943359e+02,2.752551193329649815e-01,1.000000000000000000e+01,1.872961770083793169e+02,1.767597998331943700e+03,1.060558798999166129e+03
1.769257714762302101e+02,2.752551193329649815e-01,1.000000000000000000e+01,1.874789152154085912e+02,1.769257714762302385e+03,1.061554628857381203e+03
1.770917431192660558e+02,2.752551193329649815e-01,1.000000000000000000e+01,1.876616534224378370e+02,1.770917431192660842e+03,1.062550458715596278e+03
1.772577147623019300e+02,2.752551193329649815e-01,1.000000000000000000e+01,1.878443916294670828e+02,1.772577147623019528e+03,1.063546288573811580e+03
1.774236864053378042e+02,2.752551193329649815e-01,1.000000000000000000e+01,1.880271298364963570e+02,1.774236864053378213e+03,1.064542118432026882e+03
1.775896580483736500e+02,2.752551193329649815e-01,1.000000000000000000e+01,1.882098680435256028e+02,1.775896580483736670e+03,1.065537948290241957e+03
1.777556296914095242e+02,2.752551193329649815e-01,1.000000000000000000e+01,1.883926062505548771e+02,1.777556296914095583e+03,1.066533778148457259e+03
1.779216013344453700e+02,2.752551193329649815e-01,1.000000000000000000e+01,1.885753444575840945e+02,1.779216013344454041e+03,1.067529608006672333e+03
1.780875729774812442e+02,2.752551193329649815e-01,1.000000000000000000e+01,1.887580826646133687e+02,1.780875729774812726e+03,1.068525437864887408e+03
1.782535446205171183e+02,2.752551193329649815e-01,1.000000000000000000e+01,1.889408208716426429e+02,1.782535446205171411e+03,1.069521267723102710e+03
1.784195162635529641e+02,2.752551193329649815e-01,1.000000000000000000e+01,1.891235590786718888e+02,1.784195162635529869e+03,1.070517097581317785e+03
1.785854879065888383e+02,2.752551193329649815e-01,1.000000000000000000e+01,1.893062972857011630e+02,1.785854879065888554e+03,1.071512927439533087e+03
1.787514595496247125e+02,2.752551193329649815e-01,1.000000000000000000e+01,1.894890354927304372e+02,1.787514595496247239e+03,1.072508757297748389e+03
1.789174311926605583e+02,2.752551193329649815e-01,1.000000000000000000e+01,1.896717736997596830e+02,1.789174311926605924e+03,1.073504587155963463e+03
1.790834028356964325e+02,2.752551193329649815e-01,1.000000000000000000e+01,1.898545119067889289e+02,1.790834028356964609e+03,1.074500417014178538e+03
1.792493744787322782e+02,2.752551193329649815e-01,1.000000000000000000e+01,1.900372501138181747e+02,1.792493744787323067e+03,1.075496246872393613e+03
1.794153461217681524e+02,2.752551193329649815e-01,1.000000000000000000e+01,1.902199883208474489e+02,1.794153461217681752e+03,1.076492076730608915e+03
1.795813177648040266e+02,2.752551193329649815e-01,1.000000000000000000e+01,1.904027265278767231e+02,1.795813177648040437e+03,1.077487906588824217e+03
1.797472894078398724e+02,2.752551193329649815e-01,1.000000000000000000e+01,1.905854647349059405e+02,1.797472894078398895e+03,1.078483736447039291e+03
1.799132610508757466e+02,2.752551193329649815e-01,1.000000000000000000e+01,1.907682029419352148e+02,1.799132610508757807e+03,1.079479566305254593e+03
1.800792326939115924e+02,2.752551193329649815e-01,1.000000000000000000e+01,1.909509411489644606e+02,1.800792326939116265e+03,1.080475396163469668e+03
1.802452043369474666e+02,2.752551193329649815e-01,1.000000000000000000e+01,1.911336793559937348e+02,1.802452043369474950e+03,1.081471226021684743e+03
1.804111759799833408e+02,2.752551193329649815e-01,1.000000000000000000e+01,1.913164175630230091e+02,1.804111759799833635e+03,1.082467055879900045e+03
1.805771476230191865e+02,2.752551193329649815e-01,1.000000000000000000e+01,1.914991557700522549e+02,1.805771476230192093e+03,1.083462885738115119e+03
1.807431192660550607e+02,2.752551193329649815e-01,1.000000000000000000e+01,1.916818939770815007e+02,1.807431192660550778e+03,1.084458715596330421e+03
1.809090909090909349e+02,2.752551193329649815e-01,1.000000000000000000e+01,1.918646321841107749e+02,1.809090909090909463e+03,1.085454545454545723e+03
1.810750625521267807e+02,2.752551193329649815e-01,1.000000000000000000e+01,1.920473703911400207e+02,1.810750625521268148e+03,1.086450375312760798e+03
1.812410341951626549e+02,2.752551193329649815e-01,1.000000000000000000e+01,1.922301085981692950e+02,1.812410341951626833e+03,1.087446205170975873e+03
1.814070058381985007e+02,2.752551193329649815e-01,1.000000000000000000e+01,1.924128468051985408e+02,1.814070058381985291e+03,1.088442035029190947e+03
1.815729774812343749e+02,2.752551193329649815e-01,1.000000000000000000e+01,1.925955850122277866e+02,1.815729774812343976e+03,1.089437864887406249e+03
1.817389491242702491e+02,2.752551193329649815e-01,1.000000000000000000e+01,1.927783232192570608e+02,1.817389491242702661e+03,1.090433694745621551e+03
1.819049207673060948e+02,2.752551193329649815e-01,1.000000000000000000e+01,1.929610614262863066e+02,1.819049207673061119e+03,1.091429524603836626e+03
1.820708924103419690e+02,2.752551193329649815e-01,1.000000000000000000e+01,1.931437996333155809e+02,1.820708924103420031e+03,1.092425354462051928e+03
1.822368640533778148e+02,2.752551193329649815e-01,1.000000000000000000e+01,1.933265378403448267e+02,1.822368640533778489e+03,1.093421184320267002e+03
1.824028356964136890e+02,2.752551193329649815e-01,1.000000000000000000e+01,1.935092760473741009e+02,1.824028356964137174e+03,1.094417014178482077e+03
1.825688073394495632e+02,2.752551193329649815e-01,1.000000000000000000e+01,1.936920142544033752e+02,1.825688073394495859e+03,1.095412844036697379e+03
1.827347789824854090e+02,2.752551193329649815e-01,1.000000000000000000e+01,1.938747524614325926e+02,1.827347789824854317e+03,1.096408673894912454e+03
1.829007506255212832e+02,2.752551193329649815e-01,1.000000000000000000e+01,1.940574906684618668e+02,1.829007506255213002e+03,1.097404503753127756e+03
1.830667222685571573e+02,2.752551193329649815e-01,1.000000000000000000e+01,1.942402288754911410e+02,1.830667222685571687e+03,1.098400333611343058e+03
1.832326939115930031e+02,2.752551193329649815e-01,1.000000000000000000e+01,1.944229670825203868e+02,1.832326939115930145e+03,1.099396163469557905e+03
1.833986655546288773e+02,2.752551193329649815e-01,1.000000000000000000e+01,1.946057052895496327e+02,1.833986655546289057e+03,1.100391993327773207e+03
1.835646371976647231e+02,2.752551193329649815e-01,1.000000000000000000e+01,1.947884434965788785e+02,1.835646371976647515e+03,1.101387823185988282e+03
1.837306088407005973e+02,2.752551193329649815e-01,1.000000000000000000e+01,1.949711817036081527e+02,1.837306088407006200e+03,1.102383653044203584e+03
1.838965804837364715e+02,2.752551193329649815e-01,1.000000000000000000e+01,1.951539199106374269e+02,1.838965804837364885e+03,1.103379482902418886e+03
1.840625521267723173e+02,2.752551193329649815e-01,1.000000000000000000e+01,1.953366581176666728e+02,1.840625521267723343e+03,1.104375312760633960e+03
1.842285237698081914e+02,2.752551193329649815e-01,1.000000000000000000e+01,1.955193963246959470e+02,1.842285237698082256e+03,1.105371142618849262e+03
1.843944954128440372e+02,2.752551193329649815e-01,1.000000000000000000e+01,1.957021345317251644e+02,1.843944954128440713e+03,1.106366972477064337e+03
1.845604670558799114e+02,2.752551193329649815e-01,1.000000000000000000e+01,1.958848727387544386e+02,1.845604670558799398e+03,1.107362802335279412e+03
1.847264386989157856e+02,2.752551193329649815e-01,1.000000000000000000e+01,1.960676109457837129e+02,1.847264386989158083e+03,1.108358632193494714e+03
1.848924103419516314e+02,2.752551193329649815e-01,1.000000000000000000e+01,1.962503491528129587e+02,1.848924103419516541e+03,1.109354462051709788e+03
1.850583819849875056e+02,2.752551193329649815e-01,1.000000000000000000e+01,1.964330873598422329e+02,1.850583819849875226e+03,1.110350291909925090e+03
1.852243536280233798e+02,2.752551193329649815e-01,1.000000000000000000e+01,1.966158255668714787e+02,1.852243536280233911e+03,1.111346121768140392e+03
1.853903252710592255e+02,2.752551193329649815e-01,1.000000000000000000e+01,1.967985637739007245e+02,1.853903252710592369e+03,1.112341951626355240e+03
1.855562969140950997e+02,2.752551193329649815e-01,1.000000000000000000e+01,1.969813019809299988e+02,1.855562969140951282e+03,1.113337781484570542e+03
1.857222685571309455e+02,2.752551193329649815e-01,1.000000000000000000e+01,1.971640401879592446e+02,1.857222685571309739e+03,1.114333611342785616e+03
1.858882402001668197e+02,2.752551193329649815e-01,1.000000000000000000e+01,1.973467783949885188e+02,1.858882402001668424e+03,1.115329441201000918e+03
1.860542118432026939e+02,2.752551193329649815e-01,1.000000000000000000e+01,1.975295166020177930e+02,1.860542118432027110e+03,1.116325271059216220e+03
1.862201834862385397e+02,2.752551193329649815e-01,1.000000000000000000e+01,1.977122548090470104e+02,1.862201834862385567e+03,1.117321100917431295e+03
1.863861551292744139e+02,2.752551193329649815e-01,1.000000000000000000e+01,1.978949930160762847e+02,1.863861551292744480e+03,1.118316930775646597e+03
1.865521267723102596e+02,2.752551193329649815e-01,1.000000000000000000e+01,1.980777312231055305e+02,1.865521267723102937e+03,1.119312760633861672e+03
1.867180984153461338e+02,2.752551193329649815e-01,1.000000000000000000e+01,1.982604694301348047e+02,1.867180984153461623e+03,1.120308590492076746e+03
1.868840700583820080e+02,2.752551193329649815e-01,1.000000000000000000e+01,1.984432076371640790e+02,1.868840700583820308e+03,1.121304420350292048e+03
1.870500417014178538e+02,2.752551193329649815e-01,1.000000000000000000e+01,1.986259458441932964e+02,1.870500417014178765e+03,1.122300250208507123e+03
1.872160133444537280e+02,2.752551193329649815e-01,1.000000000000000000e+01,1.988086840512225706e+02,1.872160133444537450e+03,1.123296080066722425e+03
1.873819849874895738e+02,2.752551193329649815e-01,1.000000000000000000e+01,1.989914222582518164e+02,1.873819849874895908e+03,1.124291909924937499e+03
1.875479566305254480e+02,2.752551193329649815e-01,1.000000000000000000e+01,1.991741604652810906e+02,1.875479566305254593e+03,1.125287739783152574e+03
1.877139282735613222e+02,2.752551193329649815e-01,1.000000000000000000e+01,1.993568986723103649e+02,1.877139282735613506e+03,1.126283569641367876e+03
1.878798999165971679e+02,2.752551193329649815e-01,1.000000000000000000e+01,1.995396368793395823e+02,1.878798999165971964e+03,1.127279399499582951e+03
1.880458715596330421e+02,2.752551193329649815e-01,1.000000000000000000e+01,1.997223750863688565e+02,1.880458715596330649e+03,1.128275229357798253e+03
1.882118432026689163e+02,2.752551193329649815e-01,1.000000000000000000e+01,1.999051132933981307e+02,1.882118432026689334e+03,1.129271059216013555e+03
1.883778148457047621e+02,2.752551193329649815e-01,1.000000000000000000e+01,2.000878515004273765e+02,1.883778148457047791e+03,1.130266889074228629e+03
1.885437864887406363e+02,2.752551193329649815e-01,1.000000000000000000e+01,2.002705897074566508e+02,1.885437864887406704e+03,1.131262718932443931e+03
1.887097581317764821e+02,2.752551193329649815e-01,1.000000000000000000e+01,2.004533279144858966e+02,1.887097581317765162e+03,1.132258548790659006e+03
1.888757297748123563e+02,2.752551193329649815e-01,1.000000000000000000e+01,2.006360661215151424e+02,1.888757297748123847e+03,1.133254378648874081e+03
1.890417014178482304e+02,2.752551193329649815e-01,1.000000000000000000e+01,2.008188043285444166e+02,1.890417014178482532e+03,1.134250208507089383e+03
1.892076730608840762e+02,2.752551193329649815e-01,1.000000000000000000e+01,2.010015425355736625e+02,1.892076730608840990e+03,1.135246038365304457e+03
1.893736447039199504e+02,2.752551193329649815e-01,1.000000000000000000e+01,2.011842807426029367e+02,1.893736447039199675e+03,1.136241868223519759e+03
1.895396163469557962e+02,2.752551193329649815e-01,1.000000000000000000e+01,2.013670189496321825e+02,1.895396163469558132e+03,1.137237698081734834e+03
1.897055879899916704e+02,2.752551193329649815e-01,1.000000000000000000e+01,2.015497571566614283e+02,1.897055879899917045e+03,1.138233527939950136e+03
1.898715596330275446e+02,2.752551193329649815e-01,1.000000000000000000e+01,2.017324953636907026e+02,1.898715596330275730e+03,1.139229357798165211e+03
1.900375312760633904e+02,2.752551193329649815e-01,1.000000000000000000e+01,2.019152335707199484e+02,1.900375312760634188e+03,1.140225187656380285e+03
1.902035029190992645e+02,2.752551193329649815e-01,1.000000000000000000e+01,2.020979717777492226e+02,1.902035029190992873e+03,1.141221017514595587e+03
1.903694745621351387e+02,2.752551193329649815e-01,1.000000000000000000e+01,2.022807099847784968e+02,1.903694745621351558e+03,1.142216847372810889e+03
1.905354462051709845e+02,2.752551193329649815e-01,1.000000000000000000e+01,2.024634481918077142e+02,1.905354462051710016e+03,1.143212677231025964e+03
1.907014178482068587e+02,2.752551193329649815e-01,1.000000000000000000e+01,2.026461863988369885e+02,1.907014178482068928e+03,1.144208507089241266e+03
1.908673894912427045e+02,2.752551193329649815e-01,1.000000000000000000e+01,2.028289246058662343e+02,1.908673894912427386e+03,1.145204336947456341e+03
1.910333611342785787e+02,2.752551193329649815e-01,1.000000000000000000e+01,2.030116628128955085e+02,1.910333611342786071e+03,1.146200166805671415e+03
1.911993327773144529e+02,2.752551193329649815e-01,1.000000000000000000e+01,2.031944010199247828e+02,1.911993327773144756e+03,1.147195996663886717e+03
1.913653044203502986e+02,2.752551193329649815e-01,1.000000000000000000e+01,2.033771392269540286e+02,1.913653044203503214e+03,1.148191826522101792e+03
1.915312760633861728e+02,2.752551193329649815e-01,1.000000000000000000e+01,2.035598774339832744e+02,1.915312760633861899e+03,1.149187656380317094e+03
1.916972477064220186e+02,2.752551193329649815e-01,1.000000000000000000e+01,2.037426156410125202e+02,1.916972477064220357e+03,1.150183486238532168e+03
1.918632193494578928e+02,2.752551193329649815e-01,1.000000000000000000e+01,2.039253538480417944e+02,1.918632193494579269e+03,1.151179316096747471e+03
1.920291909924937670e+02,2.752551193329649815e-01,1.000000000000000000e+01,2.041080920550710687e+02,1.920291909924937954e+03,1.152175145954962545e+03
1.921951626355296128e+02,2.752551193329649815e-01,1.000000000000000000e+01,2.042908302621003145e+02,1.921951626355296412e+03,1.153170975813177620e+03
1.923611342785654870e+02,2.752551193329649815e-01,1.000000000000000000e+01,2.044735684691295603e+02,1.923611342785655097e+03,1.154166805671392922e+03
1.925271059216013612e+02,2.752551193329649815e-01,1.000000000000000000e+01,2.046563066761588345e+02,1.925271059216013782e+03,1.155162635529608224e+03
1.926930775646372069e+02,2.752551193329649815e-01,1.000000000000000000e+01,2.048390448831880803e+02,1.926930775646372240e+03,1.156158465387823298e+03
1.928590492076730811e+02,2.752551193329649815e-01,1.000000000000000000e+01,2.050217830902173546e+02,1.928590492076731152e+03,1.157154295246038600e+03
1.930250208507089269e+02,2.752551193329649815e-01,1.000000000000000000e+01,2.052045212972466004e+02,1.930250208507089610e+03,1.158150125104253675e+03
1.931909924937448011e+02,2.752551193329649815e-01,1.000000000000000000e+01,2.053872595042758746e+02,1.931909924937448295e+03,1.159145954962468750e+03
1.933569641367806753e+02,2.752551193329649815e-01,1.000000000000000000e+01,2.055699977113051204e+02,1.933569641367806980e+03,1.160141784820684052e+03
1.935229357798165211e+02,2.752551193329649815e-01,1.000000000000000000e+01,2.057527359183343663e+02,1.935229357798165438e+03,1.161137614678899126e+03
1.936889074228523953e+02,2.752551193329649815e-01,1.000000000000000000e+01,2.059354741253636405e+02,1.936889074228524123e+03,1.162133444537114428e+03
1.938548790658882410e+02,2.752551193329649815e-01,1.000000000000000000e+01,2.061182123323928863e+02,1.938548790658882581e+03,1.163129274395329503e+03
1.940208507089241152e+02,2.752551193329649815e-01,1.000000000000000000e+01,2.063009505394221605e+02,1.940208507089241493e+03,1.164125104253544805e+03
1.941868223519599894e+02,2.752551193329649815e-01,1.000000000000000000e+01,2.064836887464514064e+02,1.941868223519600178e+03,1.165120934111759880e+03
1.943527939949958352e+02,2.752551193329649815e-01,1.000000000000000000e+01,2.066664269534806522e+02,1.943527939949958636e+03,1.166116763969974954e+03
1.945187656380317094e+02,2.752551193329649815e-01,1.000000000000000000e+01,2.068491651605099264e+02,1.945187656380317321e+03,1.167112593828190256e+03
1.946847372810675836e+02,2.752551193329649815e-01,1.000000000000000000e+01,2.070319033675392006e+02,1.946847372810676006e+03,1.168108423686405558e+03
1.948507089241034294e+02,2.752551193329649815e-01,1.000000000000000000e+01,2.072146415745684465e+02,1.948507089241034464e+03,1.169104253544620633e+03
1.950166805671393035e+02,2.752551193329649815e-01,1.000000000000000000e+01,2.073973797815977207e+02,1.950166805671393377e+03,1.170100083402835935e+03
1.951826522101751493e+02,2.752551193329649815e-01,1.000000000000000000e+01,2.075801179886269381e+02,1.951826522101751834e+03,1.171095913261051010e+03
1.953486238532110235e+02,2.752551193329649815e-01,1.000000000000000000e+01,2.077628561956562123e+02,1.953486238532110519e+03,1.172091743119266084e+03
1.955145954962468977e+02,2.752551193329649815e-01,1.000000000000000000e+01,2.079455944026854866e+02,1.955145954962469204e+03,1.173087572977481386e+03
1.956805671392827435e+02,2.752551193329649815e-01,1.000000000000000000e+01,2.081283326097147324e+02,1.956805671392827662e+03,1.174083402835696461e+03
1.958465387823186177e+02,2.752551193329649815e-01,1.000000000000000000e+01,2.083110708167440066e+02,1.958465387823186347e+03,1.175079232693911763e+03
1.960125104253544635e+02,2.752551193329649815e-01,1.000000000000000000e+01,2.084938090237732240e+02,1.960125104253544805e+03,1.176075062552126838e+03
1.961784820683903376e+02,2.752551193329649815e-01,1.000000000000000000e+01,2.086765472308024982e+02,1.961784820683903718e+03,1.177070892410342140e+03
1.963444537114262118e+02,2.752551193329649815e-01,1.000000000000000000e+01,2.088592854378317725e+02,1.963444537114262403e+03,1.178066722268557214e+03
1.965104253544620576e+02,2.752551193329649815e-01,1.000000000000000000e+01,2.090420236448610183e+02,1.965104253544620860e+03,1.179062552126772289e+03
1.966763969974979318e+02,2.752551193329649815e-01,1.000000000000000000e+01,2.092247618518902925e+02,1.966763969974979545e+03,1.180058381984987591e+03
1.968423686405338060e+02,2.752551193329649815e-01,1.000000000000000000e+01,2.094075000589195668e+02,1.968423686405338231e+03,1.181054211843202893e+03
1.970083402835696518e+02,2.752551193329649815e-01,1.000000000000000000e+01,2.095902382659487841e+02,1.970083402835696688e+03,1.182050041701417967e+03
1.971743119266055260e+02,2.752551193329649815e-01,1.000000000000000000e+01,2.097729764729780584e+02,1.971743119266055601e+03,1.183045871559633269e+03
1.973402835696413717e+02,2.752551193329649815e-01,1.000000000000000000e+01,2.099557146800073042e+02,1.973402835696414058e+03,1.184041701417848344e+03
1.975062552126772459e+02,2.752551193329649815e-01,1.000000000000000000e+01,2.101384528870365784e+02,1.975062552126772744e+03,1.185037531276063419e+03
1.976722268557131201e+02,2.752551193329649815e-01,1.000000000000000000e+01,2.103211910940658527e+02,1.976722268557131429e+03,1.186033361134278721e+03
1.978381984987489659e+02,2.752551193329649815e-01,1.000000000000000000e+01,2.105039293010950701e+02,1.978381984987489886e+03,1.187029190992493795e+03
1.980041701417848401e+02,2.752551193329649815e-01,1.000000000000000000e+01,2.106866675081243443e+02,1.980041701417848572e+03,1.188025020850709097e+03
1.981701417848206859e+02,2.752551193329649815e-01,1.000000000000000000e+01,2.108694057151535901e+02,1.981701417848207029e+03,1.189020850708924172e+03
1.983361134278565601e+02,2.752551193329649815e-01,1.000000000000000000e+01,2.110521439221828643e+02,1.983361134278565714e+03,1.190016680567139474e+03
1.985020850708924343e+02,2.752551193329649815e-01,1.000000000000000000e+01,2.112348821292121386e+02,1.985020850708924627e+03,1.191012510425354549e+03
1.986680567139282800e+02,2.752551193329649815e-01,1.000000000000000000e+01,2.114176203362413560e+02,1.986680567139283085e+03,1.192008340283569623e+03
1.988340283569641542e+02,2.752551193329649815e-01,1.000000000000000178e+01,2.116003585432706302e+02,1.988340283569641770e+03,1.193004170141784925e+03
1.990000000000000000e+02,2.752551193329649815e-01,1.000000000000000178e+01,2.117830967502998760e+02,1.990000000000000227e+03,1.194000000000000000e+03
