t,selected,mass,export,input_monomers,input_molecules
0.000000000000000000e+00,0.000000000000000000e+00,1.000000000000000000e+01,0.000000000000000000e+00,0.000000000000000000e+00,0.000000000000000000e+00
1.659716430358632311e-01,3.058594904690002086e-10,9.999999999999996447e+00,2.921384972987592852e-09,1.659716430358631589e+00,9.958298582151788869e-01
3.319432860717264622e-01,5.649439647622744934e-10,9.999999999999996447e+00,1.108157151594772487e-08,3.319432860717264511e+00,1.991659716430358662e+00
4.979149291075897210e-01,7.844067145518108282e-10,9.999999999999998224e+00,2.367939099794859411e-08,4.979149291075898098e+00,2.987489574645539214e+00
6.638865721434529243e-01,9.703070803359250283e-10,9.999999999999998224e+00,4.003619731405377908e-08,6.638865721434530798e+00,3.983319432860718212e+00
8.298582151793161277e-01,1.127777749200557559e-09,9.999999999999998224e+00,5.957712953687161349e-08,8.298582151793162609e+00,4.979149291075897210e+00
9.958298582151794420e-01,1.261166467663235750e-09,1.000000000000000000e+01,8.181524007873011645e-08,9.958298582151797973e+00,5.974979149291078429e+00
1.000000000000000000e+00,1.264241092732261590e-09,9.999999999999996447e+00,8.240499380345937890e-08,1.000000000000000355e+01,6.000000000000001776e+00
1.161801501251042534e+00,1.374156082430964758e-09,1.000000000000000000e+01,1.063380501273854488e-07,1.161801501251042978e+01,6.970809007506256982e+00
1.327773144286905849e+00,1.469866223391084748e-09,1.000000000000000000e+01,1.327961611515494360e-07,1.327773144286906515e+01,7.966638865721436424e+00
1.493744787322769163e+00,1.550939436197399656e-09,1.000000000000000355e+01,1.608936080516706960e-07,1.493744787322770051e+01,8.962468723936616755e+00
1.659716430358632255e+00,1.619614142639646442e-09,1.000000000000000000e+01,1.903796875989178503e-07,1.659716430358633232e+01,9.958298582151794420e+00
1.825688073394495570e+00,1.677786443245287537e-09,1.000000000000000000e+01,2.210420365440876960e-07,1.825688073394497124e+01,1.095412844036697564e+01
1.991659716430358884e+00,1.727062468321813979e-09,1.000000000000000178e+01,2.527007683011293312e-07,1.991659716430360660e+01,1.194995829858215686e+01
2.157631359466221976e+00,1.768802723095058856e-09,1.000000000000000355e+01,2.852035062918766468e-07,2.157631359466224552e+01,1.294578815679733452e+01
2.323603002502085069e+00,1.804159651054165585e-09,9.999999999999998224e+00,3.184211768516009888e-07,2.323603002502088088e+01,1.394161801501251396e+01
2.489574645537948605e+00,1.834109452783319057e-09,1.000000000000000000e+01,3.522444455200186333e-07,2.489574645537951625e+01,1.493744787322769518e+01
2.655546288573811697e+00,1.859479038738681644e-09,9.999999999999998224e+00,3.865806983304108260e-07,2.655546288573814806e+01,1.593327773144287285e+01
2.821517931609674790e+00,1.880968860217918104e-09,9.999999999999998224e+00,4.213514847411531217e-07,2.821517931609678342e+01,1.692910758965804874e+01
2.987489574645538326e+00,1.899172248623558703e-09,1.000000000000000000e+01,4.564903516383177651e-07,2.987489574645542234e+01,1.792493744787322640e+01
3.153461217681401418e+00,1.914591797356464205e-09,1.000000000000000178e+01,4.919410085636887799e-07,3.153461217681405060e+01,1.892076730608840762e+01
3.319432860717264511e+00,1.927653238317912524e-09,1.000000000000000000e+01,5.276557735466010751e-07,3.319432860717269307e+01,1.991659716430358529e+01
3.485404503753128047e+00,1.938717196363557316e-09,1.000000000000000000e+01,5.635942566051568787e-07,3.485404503753132133e+01,2.091242702251876295e+01
3.651376146788991139e+00,1.948089146055305711e-09,1.000000000000000000e+01,5.997222445900658755e-07,3.651376146788994959e+01,2.190825688073394062e+01
3.817347789824854232e+00,1.956027845796121358e-09,1.000000000000000355e+01,6.360107565615935163e-07,3.817347789824857784e+01,2.290408673894912539e+01
3.983319432860717768e+00,1.962752482177004081e-09,1.000000000000000178e+01,6.724352436227345535e-07,3.983319432860720610e+01,2.389991659716431016e+01
4.149291075896580416e+00,1.968448721566072357e-09,1.000000000000000000e+01,7.089749111412668336e-07,4.149291075896583436e+01,2.489574645537948427e+01
4.315262718932443953e+00,1.973273836494588780e-09,1.000000000000000178e+01,7.456121445945467320e-07,4.315262718932446262e+01,2.589157631359466549e+01
4.481234361968307489e+00,1.977361047796972571e-09,9.999999999999998224e+00,7.823320232498462622e-07,4.481234361968309088e+01,2.688740617180985026e+01
4.647206005004170137e+00,1.980823202882645829e-09,9.999999999999998224e+00,8.191219081979279670e-07,4.647206005004172624e+01,2.788323603002502438e+01
4.813177648040033674e+00,1.983755891478726251e-09,1.000000000000000178e+01,8.559710933898805856e-07,4.813177648040036871e+01,2.887906588824020204e+01
4.979149291075897210e+00,1.986240084710949412e-09,9.999999999999998224e+00,8.928705100600668363e-07,4.979149291075900408e+01,2.987489574645538326e+01
5.145120934111759858e+00,1.988344370915947855e-09,1.000000000000000000e+01,9.298124763151638281e-07,5.145120934111763233e+01,3.087072560467056093e+01
5.311092577147623395e+00,1.990126849136710742e-09,1.000000000000000000e+01,9.667904850626777937e-07,5.311092577147626059e+01,3.186655546288574214e+01
5.477064220183486931e+00,1.991636733434151230e-09,1.000000000000000000e+01,1.003799024328061031e-06,5.477064220183489596e+01,3.286238532110092336e+01
5.643035863219349579e+00,1.992915711477547127e-09,1.000000000000000000e+01,1.040833425092589880e-06,5.643035863219351711e+01,3.385821517931609748e+01
5.809007506255213116e+00,1.993999095751738165e-09,1.000000000000000000e+01,1.077889732358154653e-06,5.809007506255215958e+01,3.485404503753128580e+01
5.974979149291076652e+00,1.994916798325799455e-09,1.000000000000000000e+01,1.114964595973188676e-06,5.974979149291079494e+01,3.584987489574645991e+01
6.140950792326939300e+00,1.995694156894425751e-09,1.000000000000000000e+01,1.152055178116029312e-06,6.140950792326943031e+01,3.684570475396162692e+01
6.306922435362802837e+00,1.996352634229141588e-09,1.000000000000000000e+01,1.189159074956384019e-06,6.306922435362805857e+01,3.784153461217681524e+01
6.472894078398666373e+00,1.996910410818744456e-09,1.000000000000000000e+01,1.226274250279609592e-06,6.472894078398670104e+01,3.883736447039200357e+01
6.638865721434529021e+00,1.997382886764296333e-09,1.000000000000000000e+01,1.263398979274477267e-06,6.638865721434532929e+01,3.983319432860717768e+01
6.804837364470392558e+00,1.997783107037739358e-09,1.000000000000000000e+01,1.300531800904205584e-06,6.804837364470395755e+01,4.082902418682236600e+01
6.970809007506256094e+00,1.998122121748072575e-09,9.999999999999998224e+00,1.337671477556646863e-06,6.970809007506258581e+01,4.182485404503755433e+01
7.136780650542118742e+00,1.998409291042945991e-09,1.000000000000000000e+01,1.374816960895317699e-06,7.136780650542121407e+01,4.282068390325272844e+01
7.302752293577982279e+00,1.998652543626275085e-09,1.000000000000000000e+01,1.411967362905423980e-06,7.302752293577987075e+01,4.381651376146791677e+01
7.468723936613845815e+00,1.998858595648798606e-09,1.000000000000000000e+01,1.449121931378120231e-06,7.468723936613849901e+01,4.481234361968309798e+01
7.634695579649708463e+00,1.999033136144793855e-09,1.000000000000000178e+01,1.486280029141606695e-06,7.634695579649711306e+01,4.580817347789827210e+01
7.800667222685572000e+00,1.999180984225707104e-09,9.999999999999998224e+00,1.523441116455425224e-06,7.800667222685574131e+01,4.680400333611344621e+01
7.966638865721435536e+00,1.999306221952370733e-09,1.000000000000000355e+01,1.560604736128786237e-06,7.966638865721436957e+01,4.779983319432862743e+01
8.132610508757299073e+00,1.999412307115217103e-09,1.000000000000000178e+01,1.597770500889181419e-06,8.132610508757301204e+01,4.879566305254381575e+01
8.298582151793160833e+00,1.999502168713462337e-09,9.999999999999998224e+00,1.634938082688715162e-06,8.298582151793164030e+01,4.979149291075898276e+01
8.464553794829024369e+00,1.999578287802729811e-09,1.000000000000000000e+01,1.672107203649173278e-06,8.464553794829026856e+01,5.078732276897416398e+01
8.630525437864887905e+00,1.999642766010986500e-09,1.000000000000000000e+01,1.709277628388235475e-06,8.630525437864891103e+01,5.178315262718934520e+01
8.796497080900751442e+00,1.999697383594448774e-09,1.000000000000000178e+01,1.746449157517215295e-06,8.796497080900755350e+01,5.277898248540452641e+01
8.962468723936614978e+00,1.999743648530977161e-09,1.000000000000000355e+01,1.783621622142601637e-06,8.962468723936619597e+01,5.377481234361970053e+01
9.128440366972478515e+00,1.999782838169169853e-09,9.999999999999996447e+00,1.820794879201359165e-06,9.128440366972483844e+01,5.477064220183488885e+01
9.294412010008340275e+00,1.999816034547696860e-09,9.999999999999998224e+00,1.857968807505162900e-06,9.294412010008345248e+01,5.576647206005005586e+01
9.460383653044203811e+00,1.999844154227979920e-09,1.000000000000000000e+01,1.895143304399139325e-06,9.460383653044209495e+01,5.676230191826522997e+01
9.626355296080067347e+00,1.999867973568632831e-09,1.000000000000000000e+01,1.932318282931128651e-06,9.626355296080073742e+01,5.775813177648041119e+01
9.792326939115930884e+00,1.999888150209430589e-09,1.000000000000000178e+01,1.969493669445479784e-06,9.792326939115937989e+01,5.875396163469559241e+01
9.958298582151794420e+00,1.999905241260375375e-09,1.000000000000000000e+01,2.006669401545875100e-06,9.958298582151802236e+01,5.974979149291077363e+01
1.012427022518765796e+01,1.999919718583776888e-09,9.999999999999998224e+00,2.043845426383739865e-06,1.012427022518766364e+02,6.074562135112595485e+01
1.029024186822351972e+01,1.999931981888581417e-09,1.000000000000000178e+01,2.081021699191673079e-06,1.029024186822352505e+02,6.174145120934111475e+01
1.045621351125938325e+01,1.999942369760494024e-09,9.999999999999996447e+00,2.118198182048079997e-06,1.045621351125938787e+02,6.273728106755630307e+01
1.062218515429524679e+01,1.999951169034912194e-09,1.000000000000000000e+01,2.155374842827395916e-06,1.062218515429525212e+02,6.373311092577149140e+01
1.078815679733111033e+01,1.999958622639958757e-09,1.000000000000000178e+01,2.192551654321673196e-06,1.078815679733111494e+02,6.472894078398667261e+01
1.095412844036697386e+01,1.999964936362755606e-09,1.000000000000000178e+01,2.229728593482755285e-06,1.095412844036697777e+02,6.572477064220184673e+01
1.112010008340283562e+01,1.999970284526640104e-09,1.000000000000000000e+01,2.266905640786429409e-06,1.112010008340284060e+02,6.672060050041702084e+01
1.128607172643869916e+01,1.999974814797854963e-09,1.000000000000000178e+01,2.304082779694077847e-06,1.128607172643870484e+02,6.771643035863219495e+01
1.145204336947456270e+01,1.999978652265643085e-09,9.999999999999998224e+00,2.341259996195706196e-06,1.145204336947456909e+02,6.871226021684736907e+01
1.161801501251042623e+01,1.999981902875730354e-09,1.000000000000000178e+01,2.378437278425392526e-06,1.161801501251043334e+02,6.970809007506255739e+01
1.178398665554628977e+01,1.999984656364133026e-09,9.999999999999996447e+00,2.415614616332705097e-06,1.178398665554629616e+02,7.070391993327773150e+01
1.194995829858215330e+01,1.999986988754675731e-09,1.000000000000000000e+01,2.452792001402975648e-06,1.194995829858215899e+02,7.169974979149291983e+01
1.211592994161801506e+01,1.999988964458916841e-09,1.000000000000000178e+01,2.489969426422109271e-06,1.211592994161802039e+02,7.269557964970809394e+01
1.228190158465387860e+01,1.999990638027561561e-09,9.999999999999998224e+00,2.527146885280428095e-06,1.228190158465388322e+02,7.369140950792328226e+01
1.244787322768974214e+01,1.999992055661440906e-09,1.000000000000000000e+01,2.564324372803438762e-06,1.244787322768974605e+02,7.468723936613847059e+01
1.261384487072560567e+01,1.999993256492376887e-09,1.000000000000000178e+01,2.601501884608377232e-06,1.261384487072561029e+02,7.568306922435364470e+01
1.277981651376146921e+01,1.999994273673930998e-09,1.000000000000000000e+01,2.638679416982046307e-06,1.277981651376147312e+02,7.667889908256883302e+01
1.294578815679733275e+01,1.999995135299192117e-09,1.000000000000000178e+01,2.675856966778018012e-06,1.294578815679733736e+02,7.767472894078400714e+01
1.311175979983319451e+01,1.999995865163125193e-09,1.000000000000000000e+01,2.713034531331257341e-06,1.311175979983319735e+02,7.867055879899918125e+01
1.327773144286905804e+01,1.999996483415184891e-09,1.000000000000000000e+01,2.750212108385025422e-06,1.327773144286906302e+02,7.966638865721435536e+01
1.344370308590492158e+01,1.999997007120621344e-09,1.000000000000000178e+01,2.787389696028015280e-06,1.344370308590492584e+02,8.066221851542954369e+01
1.360967472894078512e+01,1.999997450728128355e-09,1.000000000000000178e+01,2.824567292641972587e-06,1.360967472894078867e+02,8.165804837364473201e+01
1.377564637197664865e+01,1.999997826474617618e-09,1.000000000000000000e+01,2.861744896856363307e-06,1.377564637197665149e+02,8.265387823185990612e+01
1.394161801501251219e+01,1.999998144730625354e-09,1.000000000000000178e+01,2.898922507509688003e-06,1.394161801501251432e+02,8.364970809007509445e+01
1.410758965804837395e+01,1.999998414327558609e-09,1.000000000000000000e+01,2.936100123612828188e-06,1.410758965804837430e+02,8.464553794829025435e+01
1.427356130108423748e+01,1.999998642703167782e-09,9.999999999999998224e+00,2.973277744332756604e-06,1.427356130108423713e+02,8.564136780650544267e+01
1.443953294412010102e+01,1.999998836155992766e-09,1.000000000000000000e+01,3.010455368964036260e-06,1.443953294412009996e+02,8.663719766472061679e+01
1.460550458715596456e+01,1.999999000045671756e-09,1.000000000000000355e+01,3.047632996906388459e-06,1.460550458715596562e+02,8.763302752293580511e+01
1.477147623019182809e+01,1.999999138878115631e-09,1.000000000000000178e+01,3.084810627655150972e-06,1.477147623019182845e+02,8.862885738115097922e+01
1.493744787322769163e+01,1.999999256473918196e-09,1.000000000000000355e+01,3.121988260782417152e-06,1.493744787322769412e+02,8.962468723936616755e+01
1.510341951626355339e+01,1.999999356075147690e-09,1.000000000000000178e+01,3.159165895925074986e-06,1.510341951626355410e+02,9.062051709758132745e+01
1.526939115929941693e+01,1.999999440435315903e-09,9.999999999999998224e+00,3.196343532774731638e-06,1.526939115929941693e+02,9.161634695579651577e+01
1.543536280233528046e+01,1.999999511878768924e-09,1.000000000000000000e+01,3.233521171071060425e-06,1.543536280233527975e+02,9.261217681401168988e+01
1.560133444537114400e+01,1.999999572412758945e-09,1.000000000000000000e+01,3.270698810589249061e-06,1.560133444537114258e+02,9.360800667222686400e+01
1.576730608840700754e+01,1.999999623677987129e-09,1.000000000000000000e+01,3.307876451145538830e-06,1.576730608840700540e+02,9.460383653044205232e+01
1.593327773144287107e+01,1.999999667130166864e-09,1.000000000000000178e+01,3.345054092576890291e-06,1.593327773144286823e+02,9.559966638865722643e+01
1.609924937447873461e+01,1.999999703937887634e-09,1.000000000000000178e+01,3.382231734752421182e-06,1.609924937447873106e+02,9.659549624687240055e+01
1.626522101751459815e+01,1.999999735130618724e-09,9.999999999999998224e+00,3.419409377556830415e-06,1.626522101751459672e+02,9.759132610508758887e+01
1.643119266055045813e+01,1.999999761551784508e-09,9.999999999999996447e+00,3.456587020895654333e-06,1.643119266055045671e+02,9.858715596330274877e+01
1.659716430358632167e+01,1.999999783935218678e-09,1.000000000000000355e+01,3.493764664686704907e-06,1.659716430358631953e+02,9.958298582151793710e+01
1.676313594662218520e+01,1.999999802893677194e-09,1.000000000000000000e+01,3.530942308861352985e-06,1.676313594662218236e+02,1.005788156797331112e+02
1.692910758965804874e+01,1.999999818938812210e-09,1.000000000000000000e+01,3.568119953362292978e-06,1.692910758965804803e+02,1.015746455379482995e+02
1.709507923269391227e+01,1.999999832520262977e-09,1.000000000000000000e+01,3.605297598139166235e-06,1.709507923269391085e+02,1.025704753961634736e+02
1.726105087572977581e+01,1.999999844032533849e-09,1.000000000000000000e+01,3.642475243147787283e-06,1.726105087572977368e+02,1.035663052543786620e+02
1.742702251876563935e+01,1.999999853765454852e-09,9.999999999999998224e+00,3.679652888355695279e-06,1.742702251876563651e+02,1.045621351125938503e+02
1.759299416180150288e+01,1.999999862032641587e-09,1.000000000000000000e+01,3.716830533727765459e-06,1.759299416180150217e+02,1.055579649708090244e+02
1.775896580483736642e+01,1.999999869025080960e-09,9.999999999999998224e+00,3.754008179242607278e-06,1.775896580483736500e+02,1.065537948290242127e+02
1.792493744787322996e+01,1.999999874960882714e-09,9.999999999999998224e+00,3.791185824875792728e-06,1.792493744787322782e+02,1.075496246872393868e+02
1.809090909090909349e+01,1.999999879999270430e-09,9.999999999999998224e+00,3.828363470609487955e-06,1.809090909090909065e+02,1.085454545454545610e+02
1.825688073394495703e+01,1.999999884268972852e-09,9.999999999999998224e+00,3.865541116429276458e-06,1.825688073394495348e+02,1.095412844036697493e+02
1.842285237698081701e+01,1.999999887892593036e-09,9.999999999999998224e+00,3.902718762321425292e-06,1.842285237698081346e+02,1.105371142618849092e+02
1.858882402001668055e+01,1.999999890960462825e-09,1.000000000000000178e+01,3.939896408275819188e-06,1.858882402001667629e+02,1.115329441201000833e+02
1.875479566305254409e+01,1.999999893561968599e-09,1.000000000000000178e+01,3.977074054282446219e-06,1.875479566305254195e+02,1.125287739783152716e+02
1.892076730608840762e+01,1.999999895761868673e-09,1.000000000000000178e+01,4.014251700334052393e-06,1.892076730608840194e+02,1.135246038365304599e+02
1.908673894912427116e+01,1.999999897625264643e-09,1.000000000000000178e+01,4.051429346423347298e-06,1.908673894912426761e+02,1.145204336947456483e+02
1.925271059216013469e+01,1.999999899198605595e-09,1.000000000000000178e+01,4.088606992545128457e-06,1.925271059216013043e+02,1.155162635529608224e+02
1.941868223519599823e+01,1.999999900518160918e-09,1.000000000000000178e+01,4.125784638695333501e-06,1.941868223519599326e+02,1.165120934111760107e+02
1.958465387823186177e+01,1.999999901636161690e-09,1.000000000000000178e+01,4.162962284868112821e-06,1.958465387823185893e+02,1.175079232693911848e+02
1.975062552126772530e+01,1.999999902593277074e-09,1.000000000000000178e+01,4.200139931058910225e-06,1.975062552126772175e+02,1.185037531276063731e+02
1.991659716430358884e+01,1.999999903386070961e-09,1.000000000000000178e+01,4.237317577268112808e-06,1.991659716430358742e+02,1.194995829858215473e+02
2.008256880733945238e+01,1.999999904059534119e-09,1.000000000000000178e+01,4.274495223490679876e-06,2.008256880733945025e+02,1.204954128440367356e+02
2.024854045037531591e+01,1.999999904643906616e-09,1.000000000000000178e+01,4.311672869723224993e-06,2.024854045037531307e+02,1.214912427022519097e+02
2.041451209341117590e+01,1.999999905137224312e-09,1.000000000000000178e+01,4.348850515965967540e-06,2.041451209341117305e+02,1.224870725604670696e+02
2.058048373644703943e+01,1.999999905555782665e-09,1.000000000000000178e+01,4.386028162217084701e-06,2.058048373644703872e+02,1.234829024186822437e+02
2.074645537948290297e+01,1.999999905917562514e-09,1.000000000000000178e+01,4.423205808474560539e-06,2.074645537948290155e+02,1.244787322768974320e+02
2.091242702251876651e+01,1.999999906230715723e-09,1.000000000000000000e+01,4.460383454737481952e-06,2.091242702251876437e+02,1.254745621351126204e+02
2.107839866555463004e+01,1.999999906496764305e-09,1.000000000000000000e+01,4.497561101005679532e-06,2.107839866555462720e+02,1.264703919933277945e+02
2.124437030859049358e+01,1.999999906724702608e-09,1.000000000000000000e+01,4.534738747278146159e-06,2.124437030859049287e+02,1.274662218515429828e+02
2.141034195162635712e+01,1.999999906919304292e-09,1.000000000000000000e+01,4.571916393554345660e-06,2.141034195162635569e+02,1.284620517097581569e+02
2.157631359466222065e+01,1.999999907084288774e-09,1.000000000000000000e+01,4.609094039833862989e-06,2.157631359466221852e+02,1.294578815679733168e+02
2.174228523769808419e+01,1.999999907223718751e-09,1.000000000000000000e+01,4.646271686116241596e-06,2.174228523769808419e+02,1.304537114261885051e+02
2.190825688073394772e+01,1.999999907341727646e-09,1.000000000000000000e+01,4.683449332401019846e-06,2.190825688073394701e+02,1.314495412844036935e+02
2.207422852376981126e+01,1.999999907441503412e-09,1.000000000000000000e+01,4.720626978687840293e-06,2.207422852376981268e+02,1.324453711426188534e+02
2.224020016680567124e+01,1.999999907524845995e-09,1.000000000000000000e+01,4.757804624976499649e-06,2.224020016680567267e+02,1.334412010008340133e+02
2.240617180984153478e+01,1.999999907593644675e-09,1.000000000000000000e+01,4.794982271266789543e-06,2.240617180984153549e+02,1.344370308590492016e+02
2.257214345287739832e+01,1.999999907651515471e-09,1.000000000000000000e+01,4.832159917558303400e-06,2.257214345287739832e+02,1.354328607172643899e+02
2.273811509591326185e+01,1.999999907703836713e-09,1.000000000000000000e+01,4.869337563850438979e-06,2.273811509591326114e+02,1.364286905754795782e+02
2.290408673894912539e+01,1.999999907748961483e-09,1.000000000000000178e+01,4.906515210143380086e-06,2.290408673894912681e+02,1.374245204336947381e+02
2.307005838198498893e+01,1.999999907787714481e-09,1.000000000000000178e+01,4.943692856437035242e-06,2.307005838198498964e+02,1.384203502919099265e+02
2.323603002502085246e+01,1.999999907820474556e-09,1.000000000000000178e+01,4.980870502731361248e-06,2.323603002502085246e+02,1.394161801501251148e+02
2.340200166805671600e+01,1.999999907847178014e-09,1.000000000000000178e+01,5.018048149026364880e-06,2.340200166805671529e+02,1.404120100083403031e+02
2.356797331109257954e+01,1.999999907873668059e-09,1.000000000000000178e+01,5.055225795321393924e-06,2.356797331109257811e+02,1.414078398665554630e+02
2.373394495412844307e+01,1.999999907897438335e-09,1.000000000000000178e+01,5.092403441616727052e-06,2.373394495412844378e+02,1.424036697247706513e+02
2.389991659716430661e+01,1.999999907917950760e-09,1.000000000000000178e+01,5.129581087912424404e-06,2.389991659716430661e+02,1.433994995829858397e+02
2.406588824020017015e+01,1.999999907934697859e-09,1.000000000000000178e+01,5.166758734208543579e-06,2.406588824020016943e+02,1.443953294412010280e+02
2.423185988323603013e+01,1.999999907946855759e-09,1.000000000000000178e+01,5.203936380505176903e-06,2.423185988323602942e+02,1.453911592994161879e+02
2.439783152627189367e+01,1.999999907957217437e-09,1.000000000000000178e+01,5.241114026802011821e-06,2.439783152627189224e+02,1.463869891576313762e+02
2.456380316930775720e+01,1.999999907968791762e-09,1.000000000000000178e+01,5.278291673098710366e-06,2.456380316930775791e+02,1.473828190158465361e+02
2.472977481234362074e+01,1.999999907978372168e-09,1.000000000000000000e+01,5.315469319395632528e-06,2.472977481234362074e+02,1.483786488740617244e+02
2.489574645537948427e+01,1.999999907985609998e-09,1.000000000000000000e+01,5.352646965692817270e-06,2.489574645537948356e+02,1.493744787322769128e+02
2.506171809841534781e+01,1.999999907990011013e-09,1.000000000000000000e+01,5.389824611990318803e-06,2.506171809841534923e+02,1.503703085904921011e+02
2.522768974145121135e+01,1.999999907991110336e-09,1.000000000000000000e+01,5.427002258288190489e-06,2.522768974145121490e+02,1.513661384487072610e+02
2.539366138448707488e+01,1.999999907994364464e-09,1.000000000000000000e+01,5.464179904585821618e-06,2.539366138448707773e+02,1.523619683069224493e+02
2.555963302752293842e+01,1.999999907996653273e-09,1.000000000000000000e+01,5.501357550883560319e-06,2.555963302752294055e+02,1.533577981651376376e+02
2.572560467055880196e+01,1.999999907998030115e-09,1.000000000000000000e+01,5.538535197181401512e-06,2.572560467055880622e+02,1.543536280233528259e+02
2.589157631359466549e+01,1.999999907998519392e-09,1.000000000000000000e+01,5.575712843479341808e-06,2.589157631359466905e+02,1.553494578815679859e+02
2.605754795663052903e+01,1.999999907998115315e-09,1.000000000000000000e+01,5.612890489777382053e-06,2.605754795663053187e+02,1.563452877397831742e+02
2.622351959966638901e+01,1.999999907997468046e-09,1.000000000000000000e+01,5.650068136075448557e-06,2.622351959966639470e+02,1.573411175979983341e+02
2.638949124270225255e+01,1.999999907996968015e-09,1.000000000000000000e+01,5.687245782373499814e-06,2.638949124270225752e+02,1.583369474562135224e+02
2.655546288573811609e+01,1.999999907996434070e-09,1.000000000000000000e+01,5.724423428671554459e-06,2.655546288573812035e+02,1.593327773144286823e+02
2.672143452877397962e+01,1.999999907996021307e-09,1.000000000000000000e+01,5.761601074969596399e-06,2.672143452877398317e+02,1.603286071726438706e+02
2.688740617180984316e+01,1.999999907995883995e-09,1.000000000000000000e+01,5.798778721267606998e-06,2.688740617180984600e+02,1.613244370308590590e+02
2.705337781484570669e+01,1.999999907994825204e-09,1.000000000000000000e+01,5.835956367565720935e-06,2.705337781484571451e+02,1.623202668890742473e+02
2.721934945788157023e+01,1.999999907985684031e-09,1.000000000000000000e+01,5.873134013864739504e-06,2.721934945788157734e+02,1.633160967472894356e+02
2.738532110091743377e+01,1.999999907976162355e-09,1.000000000000000000e+01,5.910311660163801271e-06,2.738532110091744016e+02,1.643119266055045955e+02
2.755129274395329730e+01,1.999999907966373499e-09,1.000000000000000000e+01,5.947489306462892685e-06,2.755129274395330299e+02,1.653077564637197838e+02
2.771726438698916084e+01,1.999999907956430375e-09,1.000000000000000000e+01,5.984666952762001039e-06,2.771726438698916581e+02,1.663035863219349721e+02
2.788323603002502438e+01,1.999999907946447546e-09,1.000000000000000000e+01,6.021844599061114475e-06,2.788323603002502864e+02,1.672994161801501605e+02
2.804920767306088436e+01,1.999999907936537508e-09,1.000000000000000178e+01,6.059022245360218594e-06,2.804920767306089147e+02,1.682952460383653204e+02
2.821517931609674790e+01,1.999999907926814414e-09,1.000000000000000178e+01,6.096199891659303231e-06,2.821517931609675429e+02,1.692910758965804803e+02
2.838115095913261143e+01,1.999999907917391172e-09,1.000000000000000178e+01,6.133377537958353140e-06,2.838115095913261712e+02,1.702869057547956686e+02
2.854712260216847497e+01,1.999999907908381935e-09,1.000000000000000178e+01,6.170555184257357309e-06,2.854712260216847994e+02,1.712827356130108569e+02
2.871309424520433851e+01,1.999999907899899197e-09,1.000000000000000178e+01,6.207732830556302186e-06,2.871309424520434277e+02,1.722785654712260452e+02
2.887906588824020204e+01,1.999999907892057525e-09,1.000000000000000178e+01,6.244910476855175912e-06,2.887906588824020560e+02,1.732743953294412051e+02
2.904503753127606558e+01,1.999999907884969414e-09,1.000000000000000178e+01,6.282088123153964934e-06,2.904503753127606842e+02,1.742702251876563935e+02
2.921100917431192912e+01,1.999999907878748603e-09,1.000000000000000178e+01,6.319265769452656548e-06,2.921100917431193693e+02,1.752660550458715818e+02
2.937698081734779265e+01,1.999999907873508827e-09,1.000000000000000178e+01,6.356443415751238895e-06,2.937698081734779976e+02,1.762618849040867701e+02
2.954295246038365619e+01,1.999999907869363411e-09,1.000000000000000178e+01,6.393621062049698422e-06,2.954295246038366258e+02,1.772577147623019300e+02
2.970892410341951972e+01,1.999999907866426093e-09,1.000000000000000178e+01,6.430798708348022423e-06,2.970892410341952541e+02,1.782535446205171183e+02
2.987489574645538326e+01,1.999999907864809782e-09,1.000000000000000178e+01,6.467976354646198194e-06,2.987489574645538823e+02,1.792493744787323067e+02
3.004086738949124324e+01,1.999999907864627802e-09,1.000000000000000178e+01,6.505154000944213029e-06,3.004086738949125106e+02,1.802452043369474666e+02
3.020683903252710678e+01,1.999999907865994718e-09,1.000000000000000178e+01,6.542331647242055069e-06,3.020683903252711389e+02,1.812410341951626549e+02
3.037281067556297032e+01,1.999999907869023027e-09,1.000000000000000178e+01,6.579509293539710761e-06,3.037281067556297671e+02,1.822368640533778148e+02
3.053878231859883385e+01,1.999999907873826051e-09,1.000000000000000178e+01,6.616686939837168248e-06,3.053878231859883954e+02,1.832326939115930031e+02
3.070475396163469739e+01,1.999999907880517942e-09,1.000000000000000178e+01,6.653864586134413977e-06,3.070475396163470236e+02,1.842285237698081914e+02
3.087072560467056093e+01,1.999999907889212024e-09,1.000000000000000178e+01,6.691042232431435242e-06,3.087072560467056519e+02,1.852243536280233798e+02
3.103669724770642446e+01,1.999999907900021620e-09,1.000000000000000178e+01,6.728219878728220184e-06,3.103669724770642802e+02,1.862201834862385397e+02
3.120266889074228800e+01,1.999999907913060055e-09,1.000000000000000178e+01,6.765397525024754405e-06,3.120266889074229084e+02,1.872160133444537280e+02
3.136864053377815154e+01,1.999999907926565019e-09,1.000000000000000178e+01,6.802575171321236957e-06,3.136864053377815935e+02,1.882118432026689163e+02
3.153461217681401507e+01,1.999999907923473845e-09,1.000000000000000178e+01,6.839752817619577899e-06,3.153461217681402218e+02,1.892076730608840762e+02
3.170058381984987861e+01,1.999999907920603942e-09,1.000000000000000178e+01,6.876930463917895125e-06,3.170058381984988500e+02,1.902035029190992645e+02
3.186655546288574214e+01,1.999999907917981366e-09,1.000000000000000178e+01,6.914108110216183551e-06,3.186655546288574783e+02,1.911993327773144529e+02
3.203252710592160213e+01,1.999999907915634241e-09,1.000000000000000178e+01,6.951285756514440637e-06,3.203252710592161066e+02,1.921951626355296128e+02
3.219849874895746922e+01,1.999999907913589037e-09,1.000000000000000178e+01,6.988463402812665536e-06,3.219849874895747348e+02,1.931909924937448295e+02
3.236447039199332920e+01,1.999999907911872223e-09,1.000000000000000178e+01,7.025641049110852318e-06,3.236447039199333631e+02,1.941868223519599610e+02
3.253044203502919629e+01,1.999999907910511511e-09,1.000000000000000178e+01,7.062818695409000984e-06,3.253044203502919913e+02,1.951826522101751777e+02
3.269641367806505627e+01,1.999999907909533370e-09,1.000000000000000178e+01,7.099996341707104757e-06,3.269641367806506196e+02,1.961784820683903376e+02
3.286238532110091626e+01,1.999999907908964683e-09,1.000000000000000178e+01,7.137173988005162790e-06,3.286238532110091910e+02,1.971743119266054975e+02
3.302835696413678335e+01,1.999999907908832748e-09,1.000000000000000178e+01,7.174351634303173389e-06,3.302835696413678761e+02,1.981701417848207143e+02
3.319432860717264333e+01,1.999999907909164447e-09,1.000000000000000178e+01,7.211529280601130626e-06,3.319432860717265044e+02,1.991659716430358458e+02
3.336030025020851042e+01,1.999999907909986665e-09,1.000000000000000178e+01,7.248706926899034499e-06,3.336030025020851326e+02,2.001618015012510625e+02
3.352627189324437040e+01,1.999999907911326284e-09,1.000000000000000178e+01,7.285884573196879080e-06,3.352627189324437609e+02,2.011576313594662224e+02
3.369224353628023749e+01,1.999999907913210601e-09,1.000000000000000178e+01,7.323062219494663521e-06,3.369224353628024460e+02,2.021534612176814107e+02
3.385821517931609748e+01,1.999999907915665673e-09,1.000000000000000178e+01,7.360239865792382741e-06,3.385821517931610174e+02,2.031492910758965991e+02
3.402418682235196457e+01,1.999999907918719624e-09,1.000000000000000178e+01,7.397417512090036740e-06,3.402418682235197025e+02,2.041451209341117874e+02
3.419015846538782455e+01,1.999999907922398510e-09,1.000000000000000178e+01,7.434595158387619588e-06,3.419015846538783308e+02,2.051409507923269473e+02
3.435613010842369164e+01,1.999999907926729214e-09,1.000000000000000178e+01,7.471772804685130438e-06,3.435613010842369590e+02,2.061367806505421356e+02
3.452210175145955162e+01,1.999999907931739447e-09,1.000000000000000178e+01,7.508950450982563361e-06,3.452210175145955873e+02,2.071326105087572955e+02
3.468807339449541871e+01,1.999999907937456092e-09,1.000000000000000178e+01,7.546128097279919203e-06,3.468807339449542724e+02,2.081284403669725123e+02
3.485404503753127869e+01,1.999999907943905206e-09,1.000000000000000178e+01,7.583305743577191190e-06,3.485404503753128438e+02,2.091242702251876722e+02
3.502001668056713868e+01,1.999999907951114499e-09,1.000000000000000000e+01,7.620483389874378474e-06,3.502001668056714152e+02,2.101201000834028321e+02
3.518598832360300577e+01,1.999999907959110854e-09,1.000000000000000000e+01,7.657661036171479360e-06,3.518598832360301003e+02,2.111159299416180204e+02
3.535195996663886575e+01,1.999999907967921154e-09,1.000000000000000000e+01,7.694838682468486225e-06,3.535195996663887286e+02,2.121117597998331803e+02
3.551793160967473284e+01,1.999999907977571870e-09,1.000000000000000000e+01,7.732016328765401611e-06,3.551793160967474137e+02,2.131075896580483970e+02
3.568390325271059282e+01,1.999999907987713932e-09,1.000000000000000000e+01,7.769193975062259398e-06,3.568390325271059851e+02,2.141034195162635569e+02
3.584987489574645991e+01,1.999999907990583835e-09,1.000000000000000000e+01,7.806371621359933726e-06,3.584987489574646702e+02,2.150992493744787453e+02
3.601584653878231990e+01,1.999999907993413206e-09,1.000000000000000000e+01,7.843549267657611441e-06,3.601584653878232416e+02,2.160950792326939336e+02
3.618181818181818699e+01,1.999999907996193774e-09,1.000000000000000000e+01,7.880726913955295933e-06,3.618181818181819267e+02,2.170909090909091219e+02
3.634778982485404697e+01,1.999999907998916853e-09,1.000000000000000000e+01,7.917904560252985507e-06,3.634778982485405550e+02,2.180867389491242818e+02
3.651376146788991406e+01,1.999999908001573757e-09,1.000000000000000000e+01,7.955082206550683551e-06,3.651376146788991832e+02,2.190825688073394986e+02
3.667973311092577404e+01,1.999999908004155801e-09,1.000000000000000000e+01,7.992259852848390065e-06,3.667973311092578115e+02,2.200783986655546300e+02
3.684570475396163403e+01,1.999999908006654714e-09,1.000000000000000000e+01,8.029437499146103356e-06,3.684570475396163829e+02,2.210742285237698184e+02
3.701167639699750112e+01,1.999999908009062223e-09,1.000000000000000000e+01,8.066615145443830200e-06,3.701167639699750680e+02,2.220700583819850067e+02
3.717764804003336110e+01,1.999999908011368816e-09,1.000000000000000000e+01,8.103792791741565513e-06,3.717764804003336394e+02,2.230658882402001666e+02
3.734361968306922819e+01,1.999999908013567048e-09,1.000000000000000000e+01,8.140970438039316074e-06,3.734361968306923245e+02,2.240617180984153549e+02
3.750959132610508817e+01,1.999999908015647408e-09,1.000000000000000000e+01,8.178148084337076798e-06,3.750959132610509528e+02,2.250575479566305148e+02
3.767556296914095526e+01,1.999999908017602035e-09,1.000000000000000000e+01,8.215325730634854464e-06,3.767556296914096379e+02,2.260533778148457316e+02
3.784153461217681524e+01,1.999999908019421833e-09,1.000000000000000000e+01,8.252503376932645681e-06,3.784153461217682093e+02,2.270492076730608915e+02
3.800750625521268233e+01,1.999999908021098528e-09,1.000000000000000000e+01,8.289681023230453840e-06,3.800750625521268944e+02,2.280450375312760798e+02
3.817347789824854232e+01,1.999999908022623849e-09,1.000000000000000000e+01,8.326858669528277245e-06,3.817347789824854658e+02,2.290408673894912681e+02
3.833944954128440941e+01,1.999999908023988697e-09,1.000000000000000000e+01,8.364036315826119285e-06,3.833944954128441509e+02,2.300366972477064564e+02
3.850542118432026939e+01,1.999999908025184387e-09,1.000000000000000000e+01,8.401213962123979959e-06,3.850542118432027792e+02,2.310325271059216163e+02
3.867139282735612937e+01,1.999999908026203059e-09,1.000000000000000000e+01,8.438391608421860963e-06,3.867139282735613506e+02,2.320283569641367762e+02
3.883736447039199646e+01,1.999999908027035617e-09,1.000000000000000000e+01,8.475569254719763989e-06,3.883736447039200357e+02,2.330241868223519646e+02
3.900333611342785645e+01,1.999999908027673787e-09,1.000000000000000000e+01,8.512746901017685650e-06,3.900333611342786071e+02,2.340200166805671529e+02
3.916930775646372354e+01,1.999999908028108884e-09,1.000000000000000000e+01,8.549924547315632722e-06,3.916930775646372922e+02,2.350158465387823412e+02
3.933527939949958352e+01,1.999999908028332636e-09,1.000000000000000000e+01,8.587102193613603511e-06,3.933527939949959205e+02,2.360116763969975011e+02
3.950125104253545061e+01,1.999999908028335945e-09,1.000000000000000000e+01,8.624279839911598016e-06,3.950125104253545487e+02,2.370075062552127179e+02
3.966722268557131059e+01,1.999999908028110538e-09,1.000000000000000000e+01,8.661457486209617933e-06,3.966722268557131770e+02,2.380033361134278778e+02
3.983319432860717768e+01,1.999999908027647730e-09,1.000000000000000000e+01,8.698635132507666649e-06,3.983319432860718052e+02,2.389991659716430661e+02
3.999916597164303766e+01,1.999999908026939250e-09,1.000000000000000000e+01,8.735812778805739082e-06,3.999916597164304335e+02,2.399949958298582260e+02
4.016513761467890475e+01,1.999999908027313136e-09,1.000000000000000000e+01,8.772990425103692930e-06,4.016513761467891186e+02,2.409908256880734427e+02
4.033110925771476474e+01,1.999999908027605544e-09,1.000000000000000178e+01,8.810168071401655249e-06,4.033110925771476900e+02,2.419866555462886026e+02
4.049708090075063183e+01,1.999999908027813994e-09,1.000000000000000178e+01,8.847345717699627731e-06,4.049708090075063751e+02,2.429824854045037910e+02
4.066305254378649181e+01,1.999999908027938484e-09,1.000000000000000178e+01,8.884523363997608685e-06,4.066305254378650034e+02,2.439783152627189509e+02
4.082902418682235179e+01,1.999999908027979016e-09,1.000000000000000178e+01,8.921701010295598108e-06,4.082902418682235748e+02,2.449741451209341108e+02
4.099499582985821888e+01,1.999999908027936003e-09,1.000000000000000178e+01,8.958878656593597696e-06,4.099499582985822599e+02,2.459699749791493275e+02
4.116096747289407887e+01,1.999999908027809031e-09,1.000000000000000178e+01,8.996056302891607449e-06,4.116096747289408313e+02,2.469658048373644874e+02
4.132693911592994596e+01,1.999999908027597686e-09,1.000000000000000178e+01,9.033233949189627365e-06,4.132693911592995164e+02,2.479616346955796757e+02
4.149291075896580594e+01,1.999999908027302796e-09,1.000000000000000178e+01,9.070411595487654058e-06,4.149291075896580878e+02,2.489574645537948356e+02
4.165888240200167303e+01,1.999999908026923947e-09,1.000000000000000178e+01,9.107589241785692610e-06,4.165888240200167729e+02,2.499532944120100524e+02
4.182485404503753301e+01,1.999999908026461140e-09,1.000000000000000178e+01,9.144766888083739632e-06,4.182485404503754012e+02,2.509491242702251839e+02
4.199082568807340010e+01,1.999999908025914373e-09,1.000000000000000178e+01,9.181944534381795124e-06,4.199082568807340294e+02,2.519449541284404006e+02
4.215679733110926009e+01,1.999999908025283648e-09,1.000000000000000178e+01,9.219122180679860780e-06,4.215679733110926577e+02,2.529407839866555605e+02
4.232276897414512717e+01,1.999999908024569378e-09,1.000000000000000178e+01,9.256299826977936601e-06,4.232276897414513428e+02,2.539366138448707773e+02
4.248874061718098716e+01,1.999999908023770735e-09,1.000000000000000178e+01,9.293477473276020892e-06,4.248874061718099142e+02,2.549324437030859372e+02
4.265471226021684714e+01,1.999999908022888547e-09,1.000000000000000178e+01,9.330655119574113654e-06,4.265471226021685425e+02,2.559282735613010686e+02
4.282068390325271423e+01,1.999999908021922400e-09,1.000000000000000178e+01,9.367832765872218274e-06,4.282068390325272276e+02,2.569241034195163138e+02
4.298665554628857421e+01,1.999999908020872294e-09,1.000000000000000178e+01,9.405010412170329670e-06,4.298665554628857990e+02,2.579199332777314453e+02
4.315262718932444130e+01,1.999999908019738229e-09,1.000000000000000178e+01,9.442188058468452925e-06,4.315262718932444841e+02,2.589157631359466336e+02
4.331859883236030129e+01,1.999999908018520206e-09,1.000000000000000178e+01,9.479365704766584650e-06,4.331859883236030555e+02,2.599115929941618219e+02
4.348457047539616838e+01,1.999999908017218224e-09,1.000000000000000178e+01,9.516543351064726540e-06,4.348457047539617406e+02,2.609074228523770103e+02
4.365054211843202836e+01,1.999999908015832283e-09,1.000000000000000178e+01,9.553720997362875206e-06,4.365054211843203689e+02,2.619032527105921986e+02
4.381651376146789545e+01,1.999999908014362796e-09,1.000000000000000178e+01,9.590898643661035730e-06,4.381651376146789971e+02,2.628990825688073869e+02
4.398248540450375543e+01,1.999999908012808937e-09,1.000000000000000178e+01,9.628076289959204724e-06,4.398248540450376254e+02,2.638949124270225184e+02
4.414845704753962252e+01,1.999999908011171533e-09,1.000000000000000178e+01,9.665253936257383883e-06,4.414845704753963105e+02,2.648907422852377636e+02
4.431442869057548251e+01,1.999999908009450171e-09,1.000000000000000178e+01,9.702431582555571513e-06,4.431442869057548819e+02,2.658865721434528950e+02
4.448040033361134249e+01,1.999999908010274042e-09,1.000000000000000178e+01,9.739609228853472845e-06,4.448040033361135102e+02,2.668824020016680265e+02
4.464637197664720958e+01,1.999999908011212065e-09,1.000000000000000178e+01,9.776786875151364012e-06,4.464637197664721384e+02,2.678782318598832717e+02
4.481234361968306956e+01,1.999999908012126927e-09,1.000000000000000178e+01,9.813964521449255180e-06,4.481234361968307667e+02,2.688740617180984032e+02
4.497831526271893665e+01,1.999999908013018628e-09,1.000000000000000178e+01,9.851142167747151430e-06,4.497831526271894518e+02,2.698698915763135915e+02
4.514428690575479663e+01,1.999999908013886754e-09,1.000000000000000178e+01,9.888319814045049374e-06,4.514428690575480232e+02,2.708657214345287798e+02
4.531025854879066372e+01,1.999999908014731305e-09,1.000000000000000178e+01,9.925497460342950706e-06,4.531025854879067083e+02,2.718615512927439681e+02
4.547623019182652371e+01,1.999999908015552282e-09,1.000000000000000178e+01,9.962675106640852038e-06,4.547623019182652797e+02,2.728573811509590996e+02
4.564220183486239080e+01,1.999999908016350098e-09,1.000000000000000178e+01,9.999852752938758453e-06,4.564220183486239648e+02,2.738532110091743448e+02
4.580817347789825078e+01,1.999999908017124752e-09,1.000000000000000178e+01,1.003703039923666656e-05,4.580817347789825362e+02,2.748490408673894763e+02
4.597414512093411787e+01,1.999999908017875419e-09,1.000000000000000178e+01,1.007420804553457806e-05,4.597414512093412213e+02,2.758448707256046646e+02
4.614011676396997785e+01,1.999999908018603338e-09,1.000000000000000178e+01,1.011138569183249125e-05,4.614011676396997927e+02,2.768407005838198529e+02
4.630608840700584494e+01,1.999999908019307268e-09,1.000000000000000178e+01,1.014856333813040783e-05,4.630608840700584778e+02,2.778365304420350412e+02
4.647206005004170493e+01,1.999999908019988038e-09,1.000000000000000178e+01,1.018574098442832779e-05,4.647206005004171061e+02,2.788323603002502296e+02
4.663803169307756491e+01,1.999999908020645647e-09,1.000000000000000178e+01,1.022291863072624776e-05,4.663803169307757344e+02,2.798281901584653610e+02
4.680400333611343200e+01,1.999999908021279680e-09,1.000000000000000178e+01,1.026009627702417281e-05,4.680400333611343626e+02,2.808240200166806062e+02
4.696997497914929198e+01,1.999999908021890140e-09,1.000000000000000178e+01,1.029727392332209955e-05,4.696997497914929909e+02,2.818198498748957377e+02
4.713594662218515907e+01,1.999999908022477438e-09,1.000000000000000178e+01,1.033445156962002799e-05,4.713594662218516760e+02,2.828156797331109260e+02
4.730191826522101906e+01,1.999999908023041162e-09,1.000000000000000178e+01,1.037162921591795982e-05,4.730191826522102474e+02,2.838115095913261143e+02
4.746788990825688614e+01,1.999999908023581311e-09,1.000000000000000178e+01,1.040880686221589503e-05,4.746788990825689325e+02,2.848073394495413027e+02
4.763386155129274613e+01,1.999999908024098298e-09,1.000000000000000178e+01,1.044598450851383194e-05,4.763386155129275039e+02,2.858031693077564341e+02
4.779983319432861322e+01,1.999999908024591712e-09,1.000000000000000178e+01,1.048316215481177223e-05,4.779983319432861890e+02,2.867989991659716793e+02
4.796580483736447320e+01,1.999999908025061964e-09,1.000000000000000178e+01,1.052033980110971422e-05,4.796580483736447604e+02,2.877948290241868108e+02
4.813177648040034029e+01,1.999999908025508641e-09,1.000000000000000178e+01,1.055751744740766129e-05,4.813177648040034455e+02,2.887906588824019991e+02
4.829774812343620027e+01,1.999999908025932158e-09,1.000000000000000178e+01,1.059469509370560837e-05,4.829774812343620738e+02,2.897864887406171874e+02
4.846371976647206026e+01,1.999999908026331686e-09,1.000000000000000178e+01,1.063187274000355713e-05,4.846371976647206452e+02,2.907823185988323758e+02
4.862969140950792735e+01,1.999999908026708467e-09,1.000000000000000178e+01,1.066905038630151098e-05,4.862969140950793303e+02,2.917781484570475641e+02
4.879566305254378733e+01,1.999999908027061673e-09,1.000000000000000178e+01,1.070622803259946652e-05,4.879566305254379586e+02,2.927739783152626956e+02
4.896163469557965442e+01,1.999999908027391304e-09,1.000000000000000178e+01,1.074340567889742545e-05,4.896163469557965868e+02,2.937698081734779407e+02
4.912760633861551440e+01,1.999999908027697361e-09,1.000000000000000178e+01,1.078058332519538438e-05,4.912760633861552151e+02,2.947656380316930722e+02
4.929357798165138149e+01,1.999999908027980257e-09,1.000000000000000178e+01,1.081776097149335009e-05,4.929357798165139002e+02,2.957614678899082605e+02
4.945954962468724148e+01,1.999999908028239992e-09,1.000000000000000178e+01,1.085493861779131410e-05,4.945954962468724716e+02,2.967572977481234489e+02
4.962552126772310856e+01,1.999999908028475738e-09,1.000000000000000178e+01,1.089211626408928489e-05,4.962552126772311567e+02,2.977531276063386372e+02
4.979149291075896855e+01,1.999999908028688737e-09,1.000000000000000178e+01,1.092929391038725568e-05,4.979149291075897281e+02,2.987489574645538255e+02
4.995746455379483564e+01,1.999999908028877748e-09,1.000000000000000178e+01,1.096647155668522986e-05,4.995746455379484132e+02,2.997447873227690138e+02
5.012343619683069562e+01,1.999999908029043598e-09,1.000000000000000178e+01,1.100364920298320573e-05,5.012343619683069846e+02,3.007406171809841453e+02
5.028940783986655561e+01,1.999999908029186286e-09,1.000000000000000178e+01,1.104082684928118499e-05,5.028940783986656129e+02,3.017364470391993336e+02
5.045537948290242269e+01,1.999999908029304987e-09,1.000000000000000178e+01,1.107800449557916594e-05,5.045537948290242980e+02,3.027322768974145220e+02
5.062135112593828268e+01,1.999999908029400940e-09,1.000000000000000178e+01,1.111518214187715028e-05,5.062135112593828694e+02,3.037281067556297103e+02
5.078732276897414977e+01,1.999999908029472904e-09,1.000000000000000178e+01,1.115235978817513801e-05,5.078732276897415545e+02,3.047239366138448986e+02
5.095329441201000975e+01,1.999999908029521708e-09,1.000000000000000178e+01,1.118953743447312743e-05,5.095329441201001828e+02,3.057197664720600301e+02
5.111926605504587684e+01,1.999999908029547351e-09,1.000000000000000178e+01,1.122671508077112025e-05,5.111926605504588110e+02,3.067155963302752752e+02
5.128523769808173682e+01,1.999999908029549419e-09,1.000000000000000178e+01,1.126389272706911475e-05,5.128523769808174393e+02,3.077114261884904067e+02
5.145120934111760391e+01,1.999999908029527912e-09,1.000000000000000178e+01,1.130107037336711265e-05,5.145120934111761244e+02,3.087072560467055951e+02
5.161718098415346390e+01,1.999999908029482831e-09,1.000000000000000178e+01,1.133824801966511223e-05,5.161718098415346958e+02,3.097030859049207834e+02
5.178315262718933099e+01,1.999999908029415002e-09,1.000000000000000178e+01,1.137542566596311521e-05,5.178315262718933809e+02,3.106989157631359717e+02
5.194912427022519097e+01,1.999999908029323185e-09,1.000000000000000178e+01,1.141260331226111988e-05,5.194912427022519523e+02,3.116947456213511600e+02
5.211509591326105806e+01,1.999999908029208207e-09,1.000000000000000178e+01,1.144978095855912963e-05,5.211509591326106374e+02,3.126905754795663483e+02
5.228106755629691804e+01,1.999999908029069654e-09,1.000000000000000178e+01,1.148695860485713938e-05,5.228106755629692088e+02,3.136864053377814798e+02
5.244703919933277803e+01,1.999999908028907940e-09,1.000000000000000178e+01,1.152413625115515253e-05,5.244703919933278939e+02,3.146822351959966682e+02
5.261301084236864511e+01,1.999999908028722652e-09,1.000000000000000178e+01,1.156131389745316905e-05,5.261301084236864654e+02,3.156780650542118565e+02
5.277898248540450510e+01,1.999999908028514202e-09,1.000000000000000178e+01,1.159849154375118728e-05,5.277898248540451505e+02,3.166738949124270448e+02
5.294495412844037219e+01,1.999999908028281764e-09,1.000000000000000178e+01,1.163566919004920889e-05,5.294495412844037219e+02,3.176697247706422331e+02
5.311092577147623217e+01,1.999999908028026579e-09,1.000000000000000178e+01,1.167284683634723050e-05,5.311092577147624070e+02,3.186655546288573646e+02
5.327689741451209926e+01,1.999999908027747819e-09,1.000000000000000178e+01,1.171002448264525889e-05,5.327689741451210921e+02,3.196613844870726098e+02
5.344286905754795924e+01,1.999999908027445485e-09,1.000000000000000178e+01,1.174720212894328727e-05,5.344286905754796635e+02,3.206572143452877413e+02
5.360884070058382633e+01,1.999999908027119576e-09,1.000000000000000178e+01,1.178437977524131905e-05,5.360884070058383486e+02,3.216530442035029296e+02
5.377481234361968632e+01,1.999999908026770505e-09,1.000000000000000178e+01,1.182155742153935252e-05,5.377481234361969200e+02,3.226488740617181179e+02
5.394078398665555341e+01,1.999999908026398274e-09,1.000000000000000178e+01,1.185873506783739107e-05,5.394078398665556051e+02,3.236447039199333062e+02
5.410675562969141339e+01,1.999999908026002055e-09,1.000000000000000178e+01,1.189591271413542962e-05,5.410675562969141765e+02,3.246405337781484945e+02
5.427272727272727337e+01,1.999999908025583088e-09,1.000000000000000178e+01,1.193309036043346987e-05,5.427272727272727479e+02,3.256363636363636260e+02
5.443869891576314046e+01,1.999999908025140132e-09,1.000000000000000178e+01,1.197026800673151689e-05,5.443869891576314330e+02,3.266321934945788144e+02
5.460467055879900045e+01,1.999999908024674016e-09,1.000000000000000178e+01,1.200744565302956221e-05,5.460467055879901181e+02,3.276280233527940027e+02
5.477064220183486754e+01,1.999999908024184739e-09,1.000000000000000178e+01,1.204462329932761432e-05,5.477064220183486896e+02,3.286238532110091910e+02
5.493661384487072752e+01,1.999999908023671473e-09,1.000000000000000178e+01,1.208180094562566473e-05,5.493661384487073747e+02,3.296196830692243793e+02
5.510258548790659461e+01,1.999999908023135460e-09,1.000000000000000178e+01,1.211897859192372192e-05,5.510258548790659461e+02,3.306155129274395676e+02
5.526855713094245459e+01,1.999999908022575459e-09,1.000000000000000178e+01,1.215615623822177910e-05,5.526855713094246312e+02,3.316113427856546991e+02
5.543452877397832168e+01,1.999999908021992297e-09,1.000000000000000178e+01,1.219333388451983968e-05,5.543452877397833163e+02,3.326071726438699443e+02
5.560050041701418166e+01,1.999999908021385973e-09,1.000000000000000178e+01,1.223051153081790194e-05,5.560050041701418877e+02,3.336030025020850758e+02
5.576647206005004875e+01,1.999999908020756075e-09,1.000000000000000178e+01,1.226768917711596929e-05,5.576647206005005728e+02,3.345988323603002641e+02
5.593244370308590874e+01,1.999999908020102602e-09,1.000000000000000178e+01,1.230486682341403665e-05,5.593244370308591442e+02,3.355946622185154524e+02
5.609841534612176872e+01,1.999999908019425969e-09,1.000000000000000178e+01,1.234204446971210738e-05,5.609841534612177156e+02,3.365904920767305839e+02
5.626438698915763581e+01,1.999999908018725760e-09,1.000000000000000178e+01,1.237922211601018151e-05,5.626438698915764007e+02,3.375863219349458291e+02
5.643035863219349579e+01,1.999999908018001977e-09,1.000000000000000178e+01,1.241639976230825564e-05,5.643035863219349721e+02,3.385821517931609606e+02
5.659633027522936288e+01,1.999999908017255033e-09,1.000000000000000178e+01,1.245357740860633654e-05,5.659633027522936572e+02,3.395779816513761489e+02
5.676230191826522287e+01,1.999999908016484514e-09,1.000000000000000178e+01,1.249075505490441744e-05,5.676230191826523424e+02,3.405738115095913372e+02
5.692827356130108996e+01,1.999999908015690835e-09,1.000000000000000178e+01,1.252793270120250174e-05,5.692827356130109138e+02,3.415696413678065255e+02
5.709424520433694994e+01,1.999999908014873580e-09,1.000000000000000178e+01,1.256511034750058772e-05,5.709424520433695989e+02,3.425654712260217138e+02
5.726021684737281703e+01,1.999999908014033165e-09,1.000000000000000178e+01,1.260228799379867709e-05,5.726021684737282840e+02,3.435613010842369022e+02
5.742618849040867701e+01,1.999999908013169175e-09,1.000000000000000178e+01,1.263946564009676986e-05,5.742618849040868554e+02,3.445571309424520905e+02
5.759216013344454410e+01,1.999999908012281610e-09,1.000000000000000178e+01,1.267664328639486431e-05,5.759216013344455405e+02,3.455529608006672788e+02
5.775813177648040408e+01,1.999999908011370884e-09,1.000000000000000178e+01,1.271382093269296046e-05,5.775813177648041119e+02,3.465487906588824103e+02
5.792410341951627117e+01,1.999999908010436583e-09,1.000000000000000178e+01,1.275099857899106169e-05,5.792410341951627970e+02,3.475446205170975986e+02
5.809007506255213116e+01,1.999999908009479122e-09,1.000000000000000178e+01,1.278817622528916292e-05,5.809007506255213684e+02,3.485404503753127869e+02
5.825604670558799114e+01,1.999999908008498086e-09,1.000000000000000178e+01,1.282535387158726754e-05,5.825604670558799398e+02,3.495362802335279184e+02
5.842201834862385823e+01,1.999999908007493475e-09,1.000000000000000178e+01,1.286253151788537555e-05,5.842201834862386249e+02,3.505321100917431636e+02
5.858798999165971821e+01,1.999999908006465703e-09,1.000000000000000178e+01,1.289970916418348526e-05,5.858798999165971964e+02,3.515279399499582951e+02
5.875396163469558530e+01,1.999999908005414356e-09,1.000000000000000178e+01,1.293688681048159835e-05,5.875396163469558815e+02,3.525237698081734834e+02
5.891993327773144529e+01,1.999999908004339435e-09,1.000000000000000178e+01,1.297406445677971313e-05,5.891993327773145666e+02,3.535195996663886717e+02
5.908590492076731238e+01,1.999999908003241766e-09,1.000000000000000178e+01,1.301124210307783300e-05,5.908590492076731380e+02,3.545154295246038600e+02
5.925187656380317236e+01,1.999999908002120110e-09,1.000000000000000178e+01,1.304841974937595286e-05,5.925187656380318231e+02,3.555112593828190484e+02
5.941784820683903945e+01,1.999999908001393018e-09,1.000000000000000178e+01,1.308559739567403038e-05,5.941784820683903945e+02,3.565070892410342367e+02
5.958381984987489943e+01,1.999999908001330152e-09,1.000000000000000178e+01,1.312277504197203166e-05,5.958381984987490796e+02,3.575029190992493682e+02
5.974979149291076652e+01,1.999999908001268113e-09,1.000000000000000178e+01,1.315995268827003464e-05,5.974979149291077647e+02,3.584987489574646133e+02
5.991576313594662651e+01,1.999999908001206489e-09,1.000000000000000178e+01,1.319713033456803592e-05,5.991576313594663361e+02,3.594945788156797448e+02
6.008173477898248649e+01,1.999999908001145277e-09,1.000000000000000178e+01,1.323430798086603720e-05,6.008173477898249075e+02,3.604904086738948763e+02
6.024770642201835358e+01,1.999999908001084893e-09,1.000000000000000178e+01,1.327148562716404018e-05,6.024770642201835926e+02,3.614862385321101215e+02
6.041367806505421356e+01,1.999999908001024922e-09,1.000000000000000178e+01,1.330866327346204146e-05,6.041367806505421640e+02,3.624820683903252529e+02
6.057964970809008065e+01,1.999999908000965365e-09,1.000000000000000178e+01,1.334584091976004443e-05,6.057964970809008491e+02,3.634778982485404413e+02
6.074562135112594063e+01,1.999999908000906222e-09,1.000000000000000178e+01,1.338301856605804402e-05,6.074562135112594206e+02,3.644737281067556296e+02
6.091159299416180772e+01,1.999999908000847906e-09,1.000000000000000178e+01,1.342019621235604869e-05,6.091159299416181057e+02,3.654695579649708179e+02
6.107756463719766771e+01,1.999999908000790003e-09,1.000000000000000178e+01,1.345737385865404828e-05,6.107756463719767908e+02,3.664653878231860062e+02
6.124353628023353480e+01,1.999999908000732928e-09,1.000000000000000178e+01,1.349455150495205126e-05,6.124353628023354759e+02,3.674612176814011946e+02
6.140950792326939478e+01,1.999999908000675852e-09,1.000000000000000178e+01,1.353172915125005254e-05,6.140950792326940473e+02,3.684570475396163829e+02
6.157547956630526187e+01,1.999999908000620017e-09,1.000000000000000178e+01,1.356890679754805382e-05,6.157547956630526187e+02,3.694528773978315712e+02
6.174145120934112185e+01,1.999999908000564183e-09,1.000000000000000178e+01,1.360608444384605510e-05,6.174145120934113038e+02,3.704487072560467027e+02
6.190742285237698184e+01,1.999999908000509175e-09,1.000000000000000178e+01,1.364326209014405469e-05,6.190742285237698752e+02,3.714445371142618910e+02
6.207339449541284893e+01,1.999999908000454168e-09,1.000000000000000178e+01,1.368043973644205767e-05,6.207339449541285603e+02,3.724403669724770793e+02
6.223936613844870891e+01,1.999999908000400401e-09,1.000000000000000178e+01,1.371761738274005726e-05,6.223936613844871317e+02,3.734361968306922108e+02
6.240533778148457600e+01,1.999999908000346634e-09,1.000000000000000178e+01,1.375479502903806023e-05,6.240533778148458168e+02,3.744320266889074560e+02
6.257130942452043598e+01,1.999999908000293695e-09,1.000000000000000178e+01,1.379197267533605982e-05,6.257130942452043882e+02,3.754278565471225875e+02
6.273728106755630307e+01,1.999999908000241169e-09,1.000000000000000178e+01,1.382915032163406280e-05,6.273728106755630733e+02,3.764236864053377758e+02
6.290325271059216306e+01,1.999999908000189470e-09,1.000000000000000178e+01,1.386632796793206238e-05,6.290325271059216448e+02,3.774195162635529641e+02
6.306922435362803014e+01,1.999999908000138185e-09,1.000000000000000178e+01,1.390350561423006367e-05,6.306922435362803299e+02,3.784153461217681524e+02
6.323519599666389013e+01,1.999999908000087313e-09,1.000000000000000178e+01,1.394068326052806325e-05,6.323519599666390150e+02,3.794111759799833408e+02
6.340116763969975722e+01,1.999999908000036855e-09,1.000000000000000178e+01,1.397786090682606454e-05,6.340116763969975864e+02,3.804070058381985291e+02
6.356713928273561720e+01,1.999999907999987224e-09,1.000000000000000178e+01,1.401503855312406582e-05,6.356713928273562715e+02,3.814028356964137174e+02
6.373311092577148429e+01,1.999999907999938007e-09,1.000000000000000178e+01,1.405221619942206710e-05,6.373311092577148429e+02,3.823986655546289057e+02
6.389908256880734427e+01,1.999999907999889203e-09,1.000000000000000178e+01,1.408939384572006669e-05,6.389908256880735280e+02,3.833944954128440372e+02
6.406505421184320426e+01,1.999999907999841227e-09,1.000000000000000178e+01,1.412657149201806628e-05,6.406505421184320994e+02,3.843903252710592255e+02
6.423102585487906424e+01,1.999999907999793664e-09,1.000000000000000178e+01,1.416374913831606586e-05,6.423102585487906708e+02,3.853861551292743570e+02
6.439699749791493844e+01,1.999999907999746515e-09,1.000000000000000178e+01,1.420092678461406884e-05,6.439699749791494696e+02,3.863819849874896022e+02
6.456296914095079842e+01,1.999999907999700193e-09,1.000000000000000178e+01,1.423810443091206843e-05,6.456296914095080410e+02,3.873778148457047905e+02
6.472894078398665840e+01,1.999999907999654284e-09,1.000000000000000178e+01,1.427528207721006802e-05,6.472894078398666124e+02,3.883736447039199220e+02
6.489491242702251839e+01,1.999999907999608789e-09,1.000000000000000178e+01,1.431245972350806760e-05,6.489491242702251839e+02,3.893694745621351103e+02
6.506088407005839258e+01,1.999999907999564121e-09,1.000000000000000178e+01,1.434963736980607058e-05,6.506088407005839827e+02,3.903653044203503555e+02
6.522685571309425256e+01,1.999999907999519454e-09,1.000000000000000178e+01,1.438681501610406847e-05,6.522685571309425541e+02,3.913611342785654870e+02
6.539282735613011255e+01,1.999999907999476027e-09,1.000000000000000178e+01,1.442399266240206976e-05,6.539282735613012392e+02,3.923569641367806753e+02
6.555879899916597253e+01,1.999999907999432600e-09,1.000000000000000178e+01,1.446117030870006765e-05,6.555879899916598106e+02,3.933527939949958068e+02
6.572477064220183252e+01,1.999999907999390000e-09,1.000000000000000178e+01,1.449834795499806724e-05,6.572477064220183820e+02,3.943486238532109951e+02
6.589074228523770671e+01,1.999999907999347814e-09,1.000000000000000178e+01,1.453552560129607021e-05,6.589074228523770671e+02,3.953444537114262403e+02
6.605671392827356669e+01,1.999999907999306041e-09,1.000000000000000178e+01,1.457270324759406811e-05,6.605671392827357522e+02,3.963402835696413717e+02
6.622268557130942668e+01,1.999999907999265096e-09,1.000000000000000178e+01,1.460988089389206769e-05,6.622268557130943236e+02,3.973361134278565601e+02
6.638865721434528666e+01,1.999999907999224564e-09,1.000000000000000178e+01,1.464705854019006728e-05,6.638865721434528950e+02,3.983319432860716915e+02
6.655462885738116086e+01,1.999999907999184446e-09,1.000000000000000178e+01,1.468423618648806856e-05,6.655462885738116938e+02,3.993277731442869367e+02
6.672060050041702084e+01,1.999999907999145154e-09,1.000000000000000178e+01,1.472141383278606646e-05,6.672060050041702652e+02,4.003236030025021250e+02
6.688657214345288082e+01,1.999999907999106277e-09,1.000000000000000178e+01,1.475859147908406605e-05,6.688657214345288367e+02,4.013194328607172565e+02
6.705254378648874081e+01,1.999999907999067813e-09,1.000000000000000178e+01,1.479576912538206563e-05,6.705254378648874081e+02,4.023152627189324448e+02
6.721851542952461500e+01,1.999999907999029763e-09,1.000000000000000178e+01,1.483294677168006692e-05,6.721851542952462069e+02,4.033110925771476900e+02
6.738448707256047499e+01,1.999999907998992540e-09,1.000000000000000178e+01,1.487012441797806481e-05,6.738448707256047783e+02,4.043069224353628215e+02
6.755045871559633497e+01,1.999999907998955730e-09,1.000000000000000178e+01,1.490730206427606440e-05,6.755045871559634634e+02,4.053027522935780098e+02
6.771643035863219495e+01,1.999999907998919748e-09,1.000000000000000178e+01,1.494447971057406229e-05,6.771643035863220348e+02,4.062985821517931413e+02
6.788240200166805494e+01,1.999999907998884179e-09,1.000000000000000178e+01,1.498165735687206019e-05,6.788240200166806062e+02,4.072944120100083296e+02
6.804837364470392913e+01,1.999999907998849024e-09,1.000000000000000178e+01,1.501883500317006147e-05,6.804837364470392913e+02,4.082902418682235748e+02
6.821434528773978911e+01,1.999999907998814282e-09,1.000000000000000178e+01,1.505601264946806106e-05,6.821434528773979764e+02,4.092860717264387063e+02
6.838031693077564910e+01,1.999999907998780368e-09,1.000000000000000178e+01,1.509319029576605895e-05,6.838031693077565478e+02,4.102819015846538946e+02
6.854628857381150908e+01,1.999999907998746867e-09,1.000000000000000178e+01,1.513036794206405684e-05,6.854628857381151192e+02,4.112777314428690261e+02
6.871226021684738328e+01,1.999999907998713780e-09,1.000000000000000178e+01,1.516754558836205813e-05,6.871226021684739180e+02,4.122735613010842712e+02
6.887823185988324326e+01,1.999999907998681520e-09,1.000000000000000178e+01,1.520472323466005602e-05,6.887823185988324894e+02,4.132693911592994596e+02
6.904420350291910324e+01,1.999999907998649673e-09,1.000000000000000178e+01,1.524190088095805391e-05,6.904420350291910609e+02,4.142652210175145910e+02
6.921017514595496323e+01,1.999999907998618240e-09,1.000000000000000178e+01,1.527907852725605181e-05,6.921017514595496323e+02,4.152610508757297794e+02
6.937614678899083742e+01,1.999999907998587221e-09,1.000000000000000178e+01,1.531625617355405309e-05,6.937614678899084311e+02,4.162568807339450245e+02
6.954211843202669741e+01,1.999999907998557029e-09,1.000000000000000178e+01,1.535343381985205098e-05,6.954211843202670025e+02,4.172527105921601560e+02
6.970809007506255739e+01,1.999999907998527251e-09,1.000000000000000178e+01,1.539061146615004888e-05,6.970809007506256876e+02,4.182485404503753443e+02
6.987406171809841737e+01,1.999999907998498299e-09,1.000000000000000178e+01,1.542778911244804677e-05,6.987406171809842590e+02,4.192443703085904758e+02
7.004003336113427736e+01,1.999999907998469761e-09,1.000000000000000178e+01,1.546496675874604467e-05,7.004003336113428304e+02,4.202402001668056641e+02
7.020600500417015155e+01,1.999999907998441637e-09,1.000000000000000178e+01,1.550214440504404256e-05,7.020600500417015155e+02,4.212360300250209093e+02
7.037197664720601153e+01,1.999999907998413927e-09,1.000000000000000178e+01,1.553932205134204045e-05,7.037197664720602006e+02,4.222318598832360408e+02
7.053794829024187152e+01,1.999999907998387043e-09,1.000000000000000178e+01,1.557649969764003835e-05,7.053794829024187720e+02,4.232276897414512291e+02
7.070391993327773150e+01,1.999999907998360574e-09,1.000000000000000178e+01,1.561367734393803624e-05,7.070391993327773434e+02,4.242235195996663606e+02
7.086989157631360570e+01,1.999999907998334517e-09,1.000000000000000178e+01,1.565085499023603752e-05,7.086989157631361422e+02,4.252193494578816058e+02
7.103586321934946568e+01,1.999999907998309288e-09,1.000000000000000178e+01,1.568803263653403542e-05,7.103586321934947136e+02,4.262151793160967941e+02
7.120183486238532566e+01,1.999999907998284473e-09,1.000000000000000178e+01,1.572521028283202992e-05,7.120183486238532851e+02,4.272110091743119256e+02
7.136780650542118565e+01,1.999999907998260071e-09,1.000000000000000178e+01,1.576238792913002782e-05,7.136780650542118565e+02,4.282068390325271139e+02
7.153377814845704563e+01,1.999999907998236497e-09,1.000000000000000178e+01,1.579956557542802571e-05,7.153377814845705416e+02,4.292026688907422454e+02
7.169974979149291983e+01,1.999999907998212922e-09,1.000000000000000178e+01,1.583674322172602699e-05,7.169974979149292267e+02,4.301984987489574905e+02
7.186572143452877981e+01,1.999999907998190588e-09,1.000000000000000178e+01,1.587392086802402150e-05,7.186572143452879118e+02,4.311943286071726789e+02
7.203169307756463979e+01,1.999999907998168254e-09,1.000000000000000178e+01,1.591109851432201939e-05,7.203169307756464832e+02,4.321901584653878103e+02
7.219766472060049978e+01,1.999999907998146747e-09,1.000000000000000178e+01,1.594827616062001729e-05,7.219766472060050546e+02,4.331859883236029987e+02
7.236363636363637397e+01,1.999999907998125654e-09,1.000000000000000178e+01,1.598545380691801518e-05,7.236363636363637397e+02,4.341818181818182438e+02
7.252960800667223396e+01,1.999999907998104975e-09,1.000000000000000178e+01,1.602263145321601307e-05,7.252960800667224248e+02,4.351776480400333753e+02
7.269557964970809394e+01,1.999999907998085122e-09,1.000000000000000178e+01,1.605980909951400758e-05,7.269557964970809962e+02,4.361734778982485636e+02
7.286155129274395392e+01,1.999999907998065684e-09,1.000000000000000178e+01,1.609698674581200547e-05,7.286155129274395676e+02,4.371693077564636951e+02
7.302752293577982812e+01,1.999999907998046659e-09,1.000000000000000178e+01,1.613416439211000676e-05,7.302752293577983664e+02,4.381651376146789971e+02
7.319349457881568810e+01,1.999999907998028461e-09,1.000000000000000178e+01,1.617134203840800126e-05,7.319349457881569379e+02,4.391609674728941286e+02
7.335946622185154808e+01,1.999999907998010676e-09,1.000000000000000178e+01,1.620851968470599916e-05,7.335946622185155093e+02,4.401567973311092601e+02
7.352543786488740807e+01,1.999999907997993305e-09,1.000000000000000178e+01,1.624569733100399366e-05,7.352543786488740807e+02,4.411526271893244484e+02
7.369140950792326805e+01,1.999999907997976762e-09,1.000000000000000178e+01,1.628287497730199155e-05,7.369140950792327658e+02,4.421484570475395799e+02
7.385738115095914225e+01,1.999999907997960632e-09,1.000000000000000178e+01,1.632005262359998945e-05,7.385738115095914509e+02,4.431442869057548251e+02
7.402335279399500223e+01,1.999999907997944915e-09,1.000000000000000178e+01,1.635723026989798734e-05,7.402335279399501360e+02,4.441401167639700134e+02
7.418932443703086221e+01,1.999999907997929613e-09,1.000000000000000178e+01,1.639440791619598185e-05,7.418932443703087074e+02,4.451359466221851449e+02
7.435529608006672220e+01,1.999999907997915137e-09,1.000000000000000178e+01,1.643158556249397974e-05,7.435529608006672788e+02,4.461317764804003332e+02
7.452126772310259639e+01,1.999999907997928785e-09,1.000000000000000178e+01,1.646876320879197425e-05,7.452126772310259639e+02,4.471276063386156352e+02
7.468723936613845638e+01,1.999999907997948224e-09,1.000000000000000178e+01,1.650594085508996537e-05,7.468723936613846490e+02,4.481234361968307667e+02
7.485321100917431636e+01,1.999999907997968076e-09,1.000000000000000178e+01,1.654311850138795987e-05,7.485321100917432204e+02,4.491192660550459550e+02
7.501918265221017634e+01,1.999999907997987929e-09,1.000000000000000178e+01,1.658029614768595099e-05,7.501918265221017919e+02,4.501150959132610865e+02
7.518515429524605054e+01,1.999999907998007781e-09,1.000000000000000178e+01,1.661747379398394549e-05,7.518515429524605906e+02,4.511109257714763316e+02
7.535112593828191052e+01,1.999999907998027220e-09,1.000000000000000178e+01,1.665465144028194000e-05,7.535112593828191621e+02,4.521067556296915200e+02
7.551709758131777050e+01,1.999999907998047072e-09,1.000000000000000178e+01,1.669182908657993112e-05,7.551709758131777335e+02,4.531025854879066515e+02
7.568306922435363049e+01,1.999999907998066925e-09,1.000000000000000178e+01,1.672900673287792224e-05,7.568306922435363049e+02,4.540984153461218398e+02
7.584904086738949047e+01,1.999999907998086777e-09,1.000000000000000178e+01,1.676618437917591335e-05,7.584904086738949900e+02,4.550942452043369713e+02
7.601501251042536467e+01,1.999999907998106216e-09,1.000000000000000178e+01,1.680336202547391125e-05,7.601501251042536751e+02,4.560900750625522733e+02
7.618098415346122465e+01,1.999999907998126068e-09,1.000000000000000178e+01,1.684053967177190237e-05,7.618098415346123602e+02,4.570859049207674047e+02
7.634695579649708463e+01,1.999999907998145920e-09,1.000000000000000178e+01,1.687771731806989348e-05,7.634695579649709316e+02,4.580817347789825362e+02
7.651292743953294462e+01,1.999999907998165773e-09,1.000000000000000178e+01,1.691489496436788799e-05,7.651292743953295030e+02,4.590775646371977246e+02
7.667889908256881881e+01,1.999999907998185211e-09,1.000000000000000178e+01,1.695207261066588249e-05,7.667889908256881881e+02,4.600733944954129697e+02
7.684487072560467880e+01,1.999999907998205064e-09,1.000000000000000178e+01,1.698925025696387361e-05,7.684487072560468732e+02,4.610692243536281012e+02
7.701084236864053878e+01,1.999999907998224916e-09,1.000000000000000178e+01,1.702642790326186473e-05,7.701084236864054446e+02,4.620650542118432895e+02
7.717681401167639876e+01,1.999999907998244768e-09,1.000000000000000178e+01,1.706360554955985924e-05,7.717681401167640161e+02,4.630608840700584210e+02
7.734278565471225875e+01,1.999999907998264207e-09,1.000000000000000178e+01,1.710078319585785035e-05,7.734278565471225875e+02,4.640567139282736093e+02
7.750875729774813294e+01,1.999999907998284059e-09,1.000000000000000178e+01,1.713796084215584486e-05,7.750875729774813863e+02,4.650525437864888545e+02
7.767472894078399293e+01,1.999999907998303912e-09,1.000000000000000178e+01,1.717513848845383936e-05,7.767472894078399577e+02,4.660483736447039860e+02
7.784070058381985291e+01,1.999999907998323764e-09,1.000000000000000178e+01,1.721231613475183048e-05,7.784070058381985291e+02,4.670442035029191743e+02
7.800667222685571289e+01,1.999999907998343203e-09,1.000000000000000178e+01,1.724949378104982160e-05,7.800667222685572142e+02,4.680400333611343058e+02
7.817264386989158709e+01,1.999999907998363055e-09,1.000000000000000178e+01,1.728667142734781949e-05,7.817264386989158993e+02,4.690358632193495509e+02
7.833861551292744707e+01,1.999999907998382908e-09,1.000000000000000178e+01,1.732384907364581061e-05,7.833861551292745844e+02,4.700316930775647393e+02
7.850458715596330705e+01,1.999999907998402760e-09,1.000000000000000178e+01,1.736102671994380173e-05,7.850458715596331558e+02,4.710275229357798707e+02
7.867055879899916704e+01,1.999999907998422199e-09,1.000000000000000178e+01,1.739820436624179285e-05,7.867055879899917272e+02,4.720233527939950591e+02
7.883653044203504123e+01,1.999999907998442051e-09,1.000000000000000178e+01,1.743538201253979074e-05,7.883653044203504123e+02,4.730191826522103042e+02
7.900250208507090122e+01,1.999999907998461903e-09,1.000000000000000178e+01,1.747255965883778186e-05,7.900250208507090974e+02,4.740150125104254357e+02
7.916847372810676120e+01,1.999999907998481756e-09,1.000000000000000178e+01,1.750973730513577298e-05,7.916847372810676688e+02,4.750108423686406240e+02
7.933444537114262118e+01,1.999999907998501194e-09,1.000000000000000178e+01,1.754691495143376748e-05,7.933444537114262403e+02,4.760066722268557555e+02
7.950041701417848117e+01,1.999999907998521047e-09,1.000000000000000178e+01,1.758409259773175860e-05,7.950041701417849254e+02,4.770025020850709438e+02
7.966638865721435536e+01,1.999999907998540899e-09,1.000000000000000178e+01,1.762127024402975310e-05,7.966638865721436105e+02,4.779983319432861890e+02
7.983236030025021535e+01,1.999999907998560751e-09,1.000000000000000000e+01,1.765844789032774422e-05,7.983236030025021819e+02,4.789941618015013773e+02
7.999833194328607533e+01,1.999999907998580190e-09,1.000000000000000178e+01,1.769562553662573873e-05,7.999833194328608670e+02,4.799899916597165088e+02
8.016430358632193531e+01,1.999999907998600042e-09,1.000000000000000178e+01,1.773280318292372985e-05,8.016430358632194384e+02,4.809858215179316403e+02
8.033027522935780951e+01,1.999999907998619895e-09,1.000000000000000178e+01,1.776998082922172435e-05,8.033027522935781235e+02,4.819816513761468855e+02
8.049624687239366949e+01,1.999999907998639747e-09,1.000000000000000178e+01,1.780715847551971886e-05,8.049624687239368086e+02,4.829774812343620738e+02
8.066221851542952948e+01,1.999999907998659186e-09,1.000000000000000178e+01,1.784433612181770998e-05,8.066221851542953800e+02,4.839733110925772053e+02
8.082819015846538946e+01,1.999999907998679038e-09,1.000000000000000178e+01,1.788151376811570109e-05,8.082819015846539514e+02,4.849691409507923936e+02
8.099416180150126365e+01,1.999999907998698891e-09,1.000000000000000178e+01,1.791869141441369560e-05,8.099416180150126365e+02,4.859649708090076388e+02
8.116013344453712364e+01,1.999999907998718743e-09,1.000000000000000178e+01,1.795586906071169010e-05,8.116013344453713216e+02,4.869608006672227702e+02
8.132610508757298362e+01,1.999999907998738182e-09,1.000000000000000178e+01,1.799304670700968122e-05,8.132610508757298931e+02,4.879566305254379586e+02
8.149207673060884360e+01,1.999999907998758034e-09,1.000000000000000178e+01,1.803022435330767234e-05,8.149207673060884645e+02,4.889524603836530900e+02
8.165804837364470359e+01,1.999999907998777886e-09,1.000000000000000178e+01,1.806740199960566685e-05,8.165804837364471496e+02,4.899482902418682784e+02
8.182402001668057778e+01,1.999999907998797739e-09,1.000000000000000178e+01,1.810457964590366135e-05,8.182402001668058347e+02,4.909441201000835235e+02
8.198999165971643777e+01,1.999999907998817177e-09,1.000000000000000178e+01,1.814175729220165247e-05,8.198999165971644061e+02,4.919399499582986550e+02
8.215596330275229775e+01,1.999999907998837030e-09,1.000000000000000178e+01,1.817893493849964697e-05,8.215596330275229775e+02,4.929357798165138433e+02
8.232193494578815773e+01,1.999999907998856882e-09,1.000000000000000178e+01,1.821611258479763809e-05,8.232193494578816626e+02,4.939316096747289748e+02
8.248790658882403193e+01,1.999999907998876734e-09,1.000000000000000178e+01,1.825329023109563260e-05,8.248790658882403477e+02,4.949274395329442768e+02
8.265387823185989191e+01,1.999999907998896173e-09,1.000000000000000178e+01,1.829046787739362372e-05,8.265387823185990328e+02,4.959232693911594083e+02
8.281984987489575190e+01,1.999999907998916025e-09,1.000000000000000178e+01,1.832764552369161822e-05,8.281984987489576042e+02,4.969190992493745398e+02
8.298582151793161188e+01,1.999999907998935878e-09,1.000000000000000178e+01,1.836482316998960934e-05,8.298582151793161756e+02,4.979149291075897281e+02
8.315179316096747186e+01,1.999999907998955730e-09,1.000000000000000178e+01,1.840200081628760046e-05,8.315179316096747471e+02,4.989107589658049164e+02
8.331776480400334606e+01,1.999999907998975169e-09,1.000000000000000178e+01,1.843917846258559496e-05,8.331776480400335458e+02,4.999065888240201048e+02
8.348373644703920604e+01,1.999999907998995021e-09,1.000000000000000178e+01,1.847635610888358947e-05,8.348373644703921173e+02,5.009024186822352931e+02
8.364970809007506602e+01,1.999999907999014873e-09,1.000000000000000178e+01,1.851353375518158059e-05,8.364970809007506887e+02,5.018982485404504246e+02
8.381567973311092601e+01,1.999999907999034726e-09,1.000000000000000178e+01,1.855071140147957170e-05,8.381567973311093738e+02,5.028940783986656129e+02
8.398165137614680020e+01,1.999999907999054165e-09,1.000000000000000178e+01,1.858788904777756960e-05,8.398165137614680589e+02,5.038899082568808581e+02
8.414762301918266019e+01,1.999999907999074017e-09,1.000000000000000178e+01,1.862506669407556071e-05,8.414762301918266303e+02,5.048857381150959895e+02
8.431359466221852017e+01,1.999999907999093869e-09,1.000000000000000178e+01,1.866224434037355183e-05,8.431359466221852017e+02,5.058815679733111779e+02
8.447956630525438015e+01,1.999999907999113722e-09,1.000000000000000178e+01,1.869942198667154634e-05,8.447956630525438868e+02,5.068773978315263093e+02
8.464553794829025435e+01,1.999999907999133160e-09,1.000000000000000178e+01,1.873659963296954084e-05,8.464553794829025719e+02,5.078732276897415545e+02
8.481150959132611433e+01,1.999999907999153013e-09,1.000000000000000178e+01,1.877377727926753196e-05,8.481150959132612570e+02,5.088690575479567428e+02
8.497748123436197432e+01,1.999999907999172865e-09,1.000000000000000178e+01,1.881095492556552647e-05,8.497748123436198284e+02,5.098648874061718743e+02
8.514345287739783430e+01,1.999999907999192717e-09,1.000000000000000178e+01,1.884813257186351758e-05,8.514345287739783998e+02,5.108607172643870626e+02
8.530942452043369428e+01,1.999999907999212156e-09,1.000000000000000178e+01,1.888531021816150870e-05,8.530942452043369713e+02,5.118565471226021941e+02
8.547539616346956848e+01,1.999999907999232008e-09,1.000000000000000178e+01,1.892248786445950321e-05,8.547539616346957700e+02,5.128523769808174393e+02
8.564136780650542846e+01,1.999999907999251861e-09,1.000000000000000178e+01,1.895966551075749771e-05,8.564136780650543415e+02,5.138482068390326276e+02
8.580733944954128845e+01,1.999999907999271713e-09,1.000000000000000178e+01,1.899684315705548883e-05,8.580733944954129129e+02,5.148440366972478159e+02
8.597331109257714843e+01,1.999999907999291152e-09,1.000000000000000178e+01,1.903402080335347995e-05,8.597331109257715980e+02,5.158398665554628906e+02
8.613928273561302262e+01,1.999999907999311004e-09,1.000000000000000178e+01,1.907119844965147446e-05,8.613928273561302831e+02,5.168356964136781926e+02
8.630525437864888261e+01,1.999999907999330856e-09,1.000000000000000178e+01,1.910837609594946896e-05,8.630525437864888545e+02,5.178315262718933809e+02
8.647122602168474259e+01,1.999999907999350709e-09,1.000000000000000178e+01,1.914555374224746008e-05,8.647122602168474259e+02,5.188273561301084555e+02
8.663719766472060257e+01,1.999999907999370148e-09,1.000000000000000178e+01,1.918273138854545120e-05,8.663719766472061110e+02,5.198231859883236439e+02
8.680316930775647677e+01,1.999999907999390000e-09,1.000000000000000178e+01,1.921990903484344909e-05,8.680316930775647961e+02,5.208190158465389459e+02
8.696914095079233675e+01,1.999999907999409852e-09,1.000000000000000178e+01,1.925708668114144021e-05,8.696914095079233675e+02,5.218148457047540205e+02
8.713511259382819674e+01,1.999999907999429705e-09,1.000000000000000178e+01,1.929426432743943133e-05,8.713511259382820526e+02,5.228106755629692088e+02
8.730108423686405672e+01,1.999999907999449143e-09,1.000000000000000178e+01,1.933144197373742583e-05,8.730108423686406240e+02,5.238065054211843972e+02
8.746705587989991670e+01,1.999999907999468996e-09,1.000000000000000178e+01,1.936861962003541695e-05,8.746705587989991955e+02,5.248023352793995855e+02
8.763302752293579090e+01,1.999999907999488848e-09,1.000000000000000178e+01,1.940579726633341145e-05,8.763302752293579942e+02,5.257981651376147738e+02
8.779899916597165088e+01,1.999999907999508700e-09,1.000000000000000178e+01,1.944297491263140257e-05,8.779899916597165657e+02,5.267939949958299621e+02
8.796497080900751087e+01,1.999999907999528139e-09,1.000000000000000178e+01,1.948015255892939708e-05,8.796497080900751371e+02,5.277898248540451505e+02
8.813094245204337085e+01,1.999999907999547991e-09,1.000000000000000178e+01,1.951733020522738820e-05,8.813094245204338222e+02,5.287856547122602251e+02
8.829691409507924504e+01,1.999999907999567844e-09,1.000000000000000178e+01,1.955450785152538270e-05,8.829691409507925073e+02,5.297814845704755271e+02
8.846288573811510503e+01,1.999999907999587696e-09,1.000000000000000178e+01,1.959168549782337721e-05,8.846288573811510787e+02,5.307773144286907154e+02
8.862885738115096501e+01,1.999999907999607135e-09,1.000000000000000178e+01,1.962886314412136832e-05,8.862885738115096501e+02,5.317731442869057901e+02
8.879482902418682500e+01,1.999999907999626987e-09,1.000000000000000178e+01,1.966604079041935944e-05,8.879482902418683352e+02,5.327689741451209784e+02
8.896080066722268498e+01,1.999999907999646839e-09,1.000000000000000178e+01,1.970321843671735395e-05,8.896080066722269066e+02,5.337648040033361667e+02
8.912677231025855917e+01,1.999999907999666692e-09,1.000000000000000178e+01,1.974039608301534845e-05,8.912677231025857054e+02,5.347606338615513550e+02
8.929274395329441916e+01,1.999999907999686131e-09,1.000000000000000178e+01,1.977757372931333957e-05,8.929274395329442768e+02,5.357564637197665434e+02
8.945871559633027914e+01,1.999999907999701020e-09,1.000000000000000178e+01,1.981475137561132730e-05,8.945871559633026209e+02,5.367522935779817317e+02
8.962468723936613912e+01,1.999999907999701433e-09,1.000000000000000178e+01,1.985192902190932519e-05,8.962468723936613060e+02,5.377481234361969200e+02
8.979065888240201332e+01,1.999999907999702261e-09,1.000000000000000178e+01,1.988910666820731970e-05,8.979065888240199911e+02,5.387439532944121083e+02
8.995663052543787330e+01,1.999999907999702674e-09,1.000000000000000178e+01,1.992628431450531759e-05,8.995663052543786762e+02,5.397397831526272967e+02
9.012260216847373329e+01,1.999999907999703088e-09,1.000000000000000178e+01,1.996346196080330871e-05,9.012260216847373613e+02,5.407356130108424850e+02
9.028857381150959327e+01,1.999999907999703501e-09,1.000000000000000178e+01,2.000063960710130661e-05,9.028857381150960464e+02,5.417314428690576733e+02
9.045454545454546746e+01,1.999999907999703915e-09,1.000000000000000178e+01,2.003781725339930111e-05,9.045454545454545041e+02,5.427272727272728616e+02
9.062051709758132745e+01,1.999999907999704329e-09,1.000000000000000178e+01,2.007499489969729562e-05,9.062051709758131892e+02,5.437231025854880500e+02
9.078648874061718743e+01,1.999999907999705156e-09,1.000000000000000178e+01,2.011217254599529012e-05,9.078648874061718743e+02,5.447189324437032383e+02
9.095246038365304742e+01,1.999999907999705569e-09,1.000000000000000178e+01,2.014935019229328463e-05,9.095246038365303320e+02,5.457147623019183129e+02
9.111843202668890740e+01,1.999999907999705983e-09,1.000000000000000178e+01,2.018652783859127913e-05,9.111843202668890171e+02,5.467105921601335012e+02
9.128440366972478159e+01,1.999999907999706396e-09,1.000000000000000178e+01,2.022370548488927364e-05,9.128440366972477023e+02,5.477064220183486896e+02
9.145037531276064158e+01,1.999999907999706810e-09,1.000000000000000178e+01,2.026088313118727153e-05,9.145037531276063874e+02,5.487022518765638779e+02
9.161634695579650156e+01,1.999999907999707637e-09,1.000000000000000178e+01,2.029806077748526604e-05,9.161634695579648451e+02,5.496980817347790662e+02
9.178231859883236154e+01,1.999999907999708051e-09,1.000000000000000178e+01,2.033523842378326055e-05,9.178231859883235302e+02,5.506939115929942545e+02
9.194829024186823574e+01,1.999999907999708464e-09,1.000000000000000178e+01,2.037241607008125505e-05,9.194829024186822153e+02,5.516897414512094429e+02
9.211426188490409572e+01,1.999999907999708878e-09,1.000000000000000178e+01,2.040959371637925295e-05,9.211426188490409004e+02,5.526855713094246312e+02
9.228023352793995571e+01,1.999999907999709292e-09,1.000000000000000178e+01,2.044677136267724406e-05,9.228023352793995855e+02,5.536814011676398195e+02
9.244620517097581569e+01,1.999999907999709705e-09,1.000000000000000178e+01,2.048394900897523857e-05,9.244620517097580432e+02,5.546772310258548941e+02
9.261217681401168988e+01,1.999999907999710532e-09,1.000000000000000178e+01,2.052112665527323646e-05,9.261217681401169557e+02,5.556730608840701962e+02
9.277814845704754987e+01,1.999999907999710946e-09,1.000000000000000178e+01,2.055830430157123097e-05,9.277814845704754134e+02,5.566688907422852708e+02
9.294412010008340985e+01,1.999999907999711360e-09,1.000000000000000178e+01,2.059548194786922547e-05,9.294412010008340985e+02,5.576647206005005728e+02
9.311009174311926984e+01,1.999999907999711773e-09,1.000000000000000178e+01,2.063265959416721998e-05,9.311009174311925563e+02,5.586605504587156474e+02
9.327606338615512982e+01,1.999999907999712187e-09,1.000000000000000178e+01,2.066983724046521449e-05,9.327606338615512414e+02,5.596563803169308358e+02
9.344203502919100401e+01,1.999999907999713014e-09,1.000000000000000178e+01,2.070701488676321238e-05,9.344203502919099265e+02,5.606522101751460241e+02
9.360800667222686400e+01,1.999999907999713428e-09,1.000000000000000178e+01,2.074419253306120689e-05,9.360800667222686116e+02,5.616480400333612124e+02
9.377397831526272398e+01,1.999999907999713841e-09,1.000000000000000178e+01,2.078137017935920139e-05,9.377397831526270693e+02,5.626438698915764007e+02
9.393994995829858397e+01,1.999999907999714255e-09,1.000000000000000178e+01,2.081854782565719251e-05,9.393994995829857544e+02,5.636396997497914754e+02
9.410592160133445816e+01,1.999999907999714668e-09,1.000000000000000178e+01,2.085572547195519379e-05,9.410592160133444395e+02,5.646355296080067774e+02
9.427189324437031814e+01,1.999999907999715082e-09,1.000000000000000178e+01,2.089290311825318491e-05,9.427189324437031246e+02,5.656313594662219657e+02
9.443786488740617813e+01,1.999999907999715909e-09,1.000000000000000178e+01,2.093008076455118280e-05,9.443786488740618097e+02,5.666271893244371540e+02
9.460383653044203811e+01,1.999999907999716323e-09,1.000000000000000178e+01,2.096725841084917392e-05,9.460383653044202674e+02,5.676230191826522287e+02
9.476980817347789809e+01,1.999999907999716736e-09,1.000000000000000178e+01,2.100443605714717181e-05,9.476980817347789525e+02,5.686188490408674170e+02
9.493577981651377229e+01,1.999999907999717150e-09,1.000000000000000178e+01,2.104161370344516632e-05,9.493577981651376376e+02,5.696146788990827190e+02
9.510175145954963227e+01,1.999999907999717563e-09,1.000000000000000178e+01,2.107879134974316083e-05,9.510175145954963227e+02,5.706105087572979073e+02
9.526772310258549226e+01,1.999999907999718391e-09,1.000000000000000178e+01,2.111596899604115533e-05,9.526772310258547805e+02,5.716063386155129820e+02
9.543369474562135224e+01,1.999999907999718804e-09,1.000000000000000178e+01,2.115314664233914984e-05,9.543369474562134656e+02,5.726021684737281703e+02
9.559966638865722643e+01,1.999999907999719218e-09,1.000000000000000178e+01,2.119032428863714773e-05,9.559966638865721507e+02,5.735979983319433586e+02
9.576563803169308642e+01,1.999999907999719631e-09,1.000000000000000178e+01,2.122750193493514224e-05,9.576563803169308358e+02,5.745938281901586606e+02
9.593160967472894640e+01,1.999999907999720045e-09,1.000000000000000178e+01,2.126467958123313674e-05,9.593160967472895209e+02,5.755896580483737353e+02
9.609758131776480639e+01,1.999999907999720459e-09,1.000000000000000178e+01,2.130185722753112786e-05,9.609758131776479786e+02,5.765854879065888099e+02
9.626355296080068058e+01,1.999999907999721286e-09,1.000000000000000178e+01,2.133903487382912914e-05,9.626355296080066637e+02,5.775813177648041119e+02
9.642952460383654056e+01,1.999999907999721699e-09,1.000000000000000178e+01,2.137621252012712026e-05,9.642952460383653488e+02,5.785771476230193002e+02
9.659549624687240055e+01,1.999999907999722113e-09,1.000000000000000178e+01,2.141339016642511815e-05,9.659549624687240339e+02,5.795729774812344886e+02
9.676146788990826053e+01,1.999999907999722527e-09,1.000000000000000178e+01,2.145056781272310927e-05,9.676146788990824916e+02,5.805688073394495632e+02
9.692743953294412051e+01,1.999999907999722940e-09,1.000000000000000178e+01,2.148774545902110717e-05,9.692743953294411767e+02,5.815646371976647515e+02
9.709341117597999471e+01,1.999999907999723767e-09,1.000000000000000178e+01,2.152492310531910167e-05,9.709341117597998618e+02,5.825604670558800535e+02
9.725938281901585469e+01,1.999999907999724181e-09,1.000000000000000178e+01,2.156210075161709957e-05,9.725938281901585469e+02,5.835562969140952418e+02
9.742535446205171468e+01,1.999999907999724594e-09,1.000000000000000178e+01,2.159927839791509068e-05,9.742535446205171183e+02,5.845521267723103165e+02
9.759132610508757466e+01,1.999999907999725008e-09,1.000000000000000178e+01,2.163645604421308519e-05,9.759132610508756898e+02,5.855479566305255048e+02
9.775729774812344886e+01,1.999999907999725422e-09,1.000000000000000178e+01,2.167363369051108308e-05,9.775729774812344886e+02,5.865437864887406931e+02
9.792326939115930884e+01,1.999999907999725835e-09,1.000000000000000178e+01,2.171081133680907759e-05,9.792326939115929463e+02,5.875396163469558815e+02
9.808924103419516882e+01,1.999999907999726662e-09,1.000000000000000178e+01,2.174798898310707209e-05,9.808924103419516314e+02,5.885354462051710698e+02
9.825521267723102881e+01,1.999999907999727076e-09,1.000000000000000178e+01,2.178516662940506660e-05,9.825521267723102028e+02,5.895312760633862581e+02
9.842118432026690300e+01,1.999999907999727490e-09,1.000000000000000178e+01,2.182234427570306449e-05,9.842118432026690016e+02,5.905271059216014464e+02
9.858715596330276298e+01,1.999999907999727903e-09,1.000000000000000178e+01,2.185952192200105900e-05,9.858715596330275730e+02,5.915229357798166347e+02
9.875312760633862297e+01,1.999999907999728317e-09,1.000000000000000178e+01,2.189669956829905351e-05,9.875312760633862581e+02,5.925187656380318231e+02
9.891909924937448295e+01,1.999999907999729144e-09,1.000000000000000178e+01,2.193387721459704801e-05,9.891909924937447158e+02,5.935145954962468977e+02
9.908507089241034294e+01,1.999999907999729558e-09,1.000000000000000178e+01,2.197105486089503913e-05,9.908507089241032872e+02,5.945104253544620860e+02
9.925104253544621713e+01,1.999999907999729971e-09,1.000000000000000178e+01,2.200823250719303702e-05,9.925104253544620860e+02,5.955062552126773880e+02
9.941701417848207711e+01,1.999999907999730385e-09,1.000000000000000178e+01,2.204541015349103153e-05,9.941701417848206574e+02,5.965020850708924627e+02
9.958298582151793710e+01,1.999999907999730798e-09,1.000000000000000178e+01,2.208258779978902603e-05,9.958298582151793426e+02,5.974979149291076510e+02
9.974895746455379708e+01,1.999999907999731212e-09,1.000000000000000178e+01,2.211976544608702054e-05,9.974895746455379140e+02,5.984937447873228393e+02
9.991492910758967128e+01,1.999999907999732039e-09,1.000000000000000178e+01,2.215694309238501843e-05,9.991492910758967128e+02,5.994895746455381413e+02
1.000000000000000000e+02,1.999999907999732039e-09,1.000000000000000178e+01,2.217599897139202773e-05,1.000000000000000000e+03,6.000000000000001137e+02
1.000809007506255313e+02,1.999999907999732453e-09,1.000000000000000178e+01,2.219412073868301294e-05,1.000809007506255170e+03,6.004854045037532160e+02
1.002468723936613912e+02,1.999999907999732866e-09,1.000000000000000178e+01,2.223129838498100745e-05,1.002468723936613856e+03,6.014812343619684043e+02
1.004128440366972512e+02,1.999999907999733280e-09,1.000000000000000178e+01,2.226847603127900195e-05,1.004128440366972427e+03,6.024770642201835926e+02
1.005788156797331112e+02,1.999999907999733693e-09,1.000000000000000178e+01,2.230565367757699646e-05,1.005788156797331112e+03,6.034728940783987809e+02
1.007447873227689854e+02,1.999999907999734521e-09,1.000000000000000178e+01,2.234283132387499435e-05,1.007447873227689797e+03,6.044687239366139693e+02
1.009107589658048454e+02,1.999999907999734934e-09,1.000000000000000178e+01,2.238000897017298886e-05,1.009107589658048482e+03,6.054645537948291576e+02
1.010767306088407054e+02,1.999999907999735348e-09,1.000000000000000178e+01,2.241718661647098336e-05,1.010767306088407054e+03,6.064603836530442322e+02
1.012427022518765654e+02,1.999999907999735761e-09,1.000000000000000178e+01,2.245436426276897448e-05,1.012427022518765511e+03,6.074562135112594206e+02
1.014086738949124396e+02,1.999999907999736175e-09,1.000000000000000178e+01,2.249154190906697576e-05,1.014086738949124310e+03,6.084520433694747226e+02
1.015746455379482995e+02,1.999999907999737002e-09,1.000000000000000178e+01,2.252871955536496688e-05,1.015746455379482882e+03,6.094478732276897972e+02
1.017406171809841595e+02,1.999999907999737416e-09,1.000000000000000178e+01,2.256589720166296477e-05,1.017406171809841567e+03,6.104437030859049855e+02
1.019065888240200195e+02,1.999999907999737829e-09,1.000000000000000178e+01,2.260307484796095589e-05,1.019065888240200138e+03,6.114395329441201739e+02
1.020725604670558937e+02,1.999999907999738243e-09,1.000000000000000178e+01,2.264025249425895378e-05,1.020725604670558937e+03,6.124353628023354759e+02
1.022385321100917537e+02,1.999999907999738657e-09,1.000000000000000178e+01,2.267743014055694829e-05,1.022385321100917508e+03,6.134311926605505505e+02
1.024045037531276137e+02,1.999999907999739070e-09,1.000000000000000178e+01,2.271460778685494280e-05,1.024045037531276193e+03,6.144270225187657388e+02
1.025704753961634736e+02,1.999999907999739897e-09,1.000000000000000178e+01,2.275178543315293730e-05,1.025704753961634651e+03,6.154228523769809271e+02
1.027364470391993336e+02,1.999999907999740311e-09,1.000000000000000178e+01,2.278896307945093181e-05,1.027364470391993109e+03,6.164186822351960018e+02
1.029024186822352078e+02,1.999999907999740724e-09,1.000000000000000178e+01,2.282614072574892970e-05,1.029024186822352021e+03,6.174145120934113038e+02
1.030683903252710678e+02,1.999999907999741138e-09,1.000000000000000178e+01,2.286331837204692082e-05,1.030683903252710479e+03,6.184103419516263784e+02
1.032343619683069278e+02,1.999999907999741552e-09,1.000000000000000178e+01,2.290049601834491871e-05,1.032343619683069392e+03,6.194061718098416804e+02
1.034003336113427878e+02,1.999999907999742379e-09,1.000000000000000178e+01,2.293767366464291322e-05,1.034003336113427849e+03,6.204020016680567551e+02
1.035663052543786620e+02,1.999999907999742792e-09,1.000000000000000178e+01,2.297485131094091111e-05,1.035663052543786534e+03,6.213978315262720571e+02
1.037322768974145220e+02,1.999999907999743206e-09,1.000000000000000178e+01,2.301202895723890223e-05,1.037322768974145220e+03,6.223936613844871317e+02
1.038982485404503819e+02,1.999999907999743620e-09,1.000000000000000178e+01,2.304920660353690012e-05,1.038982485404503677e+03,6.233894912427023201e+02
1.040642201834862419e+02,1.999999907999744033e-09,1.000000000000000178e+01,2.308638424983489124e-05,1.040642201834862362e+03,6.243853211009175084e+02
1.042301918265221161e+02,1.999999907999744447e-09,1.000000000000000178e+01,2.312356189613289252e-05,1.042301918265221047e+03,6.253811509591328104e+02
1.043961634695579761e+02,1.999999907999745274e-09,1.000000000000000178e+01,2.316073954243088364e-05,1.043961634695579733e+03,6.263769808173478850e+02
1.045621351125938361e+02,1.999999907999745688e-09,1.000000000000000178e+01,2.319791718872888154e-05,1.045621351125938418e+03,6.273728106755630733e+02
1.047281067556296961e+02,1.999999907999746101e-09,1.000000000000000178e+01,2.323509483502687265e-05,1.047281067556296875e+03,6.283686405337782617e+02
1.048940783986655561e+02,1.999999907999746515e-09,1.000000000000000178e+01,2.327227248132486716e-05,1.048940783986655333e+03,6.293644703919933363e+02
1.050600500417014302e+02,1.999999907999746928e-09,1.000000000000000178e+01,2.330945012762286505e-05,1.050600500417014246e+03,6.303603002502086383e+02
1.052260216847372902e+02,1.999999907999747756e-09,1.000000000000000178e+01,2.334662777392085956e-05,1.052260216847372703e+03,6.313561301084237130e+02
1.053919933277731502e+02,1.999999907999748169e-09,1.000000000000000178e+01,2.338380542021885406e-05,1.053919933277731616e+03,6.323519599666390150e+02
1.055579649708090102e+02,1.999999907999748583e-09,1.000000000000000178e+01,2.342098306651684857e-05,1.055579649708090074e+03,6.333477898248540896e+02
1.057239366138448844e+02,1.999999907999748996e-09,1.000000000000000178e+01,2.345816071281484646e-05,1.057239366138448986e+03,6.343436196830693916e+02
1.058899082568807444e+02,1.999999907999749410e-09,1.000000000000000178e+01,2.349533835911284097e-05,1.058899082568807444e+03,6.353394495412844662e+02
1.060558798999166044e+02,1.999999907999749823e-09,1.000000000000000178e+01,2.353251600541083548e-05,1.060558798999165901e+03,6.363352793994996546e+02
1.062218515429524643e+02,1.999999907999750651e-09,1.000000000000000178e+01,2.356969365170882998e-05,1.062218515429524587e+03,6.373311092577148429e+02
1.063878231859883243e+02,1.999999907999751064e-09,1.000000000000000178e+01,2.360687129800682110e-05,1.063878231859883272e+03,6.383269391159299175e+02
1.065537948290241985e+02,1.999999907999751478e-09,1.000000000000000178e+01,2.364404894430481899e-05,1.065537948290241957e+03,6.393227689741452195e+02
1.067197664720600585e+02,1.999999907999751891e-09,1.000000000000000178e+01,2.368122659060281350e-05,1.067197664720600642e+03,6.403185988323604079e+02
1.068857381150959185e+02,1.999999907999752305e-09,1.000000000000000178e+01,2.371840423690080800e-05,1.068857381150959100e+03,6.413144286905755962e+02
1.070517097581317785e+02,1.999999907999753132e-09,1.000000000000000178e+01,2.375558188319880251e-05,1.070517097581317557e+03,6.423102585487906708e+02
1.072176814011676527e+02,1.999999907999753546e-09,1.000000000000000178e+01,2.379275952949680040e-05,1.072176814011676470e+03,6.433060884070059728e+02
1.073836530442035126e+02,1.999999907999753959e-09,1.000000000000000178e+01,2.382993717579479491e-05,1.073836530442034928e+03,6.443019182652211612e+02
1.075496246872393726e+02,1.999999907999754373e-09,1.000000000000000178e+01,2.386711482209278942e-05,1.075496246872393840e+03,6.452977481234363495e+02
1.077155963302752326e+02,1.999999907999754787e-09,1.000000000000000178e+01,2.390429246839078392e-05,1.077155963302752298e+03,6.462935779816514241e+02
1.078815679733111068e+02,1.999999907999755200e-09,1.000000000000000178e+01,2.394147011468878182e-05,1.078815679733111210e+03,6.472894078398667261e+02
1.080475396163469668e+02,1.999999907999756027e-09,1.000000000000000178e+01,2.397864776098677632e-05,1.080475396163469668e+03,6.482852376980818008e+02
1.082135112593828268e+02,1.999999907999756441e-09,1.000000000000000178e+01,2.401582540728476744e-05,1.082135112593828126e+03,6.492810675562969891e+02
1.083794829024186868e+02,1.999999907999756855e-09,1.000000000000000178e+01,2.405300305358276533e-05,1.083794829024186811e+03,6.502768974145121774e+02
1.085454545454545467e+02,1.999999907999757268e-09,1.000000000000000178e+01,2.409018069988075645e-05,1.085454545454545496e+03,6.512727272727272521e+02
1.087114261884904209e+02,1.999999907999757682e-09,1.000000000000000178e+01,2.412735834617875773e-05,1.087114261884904181e+03,6.522685571309425541e+02
1.088773978315262809e+02,1.999999907999758509e-09,1.000000000000000178e+01,2.416453599247674885e-05,1.088773978315262866e+03,6.532643869891577424e+02
1.090433694745621409e+02,1.999999907999758922e-09,1.000000000000000178e+01,2.420171363877474674e-05,1.090433694745621324e+03,6.542602168473729307e+02
1.092093411175980009e+02,1.999999907999759336e-09,1.000000000000000178e+01,2.423889128507273786e-05,1.092093411175979782e+03,6.552560467055880054e+02
1.093753127606338751e+02,1.999999907999759750e-09,1.000000000000000178e+01,2.427606893137073576e-05,1.093753127606338694e+03,6.562518765638033074e+02
1.095412844036697351e+02,1.999999907999760163e-09,1.000000000000000178e+01,2.431324657766873026e-05,1.095412844036697152e+03,6.572477064220184957e+02
1.097072560467055951e+02,1.999999907999760577e-09,1.000000000000000178e+01,2.435042422396672477e-05,1.097072560467056064e+03,6.582435362802336840e+02
1.098732276897414550e+02,1.999999907999761404e-09,1.000000000000000178e+01,2.438760187026471927e-05,1.098732276897414522e+03,6.592393661384487586e+02
1.100391993327773292e+02,1.999999907999761818e-09,1.000000000000000178e+01,2.442477951656271717e-05,1.100391993327773434e+03,6.602351959966640607e+02
1.102051709758131892e+02,1.999999907999762231e-09,1.000000000000000178e+01,2.446195716286071167e-05,1.102051709758131892e+03,6.612310258548791353e+02
1.103711426188490492e+02,1.999999907999762645e-09,1.000000000000000178e+01,2.449913480915870618e-05,1.103711426188490350e+03,6.622268557130943236e+02
1.105371142618849092e+02,1.999999907999763058e-09,1.000000000000000178e+01,2.453631245545670068e-05,1.105371142618849035e+03,6.632226855713095119e+02
1.107030859049207692e+02,1.999999907999763886e-09,1.000000000000000178e+01,2.457349010175469519e-05,1.107030859049207720e+03,6.642185154295247003e+02
1.108690575479566434e+02,1.999999907999764299e-09,1.000000000000000178e+01,2.461066774805269308e-05,1.108690575479566405e+03,6.652143452877398886e+02
1.110350291909925033e+02,1.999999907999764713e-09,1.000000000000000178e+01,2.464784539435068420e-05,1.110350291909925090e+03,6.662101751459550769e+02
1.112010008340283633e+02,1.999999907999765126e-09,1.000000000000000178e+01,2.468502304064868209e-05,1.112010008340283548e+03,6.672060050041702652e+02
1.113669724770642233e+02,1.999999907999765540e-09,1.000000000000000178e+01,2.472220068694667321e-05,1.113669724770642233e+03,6.682018348623853399e+02
1.115329441201000975e+02,1.999999907999765953e-09,1.000000000000000178e+01,2.475937833324467449e-05,1.115329441201000918e+03,6.691976647206006419e+02
1.116989157631359575e+02,1.999999907999766781e-09,1.000000000000000178e+01,2.479655597954266561e-05,1.116989157631359376e+03,6.701934945788158302e+02
1.118648874061718175e+02,1.999999907999767194e-09,1.000000000000000178e+01,2.483373362584066012e-05,1.118648874061718061e+03,6.711893244370309048e+02
1.120308590492076775e+02,1.999999907999767608e-09,1.000000000000000178e+01,2.487091127213865462e-05,1.120308590492076746e+03,6.721851542952460932e+02
1.121968306922435374e+02,1.999999907999768021e-09,1.000000000000000178e+01,2.490808891843664913e-05,1.121968306922435204e+03,6.731809841534612815e+02
1.123628023352794116e+02,1.999999907999768435e-09,1.000000000000000178e+01,2.494526656473464702e-05,1.123628023352794116e+03,6.741768140116764698e+02
1.125287739783152716e+02,1.999999907999769262e-09,1.000000000000000178e+01,2.498244421103264153e-05,1.125287739783152574e+03,6.751726438698916581e+02
1.126947456213511316e+02,1.999999907999769676e-09,1.000000000000000178e+01,2.501962185733063603e-05,1.126947456213511259e+03,6.761684737281068465e+02
1.128607172643869916e+02,1.999999907999770089e-09,1.000000000000000178e+01,2.505679950362863054e-05,1.128607172643869944e+03,6.771643035863220348e+02
1.130266889074228658e+02,1.999999907999770503e-09,1.000000000000000178e+01,2.509397714992662843e-05,1.130266889074228629e+03,6.781601334445372231e+02
1.131926605504587258e+02,1.999999907999770917e-09,1.000000000000000178e+01,2.513115479622462294e-05,1.131926605504587314e+03,6.791559633027524114e+02
1.133586321934945857e+02,1.999999907999771744e-09,1.000000000000000178e+01,2.516833244252261406e-05,1.133586321934945772e+03,6.801517931609674861e+02
1.135246038365304457e+02,1.999999907999772157e-09,1.000000000000000178e+01,2.520551008882061195e-05,1.135246038365304457e+03,6.811476230191826744e+02
1.136905754795663199e+02,1.999999907999772571e-09,1.000000000000000178e+01,2.524268773511860646e-05,1.136905754795663142e+03,6.821434528773979764e+02
1.138565471226021799e+02,1.999999907999772985e-09,1.000000000000000178e+01,2.527986538141660096e-05,1.138565471226021600e+03,6.831392827356130510e+02
1.140225187656380399e+02,1.999999907999773398e-09,1.000000000000000178e+01,2.531704302771459547e-05,1.140225187656380285e+03,6.841351125938282394e+02
1.141884904086738999e+02,1.999999907999773812e-09,1.000000000000000178e+01,2.535422067401258997e-05,1.141884904086738970e+03,6.851309424520434277e+02
1.143544620517097599e+02,1.999999907999774639e-09,1.000000000000000178e+01,2.539139832031058448e-05,1.143544620517097428e+03,6.861267723102586160e+02
1.145204336947456341e+02,1.999999907999775052e-09,1.000000000000000178e+01,2.542857596660858237e-05,1.145204336947456341e+03,6.871226021684738043e+02
1.146864053377814940e+02,1.999999907999775466e-09,1.000000000000000178e+01,2.546575361290657688e-05,1.146864053377814798e+03,6.881184320266889927e+02
1.148523769808173540e+02,1.999999907999775880e-09,1.000000000000000178e+01,2.550293125920457139e-05,1.148523769808173711e+03,6.891142618849041810e+02
1.150183486238532140e+02,1.999999907999776293e-09,1.000000000000000178e+01,2.554010890550256589e-05,1.150183486238532168e+03,6.901100917431192556e+02
1.151843202668890882e+02,1.999999907999777120e-09,1.000000000000000178e+01,2.557728655180056379e-05,1.151843202668890854e+03,6.911059216013345576e+02
1.153502919099249482e+02,1.999999907999777534e-09,1.000000000000000178e+01,2.561446419809855829e-05,1.153502919099249539e+03,6.921017514595497460e+02
1.155162635529608082e+02,1.999999907999777948e-09,1.000000000000000178e+01,2.565164184439654941e-05,1.155162635529607996e+03,6.930975813177649343e+02
1.156822351959966682e+02,1.999999907999778361e-09,1.000000000000000178e+01,2.568881949069454730e-05,1.156822351959966682e+03,6.940934111759800089e+02
1.158482068390325423e+02,1.999999907999778775e-09,1.000000000000000178e+01,2.572599713699254181e-05,1.158482068390325367e+03,6.950892410341953109e+02
1.160141784820684023e+02,1.999999907999779188e-09,1.000000000000000178e+01,2.576317478329053970e-05,1.160141784820684052e+03,6.960850708924104993e+02
1.161801501251042623e+02,1.999999907999780016e-09,1.000000000000000178e+01,2.580035242958853082e-05,1.161801501251042509e+03,6.970809007506255739e+02
1.163461217681401223e+02,1.999999907999780429e-09,1.000000000000000178e+01,2.583753007588652871e-05,1.163461217681401195e+03,6.980767306088407622e+02
1.165120934111759823e+02,1.999999907999780843e-09,1.000000000000000178e+01,2.587470772218451983e-05,1.165120934111759652e+03,6.990725604670559505e+02
1.166780650542118565e+02,1.999999907999781256e-09,1.000000000000000178e+01,2.591188536848251773e-05,1.166780650542118565e+03,7.000683903252711389e+02
1.168440366972477165e+02,1.999999907999781670e-09,1.000000000000000178e+01,2.594906301478051223e-05,1.168440366972477023e+03,7.010642201834863272e+02
1.170100083402835764e+02,1.999999907999782497e-09,1.000000000000000178e+01,2.598624066107850674e-05,1.170100083402835708e+03,7.020600500417015155e+02
1.171759799833194364e+02,1.999999907999782911e-09,1.000000000000000178e+01,2.602341830737650124e-05,1.171759799833194393e+03,7.030558798999165901e+02
1.173419516263553106e+02,1.999999907999783324e-09,1.000000000000000178e+01,2.606059595367449914e-05,1.173419516263552850e+03,7.040517097581318922e+02
1.175079232693911706e+02,1.999999907999783738e-09,1.000000000000000178e+01,2.609777359997249364e-05,1.175079232693911763e+03,7.050475396163470805e+02
1.176738949124270306e+02,1.999999907999784151e-09,1.000000000000000178e+01,2.613495124627048815e-05,1.176738949124270221e+03,7.060433694745622688e+02
1.178398665554628906e+02,1.999999907999784565e-09,1.000000000000000178e+01,2.617212889256848265e-05,1.178398665554628906e+03,7.070391993327773434e+02
1.180058381984987506e+02,1.999999907999785392e-09,1.000000000000000178e+01,2.620930653886647716e-05,1.180058381984987591e+03,7.080350291909925318e+02
1.181718098415346248e+02,1.999999907999785806e-09,1.000000000000000178e+01,2.624648418516447505e-05,1.181718098415346276e+03,7.090308590492078338e+02
1.183377814845704847e+02,1.999999907999786219e-09,1.000000000000000178e+01,2.628366183146246617e-05,1.183377814845704961e+03,7.100266889074230221e+02
1.185037531276063447e+02,1.999999907999786633e-09,1.000000000000000178e+01,2.632083947776046407e-05,1.185037531276063419e+03,7.110225187656380967e+02
1.186697247706422047e+02,1.999999907999787047e-09,1.000000000000000178e+01,2.635801712405845518e-05,1.186697247706421877e+03,7.120183486238532851e+02
1.188356964136780789e+02,1.999999907999787874e-09,1.000000000000000178e+01,2.639519477035645647e-05,1.188356964136780789e+03,7.130141784820684734e+02
1.190016680567139389e+02,1.999999907999788287e-09,1.000000000000000178e+01,2.643237241665444758e-05,1.190016680567139247e+03,7.140100083402836617e+02
1.191676396997497989e+02,1.999999907999788701e-09,1.000000000000000178e+01,2.646955006295244209e-05,1.191676396997497932e+03,7.150058381984988500e+02
1.193336113427856588e+02,1.999999907999789115e-09,1.000000000000000178e+01,2.650672770925043659e-05,1.193336113427856617e+03,7.160016680567140384e+02
1.194995829858215330e+02,1.999999907999789528e-09,1.000000000000000178e+01,2.654390535554843449e-05,1.194995829858215302e+03,7.169974979149292267e+02
1.196655546288573930e+02,1.999999907999789942e-09,1.000000000000000178e+01,2.658108300184642899e-05,1.196655546288573987e+03,7.179933277731444150e+02
1.198315262718932530e+02,1.999999907999790769e-09,1.000000000000000178e+01,2.661826064814442350e-05,1.198315262718932445e+03,7.189891576313596033e+02
1.199974979149291130e+02,1.999999907999791183e-09,1.000000000000000178e+01,2.665543829444241801e-05,1.199974979149291130e+03,7.199849874895746780e+02
1.201634695579649730e+02,1.999999907999791596e-09,1.000000000000000178e+01,2.669261594074041251e-05,1.201634695579649815e+03,7.209808173477898663e+02
1.203294412010008472e+02,1.999999907999792010e-09,1.000000000000000178e+01,2.672979358703841041e-05,1.203294412010008500e+03,7.219766472060051683e+02
1.204954128440367072e+02,1.999999907999792423e-09,1.000000000000000178e+01,2.676697123333640491e-05,1.204954128440367185e+03,7.229724770642203566e+02
1.206613844870725671e+02,1.999999907999793250e-09,1.000000000000000178e+01,2.680414887963439603e-05,1.206613844870725643e+03,7.239683069224354313e+02
1.208273561301084271e+02,1.999999907999793664e-09,1.000000000000000178e+01,2.684132652593239392e-05,1.208273561301084101e+03,7.249641367806506196e+02
1.209933277731443013e+02,1.999999907999794078e-09,1.000000000000000178e+01,2.687850417223038843e-05,1.209933277731443013e+03,7.259599666388658079e+02
1.211592994161801613e+02,1.999999907999794491e-09,1.000000000000000178e+01,2.691568181852838293e-05,1.211592994161801471e+03,7.269557964970809962e+02
1.213252710592160213e+02,1.999999907999794905e-09,1.000000000000000178e+01,2.695285946482637744e-05,1.213252710592160156e+03,7.279516263552961846e+02
1.214912427022518813e+02,1.999999907999795318e-09,1.000000000000000178e+01,2.699003711112437195e-05,1.214912427022518841e+03,7.289474562135113729e+02
1.216572143452877555e+02,1.999999907999796146e-09,1.000000000000000178e+01,2.702721475742236984e-05,1.216572143452877526e+03,7.299432860717265612e+02
1.218231859883236154e+02,1.999999907999796559e-09,1.000000000000000178e+01,2.706439240372036435e-05,1.218231859883236211e+03,7.309391159299417495e+02
1.219891576313594754e+02,1.999999907999796973e-09,1.000000000000000178e+01,2.710157005001835885e-05,1.219891576313594669e+03,7.319349457881569379e+02
1.221551292743953354e+02,1.999999907999797386e-09,1.000000000000000178e+01,2.713874769631635336e-05,1.221551292743953127e+03,7.329307756463720125e+02
1.223211009174311954e+02,1.999999907999797800e-09,1.000000000000000178e+01,2.717592534261434786e-05,1.223211009174312039e+03,7.339266055045872008e+02
1.224870725604670696e+02,1.999999907999798627e-09,1.000000000000000178e+01,2.721310298891234237e-05,1.224870725604670497e+03,7.349224353628023891e+02
1.226530442035029296e+02,1.999999907999799041e-09,1.000000000000000178e+01,2.725028063521034026e-05,1.226530442035029409e+03,7.359182652210176911e+02
1.228190158465387896e+02,1.999999907999799454e-09,1.000000000000000178e+01,2.728745828150833138e-05,1.228190158465387867e+03,7.369140950792327658e+02
1.229849874895746495e+02,1.999999907999799868e-09,1.000000000000000178e+01,2.732463592780632927e-05,1.229849874895746325e+03,7.379099249374479541e+02
1.231509591326105237e+02,1.999999907999800281e-09,1.000000000000000178e+01,2.736181357410432378e-05,1.231509591326105237e+03,7.389057547956631424e+02
1.233169307756463837e+02,1.999999907999800695e-09,1.000000000000000178e+01,2.739899122040232167e-05,1.233169307756463695e+03,7.399015846538784444e+02
1.234829024186822437e+02,1.999999907999801522e-09,1.000000000000000178e+01,2.743616886670031279e-05,1.234829024186822380e+03,7.408974145120935191e+02
1.236488740617181037e+02,1.999999907999801936e-09,1.000000000000000178e+01,2.747334651299831068e-05,1.236488740617181065e+03,7.418932443703087074e+02
1.238148457047539637e+02,1.999999907999802349e-09,1.000000000000000178e+01,2.751052415929630180e-05,1.238148457047539523e+03,7.428890742285238957e+02
1.239808173477898379e+02,1.999999907999802763e-09,1.000000000000000178e+01,2.754770180559430308e-05,1.239808173477898436e+03,7.438849040867390841e+02
1.241467889908256979e+02,1.999999907999803177e-09,1.000000000000000178e+01,2.758487945189229420e-05,1.241467889908256893e+03,7.448807339449542724e+02
1.243127606338615578e+02,1.999999907999804004e-09,1.000000000000000178e+01,2.762205709819028871e-05,1.243127606338615351e+03,7.458765638031693470e+02
1.244787322768974178e+02,1.999999907999804417e-09,1.000000000000000178e+01,2.765923474448828321e-05,1.244787322768974263e+03,7.468723936613845353e+02
1.246447039199332920e+02,1.999999907999804831e-09,1.000000000000000178e+01,2.769641239078628111e-05,1.246447039199332721e+03,7.478682235195997237e+02
1.248106755629691520e+02,1.999999907999805245e-09,1.000000000000000178e+01,2.773359003708427561e-05,1.248106755629691634e+03,7.488640533778150257e+02
1.249766472060050120e+02,1.999999907999805658e-09,1.000000000000000178e+01,2.777076768338227012e-05,1.249766472060050091e+03,7.498598832360301003e+02
1.251426188490408720e+02,1.999999907999806485e-09,1.000000000000000178e+01,2.780794532968026462e-05,1.251426188490408776e+03,7.508557130942452886e+02
1.253085904920767462e+02,1.999999907999806899e-09,1.000000000000000178e+01,2.784512297597825913e-05,1.253085904920767462e+03,7.518515429524604770e+02
1.254745621351126061e+02,1.999999907999807313e-09,1.000000000000000178e+01,2.788230062227625702e-05,1.254745621351125919e+03,7.528473728106757790e+02
1.256405337781484661e+02,1.999999907999807726e-09,1.000000000000000178e+01,2.791947826857424814e-05,1.256405337781484604e+03,7.538432026688908536e+02
1.258065054211843261e+02,1.999999907999808140e-09,1.000000000000000178e+01,2.795665591487224265e-05,1.258065054211843290e+03,7.548390325271059282e+02
1.259724770642201861e+02,1.999999907999808553e-09,1.000000000000000178e+01,2.799383356117023715e-05,1.259724770642201747e+03,7.558348623853212302e+02
1.261384487072560603e+02,1.999999907999809380e-09,1.000000000000000178e+01,2.803101120746823505e-05,1.261384487072560660e+03,7.568306922435363049e+02
1.263044203502919203e+02,1.999999907999809794e-09,1.000000000000000178e+01,2.806818885376622955e-05,1.263044203502919117e+03,7.578265221017516069e+02
1.264703919933277803e+02,1.999999907999810208e-09,1.000000000000000178e+01,2.810536650006422406e-05,1.264703919933277575e+03,7.588223519599666815e+02
1.266363636363636402e+02,1.999999907999810621e-09,1.000000000000000178e+01,2.814254414636221856e-05,1.266363636363636488e+03,7.598181818181819835e+02
1.268023352793995144e+02,1.999999907999811035e-09,1.000000000000000178e+01,2.817972179266021646e-05,1.268023352793994945e+03,7.608140116763970582e+02
1.269683069224353744e+02,1.999999907999811862e-09,1.000000000000000178e+01,2.821689943895821096e-05,1.269683069224353858e+03,7.618098415346123602e+02
1.271342785654712344e+02,1.999999907999812276e-09,1.000000000000000178e+01,2.825407708525620547e-05,1.271342785654712316e+03,7.628056713928274348e+02
1.273002502085070944e+02,1.999999907999812689e-09,1.000000000000000178e+01,2.829125473155419998e-05,1.273002502085071001e+03,7.638015012510426232e+02
1.274662218515429686e+02,1.999999907999813103e-09,1.000000000000000178e+01,2.832843237785219787e-05,1.274662218515429686e+03,7.647973311092578115e+02
1.276321934945788286e+02,1.999999907999813516e-09,1.000000000000000178e+01,2.836561002415018899e-05,1.276321934945788144e+03,7.657931609674729998e+02
1.277981651376146885e+02,1.999999907999813930e-09,1.000000000000000178e+01,2.840278767044818688e-05,1.277981651376146829e+03,7.667889908256881881e+02
1.279641367806505485e+02,1.999999907999814757e-09,1.000000000000000178e+01,2.843996531674617800e-05,1.279641367806505514e+03,7.677848206839032628e+02
1.281301084236864085e+02,1.999999907999815171e-09,1.000000000000000178e+01,2.847714296304417589e-05,1.281301084236863971e+03,7.687806505421185648e+02
1.282960800667222827e+02,1.999999907999815584e-09,1.000000000000000178e+01,2.851432060934217040e-05,1.282960800667222884e+03,7.697764804003336394e+02
1.284620517097581285e+02,1.999999907999815998e-09,1.000000000000000178e+01,2.855149825564016490e-05,1.284620517097581342e+03,7.707723102585488277e+02
1.286280233527940027e+02,1.999999907999816412e-09,1.000000000000000178e+01,2.858867590193815941e-05,1.286280233527940027e+03,7.717681401167640161e+02
1.287939949958298769e+02,1.999999907999817239e-09,1.000000000000000178e+01,2.862585354823615730e-05,1.287939949958298712e+03,7.727639699749793181e+02
1.289599666388657226e+02,1.999999907999817652e-09,1.000000000000000178e+01,2.866303119453414842e-05,1.289599666388657170e+03,7.737597998331943927e+02
1.291259382819015968e+02,1.999999907999818066e-09,1.000000000000000178e+01,2.870020884083214632e-05,1.291259382819016082e+03,7.747556296914096947e+02
1.292919099249374710e+02,1.999999907999818479e-09,1.000000000000000178e+01,2.873738648713014421e-05,1.292919099249374540e+03,7.757514595496247694e+02
1.294578815679733168e+02,1.999999907999818893e-09,1.000000000000000178e+01,2.877456413342813533e-05,1.294578815679732998e+03,7.767472894078398440e+02
1.296238532110091910e+02,1.999999907999819307e-09,1.000000000000000178e+01,2.881174177972613322e-05,1.296238532110091910e+03,7.777431192660551460e+02
1.297898248540450368e+02,1.999999907999820134e-09,1.000000000000000178e+01,2.884891942602412434e-05,1.297898248540450368e+03,7.787389491242702206e+02
1.299557964970809110e+02,1.999999907999820547e-09,1.000000000000000178e+01,2.888609707232212223e-05,1.299557964970809053e+03,7.797347789824855226e+02
1.301217681401167852e+02,1.999999907999820961e-09,1.000000000000000178e+01,2.892327471862011674e-05,1.301217681401167738e+03,7.807306088407007110e+02
1.302877397831526309e+02,1.999999907999821375e-09,1.000000000000000178e+01,2.896045236491811124e-05,1.302877397831526196e+03,7.817264386989158993e+02
1.304537114261885051e+02,1.999999907999821788e-09,1.000000000000000178e+01,2.899763001121610575e-05,1.304537114261885108e+03,7.827222685571309739e+02
1.306196830692243509e+02,1.999999907999822615e-09,1.000000000000000178e+01,2.903480765751409687e-05,1.306196830692243566e+03,7.837180984153460486e+02
1.307856547122602251e+02,1.999999907999823029e-09,1.000000000000000178e+01,2.907198530381209476e-05,1.307856547122602251e+03,7.847139282735613506e+02
1.309516263552960993e+02,1.999999907999823443e-09,1.000000000000000178e+01,2.910916295011009266e-05,1.309516263552960936e+03,7.857097581317766526e+02
1.311175979983319451e+02,1.999999907999823856e-09,1.000000000000000178e+01,2.914634059640808716e-05,1.311175979983319394e+03,7.867055879899917272e+02
1.312835696413678193e+02,1.999999907999824270e-09,1.000000000000000178e+01,2.918351824270608167e-05,1.312835696413678079e+03,7.877014178482069156e+02
1.314495412844036650e+02,1.999999907999824683e-09,1.000000000000000178e+01,2.922069588900407617e-05,1.314495412844036764e+03,7.886972477064221039e+02
1.316155129274395392e+02,1.999999907999825510e-09,1.000000000000000178e+01,2.925787353530207068e-05,1.316155129274395222e+03,7.896930775646371785e+02
1.317814845704754134e+02,1.999999907999825924e-09,1.000000000000000178e+01,2.929505118160006857e-05,1.317814845704754134e+03,7.906889074228524805e+02
1.319474562135112592e+02,1.999999907999826338e-09,1.000000000000000178e+01,2.933222882789805969e-05,1.319474562135112592e+03,7.916847372810675552e+02
1.321134278565471334e+02,1.999999907999826751e-09,1.000000000000000178e+01,2.936940647419605758e-05,1.321134278565471504e+03,7.926805671392828572e+02
1.322793994995830076e+02,1.999999907999827165e-09,1.000000000000000178e+01,2.940658412049405548e-05,1.322793994995829962e+03,7.936763969974980455e+02
1.324453711426188534e+02,1.999999907999827992e-09,1.000000000000000178e+01,2.944376176679204660e-05,1.324453711426188420e+03,7.946722268557132338e+02
1.326113427856547275e+02,1.999999907999828406e-09,1.000000000000000178e+01,2.948093941309004449e-05,1.326113427856547332e+03,7.956680567139283085e+02
1.327773144286905733e+02,1.999999907999828819e-09,1.000000000000000178e+01,2.951811705938803222e-05,1.327773144286905790e+03,7.966638865721433831e+02
1.329432860717264475e+02,1.999999907999829233e-09,1.000000000000000178e+01,2.955529470568603350e-05,1.329432860717264475e+03,7.976597164303586851e+02
1.331092577147623217e+02,1.999999907999829646e-09,1.000000000000000178e+01,2.959247235198402801e-05,1.331092577147623160e+03,7.986555462885739871e+02
1.332752293577981675e+02,1.999999907999830060e-09,1.000000000000000178e+01,2.962964999828202251e-05,1.332752293577981618e+03,7.996513761467890617e+02
1.334412010008340417e+02,1.999999907999830887e-09,1.000000000000000178e+01,2.966682764458001702e-05,1.334412010008340303e+03,8.006472060050042501e+02
1.336071726438698875e+02,1.999999907999831301e-09,1.000000000000000178e+01,2.970400529087801152e-05,1.336071726438698988e+03,8.016430358632194384e+02
1.337731442869057616e+02,1.999999907999831714e-09,1.000000000000000178e+01,2.974118293717600603e-05,1.337731442869057446e+03,8.026388657214345130e+02
1.339391159299416358e+02,1.999999907999832128e-09,1.000000000000000178e+01,2.977836058347400392e-05,1.339391159299416358e+03,8.036346955796498150e+02
1.341050875729774816e+02,1.999999907999832542e-09,1.000000000000000178e+01,2.981553822977199504e-05,1.341050875729774816e+03,8.046305254378648897e+02
1.342710592160133558e+02,1.999999907999833369e-09,1.000000000000000178e+01,2.985271587606999294e-05,1.342710592160133729e+03,8.056263552960801917e+02
1.344370308590492300e+02,1.999999907999833782e-09,1.000000000000000178e+01,2.988989352236799083e-05,1.344370308590492186e+03,8.066221851542953800e+02
1.346030025020850758e+02,1.999999907999834196e-09,1.000000000000000178e+01,2.992707116866597856e-05,1.346030025020850644e+03,8.076180150125104547e+02
1.347689741451209500e+02,1.999999907999834609e-09,1.000000000000000178e+01,2.996424881496397984e-05,1.347689741451209557e+03,8.086138448707257567e+02
1.349349457881567957e+02,1.999999907999835023e-09,1.000000000000000178e+01,3.000142646126196757e-05,1.349349457881568014e+03,8.096096747289407176e+02
1.351009174311926699e+02,1.999999907999835437e-09,1.000000000000000178e+01,3.003860410755996885e-05,1.351009174311926699e+03,8.106055045871560196e+02
1.352668890742285441e+02,1.999999907999836264e-09,1.000000000000000178e+01,3.007578175385796336e-05,1.352668890742285384e+03,8.116013344453713216e+02
1.354328607172643899e+02,1.999999907999836677e-09,1.000000000000000178e+01,3.011295940015595786e-05,1.354328607172643842e+03,8.125971643035863963e+02
1.355988323603002641e+02,1.999999907999837091e-09,1.000000000000000178e+01,3.015013704645395237e-05,1.355988323603002527e+03,8.135929941618015846e+02
1.357648040033361099e+02,1.999999907999837505e-09,1.000000000000000178e+01,3.018731469275194349e-05,1.357648040033360985e+03,8.145888240200166592e+02
1.359307756463719841e+02,1.999999907999837918e-09,1.000000000000000178e+01,3.022449233904994138e-05,1.359307756463719670e+03,8.155846538782318476e+02
1.360967472894078583e+02,1.999999907999838745e-09,1.000000000000000178e+01,3.026166998534794266e-05,1.360967472894078583e+03,8.165804837364471496e+02
1.362627189324437040e+02,1.999999907999839159e-09,1.000000000000000178e+01,3.029884763164593039e-05,1.362627189324437040e+03,8.175763135946622242e+02
1.364286905754795782e+02,1.999999907999839573e-09,1.000000000000000178e+01,3.033602527794392490e-05,1.364286905754795725e+03,8.185721434528775262e+02
1.365946622185154524e+02,1.999999907999839986e-09,1.000000000000000178e+01,3.037320292424192618e-05,1.365946622185154411e+03,8.195679733110927145e+02
1.367606338615512982e+02,1.999999907999840400e-09,1.000000000000000178e+01,3.041038057053991391e-05,1.367606338615512868e+03,8.205638031693077892e+02
1.369266055045871724e+02,1.999999907999841227e-09,1.000000000000000178e+01,3.044755821683791519e-05,1.369266055045871781e+03,8.215596330275230912e+02
1.370925771476230182e+02,1.999999907999841641e-09,1.000000000000000178e+01,3.048473586313590292e-05,1.370925771476230238e+03,8.225554628857380521e+02
1.372585487906588924e+02,1.999999907999842054e-09,1.000000000000000178e+01,3.052191350943390420e-05,1.372585487906588924e+03,8.235512927439533541e+02
1.374245204336947666e+02,1.999999907999842468e-09,1.000000000000000178e+01,3.055909115573189871e-05,1.374245204336947609e+03,8.245471226021686562e+02
1.375904920767306123e+02,1.999999907999842881e-09,1.000000000000000178e+01,3.059626880202989321e-05,1.375904920767306066e+03,8.255429524603837308e+02
1.377564637197664865e+02,1.999999907999843295e-09,1.000000000000000178e+01,3.063344644832788772e-05,1.377564637197664979e+03,8.265387823185989191e+02
1.379224353628023323e+02,1.999999907999844122e-09,1.000000000000000178e+01,3.067062409462587545e-05,1.379224353628023209e+03,8.275346121768139938e+02
1.380884070058382065e+02,1.999999907999844536e-09,1.000000000000000178e+01,3.070780174092387673e-05,1.380884070058381894e+03,8.285304420350292958e+02
1.382543786488740807e+02,1.999999907999844949e-09,1.000000000000000178e+01,3.074497938722187801e-05,1.382543786488740807e+03,8.295262718932444841e+02
1.384203502919099265e+02,1.999999907999845363e-09,1.000000000000000178e+01,3.078215703351986574e-05,1.384203502919099265e+03,8.305221017514595587e+02
1.385863219349458006e+02,1.999999907999845776e-09,1.000000000000000178e+01,3.081933467981786703e-05,1.385863219349457950e+03,8.315179316096748607e+02
1.387522935779816748e+02,1.999999907999846604e-09,1.000000000000000178e+01,3.085651232611586153e-05,1.387522935779816635e+03,8.325137614678901627e+02
1.389182652210175206e+02,1.999999907999847017e-09,1.000000000000000178e+01,3.089368997241385604e-05,1.389182652210175092e+03,8.335095913261051237e+02
1.390842368640533948e+02,1.999999907999847431e-09,1.000000000000000178e+01,3.093086761871185054e-05,1.390842368640534005e+03,8.345054211843204257e+02
1.392502085070892406e+02,1.999999907999847844e-09,1.000000000000000178e+01,3.096804526500984505e-05,1.392502085070892463e+03,8.355012510425355003e+02
1.394161801501251148e+02,1.999999907999848258e-09,1.000000000000000178e+01,3.100522291130783955e-05,1.394161801501251148e+03,8.364970809007506887e+02
1.395821517931609890e+02,1.999999907999848672e-09,1.000000000000000178e+01,3.104240055760583406e-05,1.395821517931609833e+03,8.374929107589659907e+02
1.397481234361968347e+02,1.999999907999849499e-09,1.000000000000000178e+01,3.107957820390382857e-05,1.397481234361968291e+03,8.384887406171810653e+02
1.399140950792327089e+02,1.999999907999849912e-09,1.000000000000000178e+01,3.111675585020182307e-05,1.399140950792327203e+03,8.394845704753963673e+02
1.400800667222685547e+02,1.999999907999850326e-09,1.000000000000000178e+01,3.115393349649981758e-05,1.400800667222685433e+03,8.404804003336113283e+02
1.402460383653044289e+02,1.999999907999850740e-09,1.000000000000000178e+01,3.119111114279781208e-05,1.402460383653044119e+03,8.414762301918266303e+02
1.404120100083403031e+02,1.999999907999851153e-09,1.000000000000000178e+01,3.122828878909580659e-05,1.404120100083403031e+03,8.424720600500418186e+02
1.405779816513761489e+02,1.999999907999851980e-09,1.000000000000000178e+01,3.126546643539380109e-05,1.405779816513761489e+03,8.434678899082568932e+02
1.407439532944120231e+02,1.999999907999852394e-09,1.000000000000000178e+01,3.130264408169179560e-05,1.407439532944120174e+03,8.444637197664721953e+02
1.409099249374478973e+02,1.999999907999852807e-09,1.000000000000000178e+01,3.133982172798979688e-05,1.409099249374478859e+03,8.454595496246874973e+02
1.410758965804837430e+02,1.999999907999853221e-09,1.000000000000000178e+01,3.137699937428778461e-05,1.410758965804837317e+03,8.464553794829024582e+02
1.412418682235196172e+02,1.999999907999853635e-09,1.000000000000000178e+01,3.141417702058578589e-05,1.412418682235196229e+03,8.474512093411177602e+02
1.414078398665554630e+02,1.999999907999854048e-09,1.000000000000000178e+01,3.145135466688377362e-05,1.414078398665554687e+03,8.484470391993328349e+02
1.415738115095913372e+02,1.999999907999854875e-09,1.000000000000000178e+01,3.148853231318177491e-05,1.415738115095913372e+03,8.494428690575480232e+02
1.417397831526272114e+02,1.999999907999855289e-09,1.000000000000000178e+01,3.152570995947976941e-05,1.417397831526272057e+03,8.504386989157633252e+02
1.419057547956630572e+02,1.999999907999855703e-09,1.000000000000000178e+01,3.156288760577776392e-05,1.419057547956630515e+03,8.514345287739783998e+02
1.420717264386989314e+02,1.999999907999856116e-09,1.000000000000000178e+01,3.160006525207575842e-05,1.420717264386989427e+03,8.524303586321937019e+02
1.422376980817347771e+02,1.999999907999856530e-09,1.000000000000000178e+01,3.163724289837375293e-05,1.422376980817347885e+03,8.534261884904086628e+02
1.424036697247706513e+02,1.999999907999857357e-09,1.000000000000000178e+01,3.167442054467174743e-05,1.424036697247706570e+03,8.544220183486239648e+02
1.425696413678065255e+02,1.999999907999857771e-09,1.000000000000000178e+01,3.171159819096974872e-05,1.425696413678065255e+03,8.554178482068391531e+02
1.427356130108423713e+02,1.999999907999858184e-09,1.000000000000000178e+01,3.174877583726773645e-05,1.427356130108423713e+03,8.564136780650542278e+02
1.429015846538782455e+02,1.999999907999858598e-09,1.000000000000000178e+01,3.178595348356573773e-05,1.429015846538782398e+03,8.574095079232695298e+02
1.430675562969140913e+02,1.999999907999859011e-09,1.000000000000000178e+01,3.182313112986372546e-05,1.430675562969140856e+03,8.584053377814846044e+02
1.432335279399499655e+02,1.999999907999859425e-09,1.000000000000000178e+01,3.186030877616172674e-05,1.432335279399499541e+03,8.594011676396999064e+02
1.433994995829858397e+02,1.999999907999860252e-09,1.000000000000000178e+01,3.189748642245972125e-05,1.433994995829858453e+03,8.603969974979150948e+02
1.435654712260216854e+02,1.999999907999860666e-09,1.000000000000000178e+01,3.193466406875771575e-05,1.435654712260216911e+03,8.613928273561301694e+02
1.437314428690575596e+02,1.999999907999861079e-09,1.000000000000000178e+01,3.197184171505571026e-05,1.437314428690575369e+03,8.623886572143453577e+02
1.438974145120934338e+02,1.999999907999861493e-09,1.000000000000000178e+01,3.200901936135370476e-05,1.438974145120934281e+03,8.633844870725606597e+02
1.440633861551292796e+02,1.999999907999861906e-09,1.000000000000000178e+01,3.204619700765169927e-05,1.440633861551292739e+03,8.643803169307757344e+02
1.442293577981651538e+02,1.999999907999862734e-09,1.000000000000000178e+01,3.208337465394969377e-05,1.442293577981651651e+03,8.653761467889910364e+02
1.443953294412009996e+02,1.999999907999863147e-09,1.000000000000000178e+01,3.212055230024768828e-05,1.443953294412010109e+03,8.663719766472059973e+02
1.445613010842368737e+02,1.999999907999863561e-09,1.000000000000000178e+01,3.215772994654568279e-05,1.445613010842368567e+03,8.673678065054211856e+02
1.447272727272727479e+02,1.999999907999863974e-09,1.000000000000000178e+01,3.219490759284368407e-05,1.447272727272727479e+03,8.683636363636364877e+02
1.448932443703085937e+02,1.999999907999864388e-09,1.000000000000000178e+01,3.223208523914167180e-05,1.448932443703085937e+03,8.693594662218515623e+02
1.450592160133444679e+02,1.999999907999864802e-09,1.000000000000000178e+01,3.226926288543967308e-05,1.450592160133444622e+03,8.703552960800668643e+02
1.452251876563803137e+02,1.999999907999865629e-09,1.000000000000000178e+01,3.230644053173766081e-05,1.452251876563803080e+03,8.713511259382819389e+02
1.453911592994161879e+02,1.999999907999866042e-09,1.000000000000000178e+01,3.234361817803566209e-05,1.453911592994161765e+03,8.723469557964972410e+02
1.455571309424520621e+02,1.999999907999866456e-09,1.000000000000000178e+01,3.238079582433365660e-05,1.455571309424520678e+03,8.733427856547124293e+02
1.457231025854879078e+02,1.999999907999866870e-09,1.000000000000000178e+01,3.241797347063164433e-05,1.457231025854879135e+03,8.743386155129273902e+02
1.458890742285237820e+02,1.999999907999867283e-09,1.000000000000000178e+01,3.245515111692964561e-05,1.458890742285237820e+03,8.753344453711426922e+02
1.460550458715596562e+02,1.999999907999868110e-09,1.000000000000000178e+01,3.249232876322764689e-05,1.460550458715596505e+03,8.763302752293579942e+02
1.462210175145955020e+02,1.999999907999868524e-09,1.000000000000000178e+01,3.252950640952563462e-05,1.462210175145954963e+03,8.773261050875730689e+02
1.463869891576313762e+02,1.999999907999868937e-09,1.000000000000000178e+01,3.256668405582362913e-05,1.463869891576313876e+03,8.783219349457882572e+02
1.465529608006672220e+02,1.999999907999869351e-09,1.000000000000000178e+01,3.260386170212162363e-05,1.465529608006672333e+03,8.793177648040034455e+02
1.467189324437030962e+02,1.999999907999869765e-09,1.000000000000000178e+01,3.264103934841961814e-05,1.467189324437030791e+03,8.803135946622185202e+02
1.468849040867389704e+02,1.999999907999870592e-09,1.000000000000000178e+01,3.267821699471761942e-05,1.468849040867389704e+03,8.813094245204338222e+02
1.470508757297748161e+02,1.999999907999871005e-09,1.000000000000000178e+01,3.271539464101560715e-05,1.470508757297748161e+03,8.823052543786488968e+02
1.472168473728106903e+02,1.999999907999871419e-09,1.000000000000000178e+01,3.275257228731360843e-05,1.472168473728106846e+03,8.833010842368641988e+02
1.473828190158465361e+02,1.999999907999871833e-09,1.000000000000000178e+01,3.278974993361159616e-05,1.473828190158465304e+03,8.842969140950792735e+02
1.475487906588824103e+02,1.999999907999872246e-09,1.000000000000000178e+01,3.282692757990959744e-05,1.475487906588823989e+03,8.852927439532945755e+02
1.477147623019182845e+02,1.999999907999872660e-09,1.000000000000000178e+01,3.286410522620759195e-05,1.477147623019182902e+03,8.862885738115097638e+02
1.478807339449541303e+02,1.999999907999873487e-09,1.000000000000000178e+01,3.290128287250558645e-05,1.478807339449541359e+03,8.872844036697247248e+02
1.480467055879900045e+02,1.999999907999873901e-09,1.000000000000000178e+01,3.293846051880358096e-05,1.480467055879900045e+03,8.882802335279400268e+02
1.482126772310258787e+02,1.999999907999874314e-09,1.000000000000000178e+01,3.297563816510157546e-05,1.482126772310258730e+03,8.892760633861553288e+02
1.483786488740617244e+02,1.999999907999874728e-09,1.000000000000000178e+01,3.301281581139956997e-05,1.483786488740617187e+03,8.902718932443704034e+02
1.485446205170975986e+02,1.999999907999875141e-09,1.000000000000000178e+01,3.304999345769756448e-05,1.485446205170975873e+03,8.912677231025855917e+02
1.487105921601334444e+02,1.999999907999875969e-09,1.000000000000000178e+01,3.308717110399555898e-05,1.487105921601334558e+03,8.922635529608007801e+02
1.488765638031693186e+02,1.999999907999876382e-09,1.000000000000000178e+01,3.312434875029355349e-05,1.488765638031693243e+03,8.932593828190159684e+02
1.490425354462051928e+02,1.999999907999876796e-09,1.000000000000000178e+01,3.316152639659155477e-05,1.490425354462051928e+03,8.942552126772311567e+02
1.492085070892410386e+02,1.999999907999877209e-09,1.000000000000000178e+01,3.319870404288954250e-05,1.492085070892410386e+03,8.952510425354462313e+02
1.493744787322769128e+02,1.999999907999877623e-09,1.000000000000000178e+01,3.323588168918754378e-05,1.493744787322769071e+03,8.962468723936615334e+02
1.495404503753127585e+02,1.999999907999878036e-09,1.000000000000000178e+01,3.327305933548553151e-05,1.495404503753127528e+03,8.972427022518766080e+02
1.497064220183486327e+02,1.999999907999878864e-09,1.000000000000000178e+01,3.331023698178353279e-05,1.497064220183486214e+03,8.982385321100917963e+02
1.498723936613845069e+02,1.999999907999879277e-09,1.000000000000000178e+01,3.334741462808152730e-05,1.498723936613845126e+03,8.992343619683069846e+02
1.500383653044203527e+02,1.999999907999879691e-09,1.000000000000000178e+01,3.338459227437952180e-05,1.500383653044203584e+03,9.002301918265220593e+02
1.502043369474562269e+02,1.999999907999880104e-09,1.000000000000000178e+01,3.342176992067751631e-05,1.502043369474562269e+03,9.012260216847373613e+02
1.503703085904921011e+02,1.999999907999880518e-09,1.000000000000000178e+01,3.345894756697551759e-05,1.503703085904920954e+03,9.022218515429526633e+02
1.505362802335279468e+02,1.999999907999881345e-09,1.000000000000000178e+01,3.349612521327350532e-05,1.505362802335279412e+03,9.032176814011677379e+02
1.507022518765638210e+02,1.999999907999881759e-09,1.000000000000000178e+01,3.353330285957150660e-05,1.507022518765638324e+03,9.042135112593829263e+02
1.508682235195996668e+02,1.999999907999882172e-09,1.000000000000000178e+01,3.357048050586949433e-05,1.508682235195996554e+03,9.052093411175980009e+02
1.510341951626355410e+02,1.999999907999882586e-09,1.000000000000000178e+01,3.360765815216749562e-05,1.510341951626355467e+03,9.062051709758133029e+02
1.512001668056714152e+02,1.999999907999883000e-09,1.000000000000000178e+01,3.364483579846549012e-05,1.512001668056714152e+03,9.072010008340284912e+02
1.513661384487072610e+02,1.999999907999883413e-09,1.000000000000000178e+01,3.368201344476347785e-05,1.513661384487072610e+03,9.081968306922435659e+02
1.515321100917431352e+02,1.999999907999884240e-09,1.000000000000000178e+01,3.371919109106147913e-05,1.515321100917431295e+03,9.091926605504588679e+02
1.516980817347789809e+02,1.999999907999884654e-09,1.000000000000000178e+01,3.375636873735946686e-05,1.516980817347789753e+03,9.101884904086739425e+02
1.518640533778148551e+02,1.999999907999885068e-09,1.000000000000000178e+01,3.379354638365746814e-05,1.518640533778148438e+03,9.111843202668891308e+02
1.520300250208507293e+02,1.999999907999885481e-09,1.000000000000000178e+01,3.383072402995546265e-05,1.520300250208507350e+03,9.121801501251043192e+02
1.521959966638865751e+02,1.999999907999885895e-09,1.000000000000000178e+01,3.386790167625345716e-05,1.521959966638865808e+03,9.131759799833195075e+02
1.523619683069224493e+02,1.999999907999886722e-09,1.000000000000000178e+01,3.390507932255145166e-05,1.523619683069224493e+03,9.141718098415346958e+02
1.525279399499583235e+02,1.999999907999887135e-09,1.000000000000000178e+01,3.394225696884944617e-05,1.525279399499583178e+03,9.151676396997499978e+02
1.526939115929941693e+02,1.999999907999887549e-09,1.000000000000000178e+01,3.397943461514744067e-05,1.526939115929941636e+03,9.161634695579650725e+02
1.528598832360300435e+02,1.999999907999887963e-09,1.000000000000000178e+01,3.401661226144543518e-05,1.528598832360300548e+03,9.171592994161803745e+02
1.530258548790658892e+02,1.999999907999888376e-09,1.000000000000000178e+01,3.405378990774342968e-05,1.530258548790658779e+03,9.181551292743953354e+02
1.531918265221017634e+02,1.999999907999888790e-09,1.000000000000000178e+01,3.409096755404142419e-05,1.531918265221017464e+03,9.191509591326105237e+02
1.533577981651376376e+02,1.999999907999889617e-09,1.000000000000000178e+01,3.412814520033942547e-05,1.533577981651376376e+03,9.201467889908258257e+02
1.535237698081734834e+02,1.999999907999890031e-09,1.000000000000000178e+01,3.416532284663741320e-05,1.535237698081734834e+03,9.211426188490409004e+02
1.536897414512093576e+02,1.999999907999890444e-09,1.000000000000000178e+01,3.420250049293541448e-05,1.536897414512093519e+03,9.221384487072562024e+02
1.538557130942452034e+02,1.999999907999890858e-09,1.000000000000000178e+01,3.423967813923340221e-05,1.538557130942451977e+03,9.231342785654712770e+02
1.540216847372810776e+02,1.999999907999891271e-09,1.000000000000000178e+01,3.427685578553140350e-05,1.540216847372810662e+03,9.241301084236864654e+02
1.541876563803169518e+02,1.999999907999892099e-09,1.000000000000000178e+01,3.431403343182939800e-05,1.541876563803169574e+03,9.251259382819016537e+02
1.543536280233527975e+02,1.999999907999892512e-09,1.000000000000000178e+01,3.435121107812739251e-05,1.543536280233528032e+03,9.261217681401168420e+02
1.545195996663886717e+02,1.999999907999892926e-09,1.000000000000000178e+01,3.438838872442538701e-05,1.545195996663886717e+03,9.271175979983320303e+02
1.546855713094245175e+02,1.999999907999893339e-09,1.000000000000000178e+01,3.442556637072338152e-05,1.546855713094245175e+03,9.281134278565471050e+02
1.548515429524603917e+02,1.999999907999893753e-09,1.000000000000000178e+01,3.446274401702137602e-05,1.548515429524603860e+03,9.291092577147624070e+02
1.550175145954962659e+02,1.999999907999894166e-09,1.000000000000000178e+01,3.449992166331937731e-05,1.550175145954962773e+03,9.301050875729777090e+02
1.551834862385321117e+02,1.999999907999894994e-09,1.000000000000000178e+01,3.453709930961736504e-05,1.551834862385321230e+03,9.311009174311926699e+02
1.553494578815679859e+02,1.999999907999895407e-09,1.000000000000000178e+01,3.457427695591536632e-05,1.553494578815679688e+03,9.320967472894078583e+02
1.555154295246038600e+02,1.999999907999895821e-09,1.000000000000000178e+01,3.461145460221336082e-05,1.555154295246038600e+03,9.330925771476231603e+02
1.556814011676397058e+02,1.999999907999896234e-09,1.000000000000000178e+01,3.464863224851135533e-05,1.556814011676397058e+03,9.340884070058382349e+02
1.558473728106755800e+02,1.999999907999896648e-09,1.000000000000000178e+01,3.468580989480934984e-05,1.558473728106755743e+03,9.350842368640535369e+02
1.560133444537114258e+02,1.999999907999897475e-09,1.000000000000000178e+01,3.472298754110733756e-05,1.560133444537114201e+03,9.360800667222686116e+02
1.561793160967473000e+02,1.999999907999897889e-09,1.000000000000000178e+01,3.476016518740533885e-05,1.561793160967472886e+03,9.370758965804839136e+02
1.563452877397831742e+02,1.999999907999898302e-09,1.000000000000000178e+01,3.479734283370333335e-05,1.563452877397831799e+03,9.380717264386991019e+02
1.565112593828190199e+02,1.999999907999898716e-09,1.000000000000000178e+01,3.483452048000132786e-05,1.565112593828190256e+03,9.390675562969140628e+02
1.566772310258548941e+02,1.999999907999899130e-09,1.000000000000000178e+01,3.487169812629932236e-05,1.566772310258548941e+03,9.400633861551293649e+02
1.568432026688907399e+02,1.999999907999899543e-09,1.000000000000000178e+01,3.490887577259731687e-05,1.568432026688907399e+03,9.410592160133444395e+02
1.570091743119266141e+02,1.999999907999900370e-09,1.000000000000000178e+01,3.494605341889531138e-05,1.570091743119266084e+03,9.420550458715597415e+02
1.571751459549624883e+02,1.999999907999900784e-09,1.000000000000000178e+01,3.498323106519330588e-05,1.571751459549624769e+03,9.430508757297749298e+02
1.573411175979983341e+02,1.999999907999901198e-09,1.000000000000000178e+01,3.502040871149130039e-05,1.573411175979983454e+03,9.440467055879900045e+02
1.575070892410342083e+02,1.999999907999901611e-09,1.000000000000000178e+01,3.505758635778929489e-05,1.575070892410342140e+03,9.450425354462053065e+02
1.576730608840700825e+02,1.999999907999902025e-09,1.000000000000000178e+01,3.509476400408729617e-05,1.576730608840700825e+03,9.460383653044204948e+02
1.578390325271059282e+02,1.999999907999902852e-09,1.000000000000000178e+01,3.513194165038528390e-05,1.578390325271059282e+03,9.470341951626355694e+02
1.580050041701418024e+02,1.999999907999903265e-09,1.000000000000000178e+01,3.516911929668328519e-05,1.580050041701417967e+03,9.480300250208508714e+02
1.581709758131776482e+02,1.999999907999903679e-09,1.000000000000000178e+01,3.520629694298127292e-05,1.581709758131776425e+03,9.490258548790659461e+02
1.583369474562135224e+02,1.999999907999904093e-09,1.000000000000000178e+01,3.524347458927927420e-05,1.583369474562135110e+03,9.500216847372811344e+02
1.585029190992493966e+02,1.999999907999904506e-09,1.000000000000000178e+01,3.528065223557727548e-05,1.585029190992494023e+03,9.510175145954964364e+02
1.586688907422852424e+02,1.999999907999905333e-09,1.000000000000000178e+01,3.531782988187526321e-05,1.586688907422852481e+03,9.520133444537115111e+02
1.588348623853211166e+02,1.999999907999905747e-09,1.000000000000000178e+01,3.535500752817325772e-05,1.588348623853211166e+03,9.530091743119266994e+02
1.590008340283569623e+02,1.999999907999906161e-09,1.000000000000000178e+01,3.539218517447125222e-05,1.590008340283569623e+03,9.540050041701417740e+02
1.591668056713928365e+02,1.999999907999906574e-09,1.000000000000000178e+01,3.542936282076924673e-05,1.591668056713928308e+03,9.550008340283570760e+02
1.593327773144287107e+02,1.999999907999906988e-09,1.000000000000000178e+01,3.546654046706724801e-05,1.593327773144287221e+03,9.559966638865722643e+02
1.594987489574645565e+02,1.999999907999907401e-09,1.000000000000000178e+01,3.550371811336523574e-05,1.594987489574645679e+03,9.569924937447873390e+02
1.596647206005004307e+02,1.999999907999908229e-09,1.000000000000000178e+01,3.554089575966323702e-05,1.596647206005004364e+03,9.579883236030026410e+02
1.598306922435363049e+02,1.999999907999908642e-09,1.000000000000000178e+01,3.557807340596123153e-05,1.598306922435363049e+03,9.589841534612178293e+02
1.599966638865721507e+02,1.999999907999909056e-09,1.000000000000000178e+01,3.561525105225922603e-05,1.599966638865721507e+03,9.599799833194329040e+02
1.601626355296080249e+02,1.999999907999909469e-09,1.000000000000000178e+01,3.565242869855722054e-05,1.601626355296080192e+03,9.609758131776482060e+02
1.603286071726438706e+02,1.999999907999909883e-09,1.000000000000000178e+01,3.568960634485521504e-05,1.603286071726438649e+03,9.619716430358632806e+02
1.604945788156797448e+02,1.999999907999910710e-09,1.000000000000000178e+01,3.572678399115320955e-05,1.604945788156797335e+03,9.629674728940784689e+02
1.606605504587156190e+02,1.999999907999911124e-09,1.000000000000000178e+01,3.576396163745120405e-05,1.606605504587156247e+03,9.639633027522936572e+02
1.608265221017514648e+02,1.999999907999911537e-09,1.000000000000000178e+01,3.580113928374919856e-05,1.608265221017514705e+03,9.649591326105088456e+02
1.609924937447873390e+02,1.999999907999911951e-09,1.000000000000000178e+01,3.583831693004719307e-05,1.609924937447873390e+03,9.659549624687240339e+02
1.611584653878231848e+02,1.999999907999912364e-09,1.000000000000000178e+01,3.587549457634518757e-05,1.611584653878231848e+03,9.669507923269391085e+02
1.613244370308590590e+02,1.999999907999912778e-09,1.000000000000000178e+01,3.591267222264318208e-05,1.613244370308590533e+03,9.679466221851544105e+02
1.614904086738949331e+02,1.999999907999913605e-09,1.000000000000000178e+01,3.594984986894118336e-05,1.614904086738949445e+03,9.689424520433695989e+02
1.616563803169307789e+02,1.999999907999914019e-09,1.000000000000000178e+01,3.598702751523917109e-05,1.616563803169307675e+03,9.699382819015846735e+02
1.618223519599666531e+02,1.999999907999914432e-09,1.000000000000000178e+01,3.602420516153717237e-05,1.618223519599666588e+03,9.709341117597999755e+02
1.619883236030025273e+02,1.999999907999914846e-09,1.000000000000000178e+01,3.606138280783516688e-05,1.619883236030025273e+03,9.719299416180151638e+02
1.621542952460383731e+02,1.999999907999915260e-09,1.000000000000000178e+01,3.609856045413315461e-05,1.621542952460383731e+03,9.729257714762302385e+02
1.623202668890742473e+02,1.999999907999916087e-09,1.000000000000000178e+01,3.613573810043115589e-05,1.623202668890742416e+03,9.739216013344455405e+02
1.624862385321100930e+02,1.999999907999916500e-09,1.000000000000000178e+01,3.617291574672914362e-05,1.624862385321100874e+03,9.749174311926606151e+02
1.626522101751459672e+02,1.999999907999916914e-09,1.000000000000000178e+01,3.621009339302714490e-05,1.626522101751459559e+03,9.759132610508758034e+02
1.628181818181818414e+02,1.999999907999917328e-09,1.000000000000000178e+01,3.624727103932514618e-05,1.628181818181818471e+03,9.769090909090909918e+02
1.629841534612176872e+02,1.999999907999917741e-09,1.000000000000000178e+01,3.628444868562313391e-05,1.629841534612176929e+03,9.779049207673061801e+02
1.631501251042535614e+02,1.999999907999918155e-09,1.000000000000000178e+01,3.632162633192113519e-05,1.631501251042535614e+03,9.789007506255213684e+02
1.633160967472894072e+02,1.999999907999918982e-09,1.000000000000000178e+01,3.635880397821912292e-05,1.633160967472894072e+03,9.798965804837364431e+02
1.634820683903252814e+02,1.999999907999919395e-09,1.000000000000000178e+01,3.639598162451711743e-05,1.634820683903252757e+03,9.808924103419517451e+02
1.636480400333611556e+02,1.999999907999919809e-09,1.000000000000000178e+01,3.643315927081511871e-05,1.636480400333611669e+03,9.818882402001669334e+02
1.638140116763970013e+02,1.999999907999920223e-09,1.000000000000000178e+01,3.647033691711310644e-05,1.638140116763970127e+03,9.828840700583820080e+02
1.639799833194328755e+02,1.999999907999920636e-09,1.000000000000000178e+01,3.650751456341110772e-05,1.639799833194328585e+03,9.838798999165971964e+02
1.641459549624687497e+02,1.999999907999921463e-09,1.000000000000000178e+01,3.654469220970910223e-05,1.641459549624687497e+03,9.848757297748124984e+02
1.643119266055045955e+02,1.999999907999921877e-09,1.000000000000000178e+01,3.658186985600709673e-05,1.643119266055045955e+03,9.858715596330275730e+02
1.644778982485404697e+02,1.999999907999922291e-09,1.000000000000000178e+01,3.661904750230509124e-05,1.644778982485404640e+03,9.868673894912428750e+02
1.646438698915763155e+02,1.999999907999922704e-09,1.000000000000000178e+01,3.665622514860308575e-05,1.646438698915763098e+03,9.878632193494579496e+02
1.648098415346121897e+02,1.999999907999923118e-09,1.000000000000000178e+01,3.669340279490108025e-05,1.648098415346121783e+03,9.888590492076731380e+02
1.649758131776480639e+02,1.999999907999923531e-09,1.000000000000000178e+01,3.673058044119907476e-05,1.649758131776480695e+03,9.898548790658884400e+02
1.651417848206839096e+02,1.999999907999924359e-09,1.000000000000000178e+01,3.676775808749706926e-05,1.651417848206839153e+03,9.908507089241034009e+02
1.653077564637197838e+02,1.999999907999924772e-09,1.000000000000000178e+01,3.680493573379506377e-05,1.653077564637197838e+03,9.918465387823187029e+02
1.654737281067556296e+02,1.999999907999925186e-09,1.000000000000000178e+01,3.684211338009305827e-05,1.654737281067556296e+03,9.928423686405337776e+02
1.656396997497915038e+02,1.999999907999925599e-09,1.000000000000000178e+01,3.687929102639105278e-05,1.656396997497914981e+03,9.938381984987490796e+02
1.658056713928273780e+02,1.999999907999926013e-09,1.000000000000000178e+01,3.691646867268905406e-05,1.658056713928273666e+03,9.948340283569642679e+02
1.659716430358632238e+02,1.999999907999926840e-09,1.000000000000000178e+01,3.695364631898704179e-05,1.659716430358632351e+03,9.958298582151793426e+02
1.661376146788990980e+02,1.999999907999927254e-09,1.000000000000000178e+01,3.699082396528504307e-05,1.661376146788991036e+03,9.968256880733945309e+02
1.663035863219349437e+02,1.999999907999927667e-09,1.000000000000000178e+01,3.702800161158303080e-05,1.663035863219349494e+03,9.978215179316097192e+02
1.664695579649708179e+02,1.999999907999928081e-09,1.000000000000000178e+01,3.706517925788103209e-05,1.664695579649708179e+03,9.988173477898249075e+02
1.666355296080066921e+02,1.999999907999928494e-09,1.000000000000000178e+01,3.710235690417902659e-05,1.666355296080066864e+03,9.998131776480402095e+02
1.668015012510425379e+02,1.999999907999928908e-09,1.000000000000000178e+01,3.713953455047702110e-05,1.668015012510425322e+03,1.000809007506255284e+03
1.669674728940784121e+02,1.999999907999929735e-09,1.000000000000000178e+01,3.717671219677501560e-05,1.669674728940784007e+03,1.001804837364470472e+03
1.671334445371142863e+02,1.999999907999930149e-09,1.000000000000000178e+01,3.721388984307301688e-05,1.671334445371142920e+03,1.002800667222685775e+03
1.672994161801501320e+02,1.999999907999930562e-09,1.000000000000000178e+01,3.725106748937100461e-05,1.672994161801501377e+03,1.003796497080900735e+03
1.674653878231860062e+02,1.999999907999930976e-09,1.000000000000000178e+01,3.728824513566900590e-05,1.674653878231860062e+03,1.004792326939116037e+03
1.676313594662218520e+02,1.999999907999931390e-09,1.000000000000000178e+01,3.732542278196699363e-05,1.676313594662218520e+03,1.005788156797331112e+03
1.677973311092577262e+02,1.999999907999932217e-09,1.000000000000000178e+01,3.736260042826499491e-05,1.677973311092577205e+03,1.006783986655546414e+03
1.679633027522936004e+02,1.999999907999932630e-09,1.000000000000000178e+01,3.739977807456298941e-05,1.679633027522935890e+03,1.007779816513761602e+03
1.681292743953294462e+02,1.999999907999933044e-09,1.000000000000000178e+01,3.743695572086098392e-05,1.681292743953294575e+03,1.008775646371976677e+03
1.682952460383653204e+02,1.999999907999933458e-09,1.000000000000000178e+01,3.747413336715897843e-05,1.682952460383653261e+03,1.009771476230191979e+03
1.684612176814011661e+02,1.999999907999933871e-09,1.000000000000000178e+01,3.751131101345696615e-05,1.684612176814011491e+03,1.010767306088406940e+03
1.686271893244370403e+02,1.999999907999934285e-09,1.000000000000000178e+01,3.754848865975496744e-05,1.686271893244370403e+03,1.011763135946622242e+03
1.687931609674729145e+02,1.999999907999935112e-09,1.000000000000000178e+01,3.758566630605296194e-05,1.687931609674729089e+03,1.012758965804837544e+03
1.689591326105087603e+02,1.999999907999935526e-09,1.000000000000000178e+01,3.762284395235095645e-05,1.689591326105087546e+03,1.013754795663052619e+03
1.691251042535446345e+02,1.999999907999935939e-09,1.000000000000000178e+01,3.766002159864895095e-05,1.691251042535446231e+03,1.014750625521267807e+03
1.692910758965805087e+02,1.999999907999936353e-09,1.000000000000000178e+01,3.769719924494695224e-05,1.692910758965805144e+03,1.015746455379483109e+03
1.694570475396163545e+02,1.999999907999936766e-09,1.000000000000000178e+01,3.773437689124493997e-05,1.694570475396163602e+03,1.016742285237698184e+03
1.696230191826522287e+02,1.999999907999937593e-09,1.000000000000000178e+01,3.777155453754293447e-05,1.696230191826522287e+03,1.017738115095913372e+03
1.697889908256880744e+02,1.999999907999938007e-09,1.000000000000000178e+01,3.780873218384092898e-05,1.697889908256880744e+03,1.018733944954128447e+03
1.699549624687239486e+02,1.999999907999938421e-09,1.000000000000000178e+01,3.784590983013892348e-05,1.699549624687239429e+03,1.019729774812343749e+03
1.701209341117598228e+02,1.999999907999938834e-09,1.000000000000000178e+01,3.788308747643692476e-05,1.701209341117598342e+03,1.020725604670558937e+03
1.702869057547956686e+02,1.999999907999939248e-09,1.000000000000000178e+01,3.792026512273491249e-05,1.702869057547956800e+03,1.021721434528774012e+03
1.704528773978315428e+02,1.999999907999940075e-09,1.000000000000000178e+01,3.795744276903291378e-05,1.704528773978315485e+03,1.022717264386989314e+03
1.706188490408673886e+02,1.999999907999940489e-09,1.000000000000000178e+01,3.799462041533090151e-05,1.706188490408673943e+03,1.023713094245204275e+03
1.707848206839032628e+02,1.999999907999940902e-09,1.000000000000000178e+01,3.803179806162890279e-05,1.707848206839032628e+03,1.024708924103419577e+03
1.709507923269391370e+02,1.999999907999941316e-09,1.000000000000000178e+01,3.806897570792689729e-05,1.709507923269391313e+03,1.025704753961634879e+03
1.711167639699749827e+02,1.999999907999941729e-09,1.000000000000000178e+01,3.810615335422489180e-05,1.711167639699749770e+03,1.026700583819849953e+03
1.712827356130108569e+02,1.999999907999942143e-09,1.000000000000000178e+01,3.814333100052288631e-05,1.712827356130108456e+03,1.027696413678065255e+03
1.714487072560467311e+02,1.999999907999942970e-09,1.000000000000000178e+01,3.818050864682088759e-05,1.714487072560467368e+03,1.028692243536280330e+03
1.716146788990825769e+02,1.999999907999943384e-09,1.000000000000000178e+01,3.821768629311887532e-05,1.716146788990825826e+03,1.029688073394495405e+03
1.717806505421184511e+02,1.999999907999943797e-09,1.000000000000000178e+01,3.825486393941687660e-05,1.717806505421184511e+03,1.030683903252710707e+03
1.719466221851542969e+02,1.999999907999944211e-09,1.000000000000000178e+01,3.829204158571486433e-05,1.719466221851542969e+03,1.031679733110925781e+03
1.721125938281901711e+02,1.999999907999944625e-09,1.000000000000000178e+01,3.832921923201286561e-05,1.721125938281901654e+03,1.032675562969141083e+03
1.722785654712260452e+02,1.999999907999945452e-09,1.000000000000000178e+01,3.836639687831086012e-05,1.722785654712260566e+03,1.033671392827356385e+03
1.724445371142618910e+02,1.999999907999945865e-09,1.000000000000000178e+01,3.840357452460885462e-05,1.724445371142619024e+03,1.034667222685571460e+03
1.726105087572977652e+02,1.999999907999946279e-09,1.000000000000000178e+01,3.844075217090684913e-05,1.726105087572977709e+03,1.035663052543786534e+03
1.727764804003336110e+02,1.999999907999946692e-09,1.000000000000000178e+01,3.847792981720484363e-05,1.727764804003336167e+03,1.036658882402001609e+03
1.729424520433694852e+02,1.999999907999947106e-09,1.000000000000000178e+01,3.851510746350283814e-05,1.729424520433694852e+03,1.037654712260216911e+03
1.731084236864053594e+02,1.999999907999947520e-09,1.000000000000000178e+01,3.855228510980083264e-05,1.731084236864053537e+03,1.038650542118432213e+03
1.732743953294412051e+02,1.999999907999948347e-09,1.000000000000000178e+01,3.858946275609882715e-05,1.732743953294411995e+03,1.039646371976647288e+03
1.734403669724770793e+02,1.999999907999948760e-09,1.000000000000000178e+01,3.862664040239682166e-05,1.734403669724770680e+03,1.040642201834862590e+03
1.736063386155129535e+02,1.999999907999949174e-09,1.000000000000000178e+01,3.866381804869482294e-05,1.736063386155129592e+03,1.041638031693077664e+03
1.737723102585487993e+02,1.999999907999949588e-09,1.000000000000000178e+01,3.870099569499281067e-05,1.737723102585488050e+03,1.042633861551292739e+03
1.739382819015846735e+02,1.999999907999950001e-09,1.000000000000000178e+01,3.873817334129081195e-05,1.739382819015846735e+03,1.043629691409508041e+03
1.741042535446205193e+02,1.999999907999950828e-09,1.000000000000000178e+01,3.877535098758879968e-05,1.741042535446205193e+03,1.044625521267723116e+03
1.742702251876563935e+02,1.999999907999951242e-09,1.000000000000000178e+01,3.881252863388680096e-05,1.742702251876563878e+03,1.045621351125938418e+03
1.744361968306922677e+02,1.999999907999951656e-09,1.000000000000000178e+01,3.884970628018479547e-05,1.744361968306922563e+03,1.046617180984153492e+03
1.746021684737281134e+02,1.999999907999952069e-09,1.000000000000000178e+01,3.888688392648278320e-05,1.746021684737281021e+03,1.047613010842368567e+03
1.747681401167639876e+02,1.999999907999952483e-09,1.000000000000000178e+01,3.892406157278078448e-05,1.747681401167639933e+03,1.048608840700583869e+03
1.749341117597998334e+02,1.999999907999952896e-09,1.000000000000000178e+01,3.896123921907877221e-05,1.749341117597998391e+03,1.049604670558798944e+03
1.751000834028357076e+02,1.999999907999953723e-09,1.000000000000000178e+01,3.899841686537677349e-05,1.751000834028357076e+03,1.050600500417014246e+03
1.752660550458715818e+02,1.999999907999954137e-09,1.000000000000000178e+01,3.903559451167476800e-05,1.752660550458715761e+03,1.051596330275229548e+03
1.754320266889074276e+02,1.999999907999954551e-09,1.000000000000000178e+01,3.907277215797276250e-05,1.754320266889074219e+03,1.052592160133444622e+03
1.755979983319433018e+02,1.999999907999954964e-09,1.000000000000000178e+01,3.910994980427075701e-05,1.755979983319432904e+03,1.053587989991659924e+03
1.757639699749791475e+02,1.999999907999955378e-09,1.000000000000000178e+01,3.914712745056875151e-05,1.757639699749791362e+03,1.054583819849874999e+03
1.759299416180150217e+02,1.999999907999956205e-09,1.000000000000000178e+01,3.918430509686674602e-05,1.759299416180150274e+03,1.055579649708090074e+03
1.760959132610508959e+02,1.999999907999956619e-09,1.000000000000000178e+01,3.922148274316474730e-05,1.760959132610508959e+03,1.056575479566305376e+03
1.762618849040867417e+02,1.999999907999957032e-09,1.000000000000000178e+01,3.925866038946273503e-05,1.762618849040867417e+03,1.057571309424520450e+03
1.764278565471226159e+02,1.999999907999957446e-09,1.000000000000000178e+01,3.929583803576073631e-05,1.764278565471226102e+03,1.058567139282735752e+03
1.765938281901584901e+02,1.999999907999957859e-09,1.000000000000000178e+01,3.933301568205873082e-05,1.765938281901585015e+03,1.059562969140951054e+03
1.767597998331943359e+02,1.999999907999958273e-09,1.000000000000000178e+01,3.937019332835672532e-05,1.767597998331943472e+03,1.060558798999166129e+03
1.769257714762302101e+02,1.999999907999959100e-09,1.000000000000000178e+01,3.940737097465471983e-05,1.769257714762302157e+03,1.061554628857381203e+03
1.770917431192660558e+02,1.999999907999959514e-09,1.000000000000000178e+01,3.944454862095271434e-05,1.770917431192660615e+03,1.062550458715596278e+03
1.772577147623019300e+02,1.999999907999959927e-09,1.000000000000000178e+01,3.948172626725070884e-05,1.772577147623019300e+03,1.063546288573811580e+03
1.774236864053378042e+02,1.999999907999960341e-09,1.000000000000000178e+01,3.951890391354870335e-05,1.774236864053377985e+03,1.064542118432026882e+03
1.775896580483736500e+02,1.999999907999960755e-09,1.000000000000000178e+01,3.955608155984669785e-05,1.775896580483736443e+03,1.065537948290241957e+03
1.777556296914095242e+02,1.999999907999961582e-09,1.000000000000000178e+01,3.959325920614469236e-05,1.777556296914095128e+03,1.066533778148457259e+03
1.779216013344453700e+02,1.999999907999961995e-09,1.000000000000000178e+01,3.963043685244268686e-05,1.779216013344453586e+03,1.067529608006672333e+03
1.780875729774812442e+02,1.999999907999962409e-09,1.000000000000000178e+01,3.966761449874068137e-05,1.780875729774812498e+03,1.068525437864887408e+03
1.782535446205171183e+02,1.999999907999962822e-09,1.000000000000000178e+01,3.970479214503868265e-05,1.782535446205171183e+03,1.069521267723102710e+03
1.784195162635529641e+02,1.999999907999963236e-09,1.000000000000000178e+01,3.974196979133667038e-05,1.784195162635529641e+03,1.070517097581317785e+03
1.785854879065888383e+02,1.999999907999963650e-09,1.000000000000000178e+01,3.977914743763467166e-05,1.785854879065888326e+03,1.071512927439533087e+03
1.787514595496247125e+02,1.999999907999964477e-09,1.000000000000000178e+01,3.981632508393266617e-05,1.787514595496247011e+03,1.072508757297748161e+03
1.789174311926605583e+02,1.999999907999964890e-09,1.000000000000000178e+01,3.985350273023066068e-05,1.789174311926605469e+03,1.073504587155963236e+03
1.790834028356964325e+02,1.999999907999965304e-09,1.000000000000000178e+01,3.989068037652865518e-05,1.790834028356964382e+03,1.074500417014178538e+03
1.792493744787322782e+02,1.999999907999965718e-09,1.000000000000000178e+01,3.992785802282664969e-05,1.792493744787322839e+03,1.075496246872393613e+03
1.794153461217681524e+02,1.999999907999966131e-09,1.000000000000000178e+01,3.996503566912464419e-05,1.794153461217681524e+03,1.076492076730608915e+03
1.795813177648040266e+02,1.999999907999966958e-09,1.000000000000000178e+01,4.000221331542264547e-05,1.795813177648040210e+03,1.077487906588824217e+03
1.797472894078398724e+02,1.999999907999967372e-09,1.000000000000000178e+01,4.003939096172063320e-05,1.797472894078398667e+03,1.078483736447039291e+03
1.799132610508757466e+02,1.999999907999967786e-09,1.000000000000000178e+01,4.007656860801863449e-05,1.799132610508757352e+03,1.079479566305254593e+03
1.800792326939115924e+02,1.999999907999968199e-09,1.000000000000000178e+01,4.011374625431662222e-05,1.800792326939115810e+03,1.080475396163469668e+03
1.802452043369474666e+02,1.999999907999968613e-09,1.000000000000000178e+01,4.015092390061461672e-05,1.802452043369474723e+03,1.081471226021684743e+03
1.804111759799833408e+02,1.999999907999969026e-09,1.000000000000000178e+01,4.018810154691261800e-05,1.804111759799833408e+03,1.082467055879900045e+03
1.805771476230191865e+02,1.999999907999969854e-09,1.000000000000000178e+01,4.022527919321060573e-05,1.805771476230191865e+03,1.083462885738115119e+03
1.807431192660550607e+02,1.999999907999970267e-09,1.000000000000000178e+01,4.026245683950860701e-05,1.807431192660550550e+03,1.084458715596330421e+03
1.809090909090909349e+02,1.999999907999970681e-09,1.000000000000000178e+01,4.029963448580660152e-05,1.809090909090909463e+03,1.085454545454545723e+03
1.810750625521267807e+02,1.999999907999971094e-09,1.000000000000000178e+01,4.033681213210459603e-05,1.810750625521267921e+03,1.086450375312760798e+03
1.812410341951626549e+02,1.999999907999971508e-09,1.000000000000000178e+01,4.037398977840259053e-05,1.812410341951626606e+03,1.087446205170975873e+03
1.814070058381985007e+02,1.999999907999972335e-09,1.000000000000000178e+01,4.041116742470058504e-05,1.814070058381985064e+03,1.088442035029190947e+03
1.815729774812343749e+02,1.999999907999972749e-09,1.000000000000000178e+01,4.044834507099857954e-05,1.815729774812343749e+03,1.089437864887406249e+03
1.817389491242702491e+02,1.999999907999973162e-09,1.000000000000000178e+01,4.048552271729657405e-05,1.817389491242702434e+03,1.090433694745621551e+03
1.819049207673060948e+02,1.999999907999973576e-09,1.000000000000000178e+01,4.052270036359456856e-05,1.819049207673060891e+03,1.091429524603836626e+03
1.820708924103419690e+02,1.999999907999973989e-09,1.000000000000000178e+01,4.055987800989256306e-05,1.820708924103419577e+03,1.092425354462051928e+03
1.822368640533778148e+02,1.999999907999974817e-09,1.000000000000000178e+01,4.059705565619055757e-05,1.822368640533778034e+03,1.093421184320267002e+03
1.824028356964136890e+02,1.999999907999975230e-09,1.000000000000000178e+01,4.063423330248855207e-05,1.824028356964136947e+03,1.094417014178482077e+03
1.825688073394495632e+02,1.999999907999975644e-09,1.000000000000000178e+01,4.067141094878655335e-05,1.825688073394495632e+03,1.095412844036697379e+03
1.827347789824854090e+02,1.999999907999976057e-09,1.000000000000000178e+01,4.070858859508454108e-05,1.827347789824854090e+03,1.096408673894912454e+03
1.829007506255212832e+02,1.999999907999976471e-09,1.000000000000000178e+01,4.074576624138254237e-05,1.829007506255212775e+03,1.097404503753127756e+03
1.830667222685571573e+02,1.999999907999976885e-09,1.000000000000000178e+01,4.078294388768053687e-05,1.830667222685571460e+03,1.098400333611342830e+03
1.832326939115930031e+02,1.999999907999977712e-09,1.000000000000000178e+01,4.082012153397853138e-05,1.832326939115929918e+03,1.099396163469557905e+03
1.833986655546288773e+02,1.999999907999978125e-09,1.000000000000000178e+01,4.085729918027652588e-05,1.833986655546288830e+03,1.100391993327773207e+03
1.835646371976647231e+02,1.999999907999978539e-09,1.000000000000000178e+01,4.089447682657452039e-05,1.835646371976647288e+03,1.101387823185988282e+03
1.837306088407005973e+02,1.999999907999978952e-09,1.000000000000000178e+01,4.093165447287251489e-05,1.837306088407005973e+03,1.102383653044203584e+03
1.838965804837364715e+02,1.999999907999979366e-09,1.000000000000000178e+01,4.096883211917051618e-05,1.838965804837364658e+03,1.103379482902418886e+03
1.840625521267723173e+02,1.999999907999980193e-09,1.000000000000000178e+01,4.100600976546850391e-05,1.840625521267723116e+03,1.104375312760633960e+03
1.842285237698081914e+02,1.999999907999980607e-09,1.000000000000000178e+01,4.104318741176650519e-05,1.842285237698081801e+03,1.105371142618849262e+03
1.843944954128440372e+02,1.999999907999981020e-09,1.000000000000000178e+01,4.108036505806449292e-05,1.843944954128440259e+03,1.106366972477064337e+03
1.845604670558799114e+02,1.999999907999981434e-09,1.000000000000000178e+01,4.111754270436249420e-05,1.845604670558799171e+03,1.107362802335279412e+03
1.847264386989157856e+02,1.999999907999981848e-09,1.000000000000000178e+01,4.115472035066048871e-05,1.847264386989157856e+03,1.108358632193494714e+03
1.848924103419516314e+02,1.999999907999982261e-09,1.000000000000000178e+01,4.119189799695847644e-05,1.848924103419516314e+03,1.109354462051709788e+03
1.850583819849875056e+02,1.999999907999983088e-09,1.000000000000000178e+01,4.122907564325647772e-05,1.850583819849874999e+03,1.110350291909925090e+03
1.852243536280233798e+02,1.999999907999983502e-09,1.000000000000000178e+01,4.126625328955447222e-05,1.852243536280233911e+03,1.111346121768140392e+03
1.853903252710592255e+02,1.999999907999983916e-09,1.000000000000000178e+01,4.130343093585246673e-05,1.853903252710592369e+03,1.112341951626355467e+03
1.855562969140950997e+02,1.999999907999984329e-09,1.000000000000000178e+01,4.134060858215046123e-05,1.855562969140951054e+03,1.113337781484570542e+03
1.857222685571309455e+02,1.999999907999984743e-09,1.000000000000000178e+01,4.137778622844845574e-05,1.857222685571309512e+03,1.114333611342785616e+03
1.858882402001668197e+02,1.999999907999985570e-09,1.000000000000000178e+01,4.141496387474645025e-05,1.858882402001668197e+03,1.115329441201000918e+03
1.860542118432026939e+02,1.999999907999985984e-09,1.000000000000000178e+01,4.145214152104445153e-05,1.860542118432026882e+03,1.116325271059216220e+03
1.862201834862385397e+02,1.999999907999986397e-09,1.000000000000000178e+01,4.148931916734243926e-05,1.862201834862385340e+03,1.117321100917431295e+03
1.863861551292744139e+02,1.999999907999986811e-09,1.000000000000000178e+01,4.152649681364044054e-05,1.863861551292744025e+03,1.118316930775646597e+03
1.865521267723102596e+02,1.999999907999987224e-09,1.000000000000000178e+01,4.156367445993842827e-05,1.865521267723102483e+03,1.119312760633861672e+03
1.867180984153461338e+02,1.999999907999987638e-09,1.000000000000000178e+01,4.160085210623642277e-05,1.867180984153461395e+03,1.120308590492076746e+03
1.868840700583820080e+02,1.999999907999988465e-09,1.000000000000000178e+01,4.163802975253442406e-05,1.868840700583820080e+03,1.121304420350292048e+03
1.870500417014178538e+02,1.999999907999988879e-09,1.000000000000000178e+01,4.167520739883241179e-05,1.870500417014178538e+03,1.122300250208507123e+03
1.872160133444537280e+02,1.999999907999989292e-09,1.000000000000000178e+01,4.171238504513041307e-05,1.872160133444537223e+03,1.123296080066722425e+03
1.873819849874895738e+02,1.999999907999989706e-09,1.000000000000000178e+01,4.174956269142840080e-05,1.873819849874895681e+03,1.124291909924937499e+03
1.875479566305254480e+02,1.999999907999990119e-09,1.000000000000000178e+01,4.178674033772640208e-05,1.875479566305254593e+03,1.125287739783152574e+03
1.877139282735613222e+02,1.999999907999990947e-09,1.000000000000000178e+01,4.182391798402439659e-05,1.877139282735613278e+03,1.126283569641367876e+03
1.878798999165971679e+02,1.999999907999991360e-09,1.000000000000000178e+01,4.186109563032239109e-05,1.878798999165971736e+03,1.127279399499582951e+03
1.880458715596330421e+02,1.999999907999991774e-09,1.000000000000000178e+01,4.189827327662038560e-05,1.880458715596330421e+03,1.128275229357798253e+03
1.882118432026689163e+02,1.999999907999992187e-09,1.000000000000000178e+01,4.193545092291838688e-05,1.882118432026689106e+03,1.129271059216013555e+03
1.883778148457047621e+02,1.999999907999992601e-09,1.000000000000000178e+01,4.197262856921637461e-05,1.883778148457047564e+03,1.130266889074228629e+03
1.885437864887406363e+02,1.999999907999993015e-09,1.000000000000000178e+01,4.200980621551437589e-05,1.885437864887406249e+03,1.131262718932443931e+03
1.887097581317764821e+02,1.999999907999993842e-09,1.000000000000000178e+01,4.204698386181236362e-05,1.887097581317764707e+03,1.132258548790659006e+03
1.888757297748123563e+02,1.999999907999994255e-09,1.000000000000000178e+01,4.208416150811036490e-05,1.888757297748123619e+03,1.133254378648874081e+03
1.890417014178482304e+02,1.999999907999994669e-09,1.000000000000000178e+01,4.212133915440835941e-05,1.890417014178482304e+03,1.134250208507089383e+03
1.892076730608840762e+02,1.999999907999995083e-09,1.000000000000000178e+01,4.215851680070635391e-05,1.892076730608840762e+03,1.135246038365304457e+03
1.893736447039199504e+02,1.999999907999995496e-09,1.000000000000000178e+01,4.219569444700434842e-05,1.893736447039199447e+03,1.136241868223519759e+03
1.895396163469557962e+02,1.999999907999996323e-09,1.000000000000000178e+01,4.223287209330234293e-05,1.895396163469557905e+03,1.137237698081734834e+03
1.897055879899916704e+02,1.999999907999996737e-09,1.000000000000000178e+01,4.227004973960033743e-05,1.897055879899916590e+03,1.138233527939949909e+03
1.898715596330275446e+02,1.999999907999997150e-09,1.000000000000000178e+01,4.230722738589833194e-05,1.898715596330275503e+03,1.139229357798165211e+03
1.900375312760633904e+02,1.999999907999997564e-09,1.000000000000000178e+01,4.234440503219632644e-05,1.900375312760633960e+03,1.140225187656380285e+03
1.902035029190992645e+02,1.999999907999997978e-09,1.000000000000000178e+01,4.238158267849432095e-05,1.902035029190992645e+03,1.141221017514595587e+03
1.903694745621351387e+02,1.999999907999998391e-09,1.000000000000000178e+01,4.241876032479232223e-05,1.903694745621351331e+03,1.142216847372810889e+03
1.905354462051709845e+02,1.999999907999999218e-09,1.000000000000000178e+01,4.245593797109030996e-05,1.905354462051709788e+03,1.143212677231025964e+03
1.907014178482068587e+02,1.999999907999999632e-09,1.000000000000000178e+01,4.249311561738831124e-05,1.907014178482068473e+03,1.144208507089241266e+03
1.908673894912427045e+02,1.999999908000000046e-09,1.000000000000000178e+01,4.253029326368629897e-05,1.908673894912426931e+03,1.145204336947456341e+03
1.910333611342785787e+02,1.999999908000000459e-09,1.000000000000000178e+01,4.256747090998430025e-05,1.910333611342785844e+03,1.146200166805671415e+03
1.911993327773144529e+02,1.999999908000000873e-09,1.000000000000000178e+01,4.260464855628229476e-05,1.911993327773144529e+03,1.147195996663886717e+03
1.913653044203502986e+02,1.999999908000001700e-09,1.000000000000000178e+01,4.264182620258028927e-05,1.913653044203502986e+03,1.148191826522101792e+03
1.915312760633861728e+02,1.999999908000002114e-09,1.000000000000000178e+01,4.267900384887828377e-05,1.915312760633861672e+03,1.149187656380317094e+03
1.916972477064220186e+02,1.999999908000002527e-09,1.000000000000000178e+01,4.271618149517627828e-05,1.916972477064220129e+03,1.150183486238532168e+03
1.918632193494578928e+02,1.999999908000002941e-09,1.000000000000000178e+01,4.275335914147427278e-05,1.918632193494578814e+03,1.151179316096747243e+03
1.920291909924937670e+02,1.999999908000003354e-09,1.000000000000000178e+01,4.279053678777226729e-05,1.920291909924937727e+03,1.152175145954962545e+03
1.921951626355296128e+02,1.999999908000003768e-09,1.000000000000000178e+01,4.282771443407026179e-05,1.921951626355296185e+03,1.153170975813177620e+03
1.923611342785654870e+02,1.999999908000004595e-09,1.000000000000000178e+01,4.286489208036825630e-05,1.923611342785654870e+03,1.154166805671392922e+03
1.925271059216013612e+02,1.999999908000005009e-09,1.000000000000000178e+01,4.290206972666625758e-05,1.925271059216013555e+03,1.155162635529608224e+03
1.926930775646372069e+02,1.999999908000005422e-09,1.000000000000000178e+01,4.293924737296424531e-05,1.926930775646372012e+03,1.156158465387823298e+03
1.928590492076730811e+02,1.999999908000005836e-09,1.000000000000000178e+01,4.297642501926224659e-05,1.928590492076730698e+03,1.157154295246038600e+03
1.930250208507089269e+02,1.999999908000006249e-09,1.000000000000000178e+01,4.301360266556023432e-05,1.930250208507089155e+03,1.158150125104253675e+03
1.931909924937448011e+02,1.999999908000007077e-09,1.000000000000000178e+01,4.305078031185823560e-05,1.931909924937448068e+03,1.159145954962468750e+03
1.933569641367806753e+02,1.999999908000007490e-09,1.000000000000000178e+01,4.308795795815623011e-05,1.933569641367806753e+03,1.160141784820684052e+03
1.935229357798165211e+02,1.999999908000007904e-09,1.000000000000000178e+01,4.312513560445422462e-05,1.935229357798165211e+03,1.161137614678899126e+03
1.936889074228523953e+02,1.999999908000008317e-09,1.000000000000000178e+01,4.316231325075221912e-05,1.936889074228523896e+03,1.162133444537114428e+03
1.938548790658882410e+02,1.999999908000008731e-09,1.000000000000000178e+01,4.319949089705021363e-05,1.938548790658882353e+03,1.163129274395329503e+03
1.940208507089241152e+02,1.999999908000009558e-09,1.000000000000000178e+01,4.323666854334820813e-05,1.940208507089241266e+03,1.164125104253544805e+03
1.941868223519599894e+02,1.999999908000009972e-09,1.000000000000000178e+01,4.327384618964620264e-05,1.941868223519599951e+03,1.165120934111759880e+03
1.943527939949958352e+02,1.999999908000010385e-09,1.000000000000000178e+01,4.331102383594419715e-05,1.943527939949958409e+03,1.166116763969974954e+03
1.945187656380317094e+02,1.999999908000010799e-09,1.000000000000000178e+01,4.334820148224219165e-05,1.945187656380317094e+03,1.167112593828190256e+03
1.946847372810675836e+02,1.999999908000011213e-09,1.000000000000000178e+01,4.338537912854019293e-05,1.946847372810675779e+03,1.168108423686405558e+03
1.948507089241034294e+02,1.999999908000011626e-09,1.000000000000000178e+01,4.342255677483818066e-05,1.948507089241034237e+03,1.169104253544620633e+03
1.950166805671393035e+02,1.999999908000012453e-09,1.000000000000000178e+01,4.345973442113618194e-05,1.950166805671392922e+03,1.170100083402835935e+03
1.951826522101751493e+02,1.999999908000012867e-09,1.000000000000000178e+01,4.349691206743416967e-05,1.951826522101751380e+03,1.171095913261051010e+03
1.953486238532110235e+02,1.999999908000013280e-09,1.000000000000000178e+01,4.353408971373217096e-05,1.953486238532110292e+03,1.172091743119266084e+03
1.955145954962468977e+02,1.999999908000013694e-09,1.000000000000000178e+01,4.357126736003016546e-05,1.955145954962468977e+03,1.173087572977481386e+03
1.956805671392827435e+02,1.999999908000014108e-09,1.000000000000000178e+01,4.360844500632815997e-05,1.956805671392827435e+03,1.174083402835696461e+03
1.958465387823186177e+02,1.999999908000014935e-09,1.000000000000000178e+01,4.364562265262615447e-05,1.958465387823186120e+03,1.175079232693911763e+03
1.960125104253544635e+02,1.999999908000015348e-09,1.000000000000000178e+01,4.368280029892414898e-05,1.960125104253544578e+03,1.176075062552126838e+03
1.961784820683903376e+02,1.999999908000015762e-09,1.000000000000000178e+01,4.371997794522214348e-05,1.961784820683903263e+03,1.177070892410341912e+03
1.963444537114262118e+02,1.999999908000016176e-09,1.000000000000000178e+01,4.375715559152014477e-05,1.963444537114262175e+03,1.178066722268557214e+03
1.965104253544620576e+02,1.999999908000016589e-09,1.000000000000000178e+01,4.379433323781813250e-05,1.965104253544620633e+03,1.179062552126772289e+03
1.966763969974979318e+02,1.999999908000017003e-09,1.000000000000000178e+01,4.383151088411612700e-05,1.966763969974979318e+03,1.180058381984987591e+03
1.968423686405338060e+02,1.999999908000017830e-09,1.000000000000000178e+01,4.386868853041412828e-05,1.968423686405338003e+03,1.181054211843202893e+03
1.970083402835696518e+02,1.999999908000018244e-09,1.000000000000000178e+01,4.390586617671211601e-05,1.970083402835696461e+03,1.182050041701417967e+03
1.971743119266055260e+02,1.999999908000018657e-09,1.000000000000000178e+01,4.394304382301011730e-05,1.971743119266055146e+03,1.183045871559633269e+03
1.973402835696413717e+02,1.999999908000019071e-09,1.000000000000000178e+01,4.398022146930810503e-05,1.973402835696413604e+03,1.184041701417848344e+03
1.975062552126772459e+02,1.999999908000019484e-09,1.000000000000000178e+01,4.401739911560610631e-05,1.975062552126772516e+03,1.185037531276063419e+03
1.976722268557131201e+02,1.999999908000020312e-09,1.000000000000000178e+01,4.405457676190410081e-05,1.976722268557131201e+03,1.186033361134278721e+03
1.978381984987489659e+02,1.999999908000020725e-09,1.000000000000000178e+01,4.409175440820209532e-05,1.978381984987489659e+03,1.187029190992493795e+03
1.980041701417848401e+02,1.999999908000021139e-09,1.000000000000000178e+01,4.412893205450008982e-05,1.980041701417848344e+03,1.188025020850709097e+03
1.981701417848206859e+02,1.999999908000021552e-09,1.000000000000000178e+01,4.416610970079808433e-05,1.981701417848206802e+03,1.189020850708924172e+03
1.983361134278565601e+02,1.999999908000021966e-09,1.000000000000000178e+01,4.420328734709607884e-05,1.983361134278565714e+03,1.190016680567139474e+03
1.985020850708924343e+02,1.999999908000022379e-09,1.000000000000000178e+01,4.424046499339408012e-05,1.985020850708924399e+03,1.191012510425354549e+03
1.986680567139282800e+02,1.999999908000023207e-09,1.000000000000000178e+01,4.427764263969206785e-05,1.986680567139282857e+03,1.192008340283569623e+03
1.988340283569641542e+02,1.999999908000023620e-09,9.999999999999985789e+00,4.431482028599006235e-05,1.988340283569641542e+03,1.193004170141784925e+03
1.990000000000000000e+02,1.999999908000024034e-09,9.999999999999985789e+00,4.435199793228805686e-05,1.990000000000000000e+03,1.194000000000000000e+03
