t,selected,mass,export,input_monomers,input_molecules
0.000000000000000000e+00,0.000000000000000000e+00,1.000000000000000000e+01,0.000000000000000000e+00,0.000000000000000000e+00,0.000000000000000000e+00
1.659716430358632311e-01,2.875243358603513100e-01,1.000000000000029132e+01,1.242738736998656585e-01,1.659716430358633588e+00,9.958298582151795530e-01
3.319432860717264622e-01,3.339806383197295725e-01,1.000000000000037303e+01,3.348360197432940777e-01,3.319432860717261846e+00,1.991659716430358440e+00
4.979149291075897210e-01,3.422841054635980540e-01,1.000000000000031086e+01,5.600663080418282203e-01,4.979149291075893657e+00,2.987489574645539214e+00
6.638865721434529243e-01,3.437941612775731737e-01,1.000000000000025224e+01,7.879411563921908668e-01,6.638865721434526357e+00,3.983319432860719100e+00
8.298582151793161277e-01,3.440696372771689382e-01,1.000000000000019718e+01,1.016297694488613068e+00,8.298582151793155504e+00,4.979149291075901651e+00
9.958298582151794420e-01,3.441199200865049379e-01,1.000000000000013500e+01,1.244742132545190616e+00,9.958298582151781986e+00,5.974979149291078429e+00
1.000000000000000000e+00,3.441203898057667576e-01,1.000000000000013500e+01,1.250482252375287873e+00,9.999999999999987566e+00,6.000000000000001776e+00
1.161801501251042534e+00,3.441290989776765175e-01,1.000000000000007816e+01,1.473202617034164774e+00,1.161801501251041380e+01,6.970809007506257871e+00
1.327773144286905849e+00,3.441307743552569631e-01,1.000000000000001421e+01,1.701666031750573183e+00,1.327773144286904738e+01,7.966638865721437313e+00
1.493744787322769163e+00,3.441310799960851097e-01,9.999999999999976907e+00,1.930129982143661493e+00,1.493744787322767920e+01,8.962468723936618531e+00
1.659716430358632255e+00,3.441311356157568668e-01,9.999999999999946709e+00,2.158594030970628186e+00,1.659716430358631101e+01,9.958298582151797973e+00
1.825688073394495570e+00,3.441311456029845228e-01,9.999999999999936051e+00,2.387058098318517008e+00,1.825688073394495348e+01,1.095412844036698097e+01
1.991659716430358884e+00,3.441311472775797076e-01,9.999999999999944933e+00,2.615522169510914097e+00,1.991659716430358884e+01,1.194995829858216219e+01
2.157631359466221976e+00,3.441311474551880800e-01,9.999999999999953815e+00,2.843986241795567249e+00,2.157631359466222420e+01,1.294578815679733985e+01
2.323603002502085069e+00,3.441311473786358155e-01,9.999999999999962697e+00,3.072450314609654232e+00,2.323603002502085246e+01,1.394161801501251752e+01
2.489574645537948605e+00,3.441311472722504150e-01,9.999999999999968026e+00,3.300914387799813277e+00,2.489574645537948783e+01,1.493744787322770051e+01
2.655546288573811697e+00,3.441311471745283623e-01,9.999999999999971578e+00,3.529378461295285430e+00,2.655546288573811964e+01,1.593327773144287818e+01
2.821517931609674790e+00,3.441311470903573588e-01,9.999999999999975131e+00,3.757842535046953536e+00,2.821517931609675145e+01,1.692910758965805584e+01
2.987489574645538326e+00,3.441311470188030408e-01,9.999999999999982236e+00,3.986306609015193736e+00,2.987489574645538681e+01,1.792493744787323706e+01
3.153461217681401418e+00,3.441311469581444515e-01,9.999999999999984013e+00,4.214770683166803700e+00,3.153461217681401507e+01,1.892076730608841473e+01
3.319432860717264511e+00,3.441311469067538931e-01,9.999999999999985789e+00,4.443234757473726759e+00,3.319432860717265754e+01,1.991659716430358884e+01
3.485404503753128047e+00,3.441311468632208825e-01,9.999999999999987566e+00,4.671698831912207694e+00,3.485404503753130001e+01,2.091242702251877006e+01
3.651376146788991139e+00,3.441311468263448803e-01,9.999999999999987566e+00,4.900162906462127488e+00,3.651376146788993537e+01,2.190825688073394417e+01
3.817347789824854232e+00,3.441311467951085334e-01,9.999999999999987566e+00,5.128626981106442884e+00,3.817347789824856363e+01,2.290408673894911828e+01
3.983319432860717768e+00,3.441311467686489212e-01,9.999999999999992895e+00,5.357091055830719206e+00,3.983319432860719900e+01,2.389991659716430306e+01
4.149291075896580416e+00,3.441311467462359053e-01,9.999999999999991118e+00,5.585555130622725351e+00,4.149291075896582726e+01,2.489574645537948072e+01
4.315262718932443953e+00,3.441311467272505920e-01,9.999999999999996447e+00,5.814019205472106933e+00,4.315262718932446262e+01,2.589157631359466194e+01
4.481234361968307489e+00,3.441311467111685674e-01,9.999999999999996447e+00,6.042483280370087861e+00,4.481234361968309798e+01,2.688740617180984316e+01
4.647206005004170137e+00,3.441311466975459643e-01,9.999999999999996447e+00,6.270947355309234084e+00,4.647206005004171914e+01,2.788323603002501727e+01
4.813177648040033674e+00,3.441311466860066948e-01,9.999999999999994671e+00,6.499411430283253743e+00,4.813177648040035450e+01,2.887906588824019849e+01
4.979149291075897210e+00,3.441311466762320137e-01,9.999999999999996447e+00,6.727875505286810665e+00,4.979149291075898276e+01,2.987489574645537971e+01
5.145120934111759858e+00,3.441311466679522479e-01,1.000000000000000000e+01,6.956339580315387572e+00,5.145120934111761102e+01,3.087072560467055737e+01
5.311092577147623395e+00,3.441311466609386915e-01,9.999999999999998224e+00,7.184803655365161745e+00,5.311092577147623928e+01,3.186655546288573859e+01
5.477064220183486931e+00,3.441311466549977771e-01,9.999999999999998224e+00,7.413267730432888669e+00,5.477064220183487464e+01,3.286238532110092336e+01
5.643035863219349579e+00,3.441311466499654137e-01,9.999999999999998224e+00,7.641731805515822984e+00,5.643035863219350290e+01,3.385821517931610458e+01
5.809007506255213116e+00,3.441311466457026569e-01,1.000000000000000000e+01,7.870195880611639438e+00,5.809007506255214537e+01,3.485404503753127869e+01
5.974979149291076652e+00,3.441311466420917675e-01,1.000000000000000000e+01,8.098659955718368053e+00,5.974979149291078073e+01,3.584987489574645991e+01
6.140950792326939300e+00,3.441311466390331031e-01,9.999999999999998224e+00,8.327124030834337276e+00,6.140950792326940899e+01,3.684570475396162692e+01
6.306922435362802837e+00,3.441311466364421201e-01,1.000000000000000178e+01,8.555588105958138456e+00,6.306922435362805146e+01,3.784153461217680814e+01
6.472894078398666373e+00,3.441311466342474867e-01,1.000000000000000000e+01,8.784052181088574329e+00,6.472894078398668682e+01,3.883736447039198936e+01
6.638865721434529021e+00,3.441311466323884738e-01,1.000000000000000178e+01,9.012516256224623490e+00,6.638865721434532929e+01,3.983319432860716347e+01
6.804837364470392558e+00,3.441311466308137335e-01,1.000000000000000178e+01,9.240980331365436840e+00,6.804837364470397176e+01,4.082902418682235179e+01
6.970809007506256094e+00,3.441311466294798005e-01,1.000000000000000000e+01,9.469444406510277190e+00,6.970809007506260002e+01,4.182485404503754012e+01
7.136780650542118742e+00,3.441311466283498155e-01,1.000000000000000178e+01,9.697908481658533475e+00,7.136780650542122828e+01,4.282068390325271423e+01
7.302752293577982279e+00,3.441311466273928032e-01,1.000000000000000178e+01,9.926372556809681669e+00,7.302752293577985654e+01,4.381651376146790255e+01
7.468723936613845815e+00,3.441311466265820074e-01,1.000000000000000178e+01,1.015483663196328123e+01,7.468723936613848480e+01,4.481234361968308377e+01
7.634695579649708463e+00,3.441311466258952789e-01,1.000000000000000000e+01,1.038330070711895381e+01,7.634695579649711306e+01,4.580817347789825789e+01
7.800667222685572000e+00,3.441311466253134665e-01,1.000000000000000000e+01,1.061176478227638853e+01,7.800667222685574131e+01,4.680400333611343910e+01
7.966638865721435536e+00,3.441311466248206941e-01,1.000000000000000178e+01,1.084022885743531006e+01,7.966638865721436957e+01,4.779983319432862032e+01
8.132610508757299073e+00,3.441311466244033612e-01,1.000000000000000178e+01,1.106869293259549281e+01,8.132610508757301204e+01,4.879566305254380154e+01
8.298582151793160833e+00,3.441311466240498107e-01,1.000000000000000178e+01,1.129715700775674136e+01,8.298582151793162609e+01,4.979149291075896855e+01
8.464553794829024369e+00,3.441311466237502170e-01,9.999999999999998224e+00,1.152562108291889942e+01,8.464553794829026856e+01,5.078732276897414977e+01
8.630525437864887905e+00,3.441311466234965311e-01,1.000000000000000178e+01,1.175408515808182308e+01,8.630525437864889682e+01,5.178315262718933809e+01
8.796497080900751442e+00,3.441311466232816474e-01,9.999999999999998224e+00,1.198254923324539511e+01,8.796497080900753929e+01,5.277898248540451220e+01
8.962468723936614978e+00,3.441311466230995153e-01,1.000000000000000000e+01,1.221101330840951960e+01,8.962468723936616755e+01,5.377481234361969342e+01
9.128440366972478515e+00,3.441311466229455274e-01,1.000000000000000000e+01,1.243947738357410771e+01,9.128440366972481002e+01,5.477064220183487464e+01
9.294412010008340275e+00,3.441311466228147986e-01,1.000000000000000178e+01,1.266794145873909017e+01,9.294412010008342406e+01,5.576647206005004875e+01
9.460383653044203811e+00,3.441311466227041094e-01,1.000000000000000000e+01,1.289640553390441013e+01,9.460383653044206653e+01,5.676230191826523708e+01
9.626355296080067347e+00,3.441311466226104065e-01,1.000000000000000178e+01,1.312486960907001077e+01,9.626355296080070900e+01,5.775813177648041119e+01
9.792326939115930884e+00,3.441311466225310256e-01,1.000000000000000000e+01,1.335333368423585299e+01,9.792326939115935147e+01,5.875396163469559241e+01
9.958298582151794420e+00,3.441311466224637461e-01,1.000000000000000000e+01,1.358179775940189771e+01,9.958298582151797973e+01,5.974979149291078073e+01
1.012427022518765796e+01,3.441311466224067361e-01,1.000000000000000000e+01,1.381026183456811474e+01,1.012427022518766080e+02,6.074562135112595485e+01
1.029024186822351972e+01,3.441311466223584969e-01,1.000000000000000000e+01,1.403872590973447387e+01,1.029024186822352220e+02,6.174145120934112896e+01
1.045621351125938325e+01,3.441311466223175852e-01,9.999999999999998224e+00,1.426718998490096091e+01,1.045621351125938503e+02,6.273728106755631018e+01
1.062218515429524679e+01,3.441311466222828908e-01,1.000000000000000000e+01,1.449565406006755097e+01,1.062218515429524786e+02,6.373311092577149140e+01
1.078815679733111033e+01,3.441311466222535809e-01,1.000000000000000355e+01,1.472411813523422985e+01,1.078815679733111210e+02,6.472894078398667261e+01
1.095412844036697386e+01,3.441311466222287674e-01,1.000000000000000000e+01,1.495258221040098512e+01,1.095412844036697493e+02,6.572477064220186094e+01
1.112010008340283562e+01,3.441311466222077842e-01,1.000000000000000000e+01,1.518104628556779900e+01,1.112010008340283633e+02,6.672060050041703505e+01
1.128607172643869916e+01,3.441311466221899651e-01,1.000000000000000000e+01,1.540951036073467151e+01,1.128607172643869916e+02,6.771643035863222337e+01
1.145204336947456270e+01,3.441311466221748661e-01,9.999999999999998224e+00,1.563797443590158842e+01,1.145204336947456198e+02,6.871226021684741170e+01
1.161801501251042623e+01,3.441311466221620430e-01,1.000000000000000178e+01,1.586643851106854441e+01,1.161801501251042481e+02,6.970809007506260002e+01
1.178398665554628977e+01,3.441311466221512183e-01,1.000000000000000000e+01,1.609490258623553416e+01,1.178398665554628906e+02,7.070391993327777413e+01
1.194995829858215330e+01,3.441311466221420590e-01,1.000000000000000355e+01,1.632336666140255232e+01,1.194995829858215188e+02,7.169974979149296246e+01
1.211592994161801506e+01,3.441311466221342874e-01,1.000000000000000000e+01,1.655183073656958825e+01,1.211592994161801329e+02,7.269557964970813657e+01
1.228190158465387860e+01,3.441311466221276261e-01,1.000000000000000000e+01,1.678029481173664905e+01,1.228190158465387611e+02,7.369140950792332490e+01
1.244787322768974214e+01,3.441311466221221305e-01,9.999999999999998224e+00,1.700875888690372406e+01,1.244787322768973894e+02,7.468723936613849901e+01
1.261384487072560567e+01,3.441311466221174120e-01,1.000000000000000178e+01,1.723722296207081683e+01,1.261384487072560319e+02,7.568306922435367312e+01
1.277981651376146921e+01,3.441311466221133042e-01,9.999999999999998224e+00,1.746568703723792026e+01,1.277981651376146743e+02,7.667889908256884723e+01
1.294578815679733275e+01,3.441311466221099180e-01,1.000000000000000000e+01,1.769415111240503435e+01,1.294578815679733168e+02,7.767472894078403556e+01
1.311175979983319451e+01,3.441311466221071425e-01,1.000000000000000178e+01,1.792261518757215555e+01,1.311175979983319451e+02,7.867055879899919546e+01
1.327773144286905804e+01,3.441311466221047000e-01,1.000000000000000178e+01,1.815107926273928385e+01,1.327773144286905449e+02,7.966638865721438378e+01
1.344370308590492158e+01,3.441311466221025905e-01,1.000000000000000000e+01,1.837954333790641570e+01,1.344370308590492016e+02,8.066221851542955790e+01
1.360967472894078512e+01,3.441311466221008142e-01,9.999999999999998224e+00,1.860800741307355821e+01,1.360967472894078583e+02,8.165804837364473201e+01
1.377564637197664865e+01,3.441311466220994264e-01,9.999999999999998224e+00,1.883647148824070428e+01,1.377564637197664865e+02,8.265387823185992033e+01
1.394161801501251219e+01,3.441311466220981496e-01,9.999999999999998224e+00,1.906493556340785389e+01,1.394161801501251432e+02,8.364970809007509445e+01
1.410758965804837395e+01,3.441311466220970394e-01,1.000000000000000000e+01,1.929339963857500351e+01,1.410758965804837430e+02,8.464553794829026856e+01
1.427356130108423748e+01,3.441311466220960957e-01,1.000000000000000000e+01,1.952186371374216023e+01,1.427356130108423713e+02,8.564136780650545688e+01
1.443953294412010102e+01,3.441311466220954296e-01,9.999999999999998224e+00,1.975032778890931695e+01,1.443953294412009996e+02,8.663719766472064521e+01
1.460550458715596456e+01,3.441311466220948190e-01,1.000000000000000000e+01,1.997879186407647367e+01,1.460550458715596278e+02,8.763302752293581932e+01
1.477147623019182809e+01,3.441311466220943194e-01,9.999999999999998224e+00,2.020725593924363395e+01,1.477147623019182561e+02,8.862885738115100764e+01
1.493744787322769163e+01,3.441311466220938198e-01,1.000000000000000000e+01,2.043572001441079777e+01,1.493744787322768843e+02,8.962468723936618176e+01
1.510341951626355339e+01,3.441311466220933757e-01,1.000000000000000178e+01,2.066418408957795805e+01,1.510341951626355126e+02,9.062051709758135587e+01
1.526939115929941693e+01,3.441311466220929871e-01,1.000000000000000178e+01,2.089264816474512187e+01,1.526939115929941408e+02,9.161634695579654419e+01
1.543536280233528046e+01,3.441311466220927096e-01,1.000000000000000000e+01,2.112111223991228570e+01,1.543536280233527691e+02,9.261217681401173252e+01
1.560133444537114400e+01,3.441311466220925430e-01,1.000000000000000178e+01,2.134957631507945308e+01,1.560133444537113974e+02,9.360800667222690663e+01
1.576730608840700754e+01,3.441311466220923765e-01,9.999999999999998224e+00,2.157804039024662046e+01,1.576730608840700540e+02,9.460383653044209495e+01
1.593327773144287107e+01,3.441311466220922100e-01,9.999999999999996447e+00,2.180650446541378784e+01,1.593327773144286823e+02,9.559966638865728328e+01
1.609924937447873461e+01,3.441311466220919879e-01,1.000000000000000000e+01,2.203496854058095522e+01,1.609924937447873106e+02,9.659549624687245739e+01
1.626522101751459815e+01,3.441311466220918769e-01,1.000000000000000000e+01,2.226343261574812260e+01,1.626522101751459388e+02,9.759132610508763150e+01
1.643119266055045813e+01,3.441311466220917659e-01,1.000000000000000000e+01,2.249189669091528643e+01,1.643119266055045387e+02,9.858715596330279141e+01
1.659716430358632167e+01,3.441311466220916548e-01,9.999999999999996447e+00,2.272036076608245381e+01,1.659716430358631669e+02,9.958298582151797973e+01
1.676313594662218520e+01,3.441311466220915993e-01,1.000000000000000000e+01,2.294882484124962119e+01,1.676313594662218236e+02,1.005788156797331681e+02
1.692910758965804874e+01,3.441311466220915438e-01,1.000000000000000178e+01,2.317728891641679212e+01,1.692910758965804519e+02,1.015746455379483422e+02
1.709507923269391227e+01,3.441311466220914328e-01,1.000000000000000178e+01,2.340575299158396305e+01,1.709507923269390801e+02,1.025704753961635305e+02
1.726105087572977581e+01,3.441311466220913773e-01,1.000000000000000000e+01,2.363421706675113043e+01,1.726105087572977368e+02,1.035663052543787046e+02
1.742702251876563935e+01,3.441311466220913773e-01,1.000000000000000178e+01,2.386268114191830136e+01,1.742702251876563651e+02,1.045621351125938787e+02
1.759299416180150288e+01,3.441311466220913218e-01,1.000000000000000000e+01,2.409114521708547230e+01,1.759299416180149933e+02,1.055579649708090670e+02
1.775896580483736642e+01,3.441311466220913218e-01,1.000000000000000000e+01,2.431960929225264323e+01,1.775896580483736216e+02,1.065537948290242412e+02
1.792493744787322996e+01,3.441311466220913218e-01,1.000000000000000355e+01,2.454807336741981061e+01,1.792493744787322782e+02,1.075496246872394295e+02
1.809090909090909349e+01,3.441311466220913218e-01,1.000000000000000355e+01,2.477653744258698154e+01,1.809090909090909065e+02,1.085454545454546178e+02
1.825688073394495703e+01,3.441311466220913218e-01,1.000000000000000355e+01,2.500500151775414892e+01,1.825688073394495063e+02,1.095412844036697919e+02
1.842285237698081701e+01,3.441311466220913218e-01,1.000000000000000355e+01,2.523346559292131630e+01,1.842285237698081062e+02,1.105371142618849518e+02
1.858882402001668055e+01,3.441311466220913218e-01,1.000000000000000355e+01,2.546192966808848723e+01,1.858882402001667629e+02,1.115329441201001259e+02
1.875479566305254409e+01,3.441311466220913218e-01,1.000000000000000178e+01,2.569039374325565461e+01,1.875479566305253911e+02,1.125287739783153000e+02
1.892076730608840762e+01,3.441311466220913218e-01,1.000000000000000178e+01,2.591885781842282555e+01,1.892076730608840194e+02,1.135246038365304884e+02
1.908673894912427116e+01,3.441311466220912663e-01,1.000000000000000000e+01,2.614732189358999648e+01,1.908673894912426761e+02,1.145204336947456625e+02
1.925271059216013469e+01,3.441311466220912108e-01,1.000000000000000000e+01,2.637578596875716741e+01,1.925271059216013043e+02,1.155162635529608508e+02
1.941868223519599823e+01,3.441311466220911552e-01,1.000000000000000000e+01,2.660425004392433834e+01,1.941868223519599326e+02,1.165120934111760249e+02
1.958465387823186177e+01,3.441311466220911552e-01,1.000000000000000000e+01,2.683271411909150927e+01,1.958465387823185893e+02,1.175079232693912132e+02
1.975062552126772530e+01,3.441311466220911552e-01,1.000000000000000000e+01,2.706117819425867665e+01,1.975062552126772175e+02,1.185037531276064016e+02
1.991659716430358884e+01,3.441311466220911552e-01,1.000000000000000000e+01,2.728964226942584759e+01,1.991659716430358458e+02,1.194995829858215757e+02
2.008256880733945238e+01,3.441311466220911552e-01,1.000000000000000000e+01,2.751810634459301852e+01,2.008256880733945025e+02,1.204954128440367640e+02
2.024854045037531591e+01,3.441311466220911552e-01,1.000000000000000000e+01,2.774657041976018945e+01,2.024854045037531307e+02,1.214912427022519523e+02
2.041451209341117590e+01,3.441311466220912108e-01,1.000000000000000000e+01,2.797503449492735328e+01,2.041451209341117305e+02,1.224870725604671122e+02
2.058048373644703943e+01,3.441311466220912108e-01,1.000000000000000000e+01,2.820349857009452421e+01,2.058048373644703872e+02,1.234829024186822863e+02
2.074645537948290297e+01,3.441311466220912663e-01,1.000000000000000178e+01,2.843196264526169514e+01,2.074645537948290155e+02,1.244787322768974747e+02
2.091242702251876651e+01,3.441311466220912663e-01,1.000000000000000178e+01,2.866042672042886608e+01,2.091242702251876437e+02,1.254745621351126488e+02
2.107839866555463004e+01,3.441311466220912663e-01,1.000000000000000178e+01,2.888889079559603701e+01,2.107839866555462720e+02,1.264703919933278229e+02
2.124437030859049358e+01,3.441311466220912663e-01,1.000000000000000178e+01,2.911735487076320439e+01,2.124437030859049003e+02,1.274662218515430112e+02
2.141034195162635712e+01,3.441311466220912663e-01,1.000000000000000178e+01,2.934581894593037532e+01,2.141034195162635285e+02,1.284620517097581853e+02
2.157631359466222065e+01,3.441311466220912108e-01,1.000000000000000000e+01,2.957428302109754625e+01,2.157631359466221568e+02,1.294578815679733736e+02
2.174228523769808419e+01,3.441311466220912108e-01,1.000000000000000000e+01,2.980274709626471363e+01,2.174228523769808135e+02,1.304537114261885336e+02
2.190825688073394772e+01,3.441311466220911552e-01,1.000000000000000000e+01,3.003121117143188457e+01,2.190825688073394417e+02,1.314495412844037219e+02
2.207422852376981126e+01,3.441311466220910997e-01,1.000000000000000000e+01,3.025967524659905550e+01,2.207422852376980700e+02,1.324453711426189102e+02
2.224020016680567124e+01,3.441311466220910997e-01,1.000000000000000000e+01,3.048813932176622288e+01,2.224020016680566698e+02,1.334412010008340701e+02
2.240617180984153478e+01,3.441311466220910997e-01,1.000000000000000000e+01,3.071660339693339026e+01,2.240617180984153265e+02,1.344370308590492300e+02
2.257214345287739832e+01,3.441311466220910997e-01,1.000000000000000000e+01,3.094506747210056119e+01,2.257214345287739548e+02,1.354328607172644183e+02
2.273811509591326185e+01,3.441311466220910997e-01,9.999999999999998224e+00,3.117353154726773212e+01,2.273811509591325830e+02,1.364286905754796067e+02
2.290408673894912539e+01,3.441311466220910997e-01,9.999999999999998224e+00,3.140199562243489950e+01,2.290408673894912113e+02,1.374245204336947666e+02
2.307005838198498893e+01,3.441311466220911552e-01,9.999999999999998224e+00,3.163045969760207043e+01,2.307005838198498680e+02,1.384203502919099549e+02
2.323603002502085246e+01,3.441311466220911552e-01,9.999999999999998224e+00,3.185892377276924137e+01,2.323603002502084962e+02,1.394161801501251432e+02
2.340200166805671600e+01,3.441311466220912108e-01,1.000000000000000000e+01,3.208738784793641230e+01,2.340200166805671529e+02,1.404120100083403031e+02
2.356797331109257954e+01,3.441311466220912108e-01,1.000000000000000000e+01,3.231585192310357968e+01,2.356797331109257811e+02,1.414078398665554914e+02
2.373394495412844307e+01,3.441311466220912108e-01,1.000000000000000000e+01,3.254431599827075416e+01,2.373394495412844094e+02,1.424036697247706797e+02
2.389991659716430661e+01,3.441311466220912108e-01,1.000000000000000000e+01,3.277278007343792154e+01,2.389991659716430377e+02,1.433994995829858681e+02
2.406588824020017015e+01,3.441311466220912108e-01,1.000000000000000000e+01,3.300124414860509603e+01,2.406588824020016943e+02,1.443953294412010280e+02
2.423185988323603013e+01,3.441311466220911552e-01,9.999999999999998224e+00,3.322970822377226341e+01,2.423185988323602942e+02,1.453911592994161879e+02
2.439783152627189367e+01,3.441311466220911552e-01,9.999999999999998224e+00,3.345817229893943079e+01,2.439783152627189224e+02,1.463869891576313762e+02
2.456380316930775720e+01,3.441311466220912108e-01,1.000000000000000000e+01,3.368663637410659817e+01,2.456380316930775507e+02,1.473828190158465645e+02
2.472977481234362074e+01,3.441311466220912108e-01,1.000000000000000000e+01,3.391510044927377265e+01,2.472977481234362074e+02,1.483786488740617244e+02
2.489574645537948427e+01,3.441311466220912108e-01,1.000000000000000000e+01,3.414356452444094003e+01,2.489574645537948356e+02,1.493744787322769128e+02
2.506171809841534781e+01,3.441311466220912108e-01,1.000000000000000000e+01,3.437202859960811452e+01,2.506171809841534639e+02,1.503703085904921011e+02
2.522768974145121135e+01,3.441311466220912108e-01,1.000000000000000000e+01,3.460049267477528190e+01,2.522768974145121206e+02,1.513661384487072894e+02
2.539366138448707488e+01,3.441311466220912108e-01,1.000000000000000000e+01,3.482895674994245638e+01,2.539366138448707488e+02,1.523619683069224493e+02
2.555963302752293842e+01,3.441311466220912108e-01,1.000000000000000000e+01,3.505742082510962376e+01,2.555963302752293487e+02,1.533577981651376376e+02
2.572560467055880196e+01,3.441311466220912108e-01,1.000000000000000000e+01,3.528588490027679114e+01,2.572560467055880054e+02,1.543536280233528259e+02
2.589157631359466549e+01,3.441311466220912108e-01,1.000000000000000000e+01,3.551434897544395852e+01,2.589157631359466336e+02,1.553494578815680143e+02
2.605754795663052903e+01,3.441311466220912108e-01,1.000000000000000000e+01,3.574281305061113301e+01,2.605754795663052619e+02,1.563452877397831742e+02
2.622351959966638901e+01,3.441311466220912108e-01,1.000000000000000000e+01,3.597127712577830039e+01,2.622351959966638333e+02,1.573411175979983341e+02
2.638949124270225255e+01,3.441311466220912108e-01,1.000000000000000000e+01,3.619974120094546777e+01,2.638949124270225184e+02,1.583369474562135224e+02
2.655546288573811609e+01,3.441311466220911552e-01,1.000000000000000000e+01,3.642820527611263515e+01,2.655546288573811466e+02,1.593327773144287107e+02
2.672143452877397962e+01,3.441311466220911552e-01,1.000000000000000000e+01,3.665666935127980253e+01,2.672143452877397181e+02,1.603286071726438990e+02
2.688740617180984316e+01,3.441311466220910997e-01,1.000000000000000000e+01,3.688513342644697701e+01,2.688740617180983463e+02,1.613244370308590590e+02
2.705337781484570669e+01,3.441311466220910997e-01,1.000000000000000000e+01,3.711359750161414439e+01,2.705337781484570314e+02,1.623202668890742473e+02
2.721934945788157023e+01,3.441311466220910997e-01,1.000000000000000000e+01,3.734206157678131177e+01,2.721934945788156597e+02,1.633160967472894356e+02
2.738532110091743377e+01,3.441311466220910997e-01,1.000000000000000000e+01,3.757052565194848626e+01,2.738532110091742879e+02,1.643119266055046239e+02
2.755129274395329730e+01,3.441311466220910997e-01,1.000000000000000000e+01,3.779898972711565364e+01,2.755129274395329162e+02,1.653077564637197838e+02
2.771726438698916084e+01,3.441311466220910997e-01,1.000000000000000000e+01,3.802745380228282812e+01,2.771726438698915445e+02,1.663035863219349721e+02
2.788323603002502438e+01,3.441311466220911552e-01,1.000000000000000000e+01,3.825591787744999550e+01,2.788323603002501727e+02,1.672994161801501605e+02
2.804920767306088436e+01,3.441311466220911552e-01,1.000000000000000000e+01,3.848438195261715578e+01,2.804920767306088010e+02,1.682952460383653204e+02
2.821517931609674790e+01,3.441311466220911552e-01,9.999999999999998224e+00,3.871284602778433026e+01,2.821517931609674292e+02,1.692910758965804803e+02
2.838115095913261143e+01,3.441311466220911552e-01,9.999999999999998224e+00,3.894131010295149764e+01,2.838115095913260575e+02,1.702869057547956686e+02
2.854712260216847497e+01,3.441311466220912108e-01,1.000000000000000000e+01,3.916977417811866502e+01,2.854712260216846857e+02,1.712827356130108569e+02
2.871309424520433851e+01,3.441311466220912108e-01,1.000000000000000000e+01,3.939823825328583951e+01,2.871309424520433708e+02,1.722785654712260452e+02
2.887906588824020204e+01,3.441311466220912108e-01,1.000000000000000000e+01,3.962670232845300688e+01,2.887906588824019991e+02,1.732743953294412051e+02
2.904503753127606558e+01,3.441311466220912108e-01,1.000000000000000000e+01,3.985516640362018137e+01,2.904503753127606274e+02,1.742702251876563935e+02
2.921100917431192912e+01,3.441311466220912108e-01,1.000000000000000000e+01,4.008363047878734875e+01,2.921100917431192556e+02,1.752660550458715818e+02
2.937698081734779265e+01,3.441311466220912108e-01,1.000000000000000000e+01,4.031209455395451613e+01,2.937698081734778839e+02,1.762618849040867701e+02
2.954295246038365619e+01,3.441311466220912108e-01,1.000000000000000000e+01,4.054055862912168351e+01,2.954295246038365121e+02,1.772577147623019300e+02
2.970892410341951972e+01,3.441311466220912108e-01,1.000000000000000000e+01,4.076902270428885799e+01,2.970892410341951404e+02,1.782535446205171183e+02
2.987489574645538326e+01,3.441311466220912108e-01,1.000000000000000000e+01,4.099748677945602537e+01,2.987489574645537687e+02,1.792493744787323067e+02
3.004086738949124324e+01,3.441311466220912108e-01,1.000000000000000000e+01,4.122595085462319275e+01,3.004086738949123969e+02,1.802452043369474666e+02
3.020683903252710678e+01,3.441311466220912108e-01,1.000000000000000000e+01,4.145441492979036013e+01,3.020683903252710252e+02,1.812410341951626549e+02
3.037281067556297032e+01,3.441311466220912108e-01,1.000000000000000000e+01,4.168287900495753462e+01,3.037281067556296534e+02,1.822368640533778148e+02
3.053878231859883385e+01,3.441311466220912108e-01,1.000000000000000000e+01,4.191134308012470200e+01,3.053878231859882817e+02,1.832326939115930031e+02
3.070475396163469739e+01,3.441311466220912108e-01,1.000000000000000000e+01,4.213980715529186938e+01,3.070475396163469100e+02,1.842285237698081914e+02
3.087072560467056093e+01,3.441311466220912108e-01,1.000000000000000000e+01,4.236827123045903676e+01,3.087072560467055382e+02,1.852243536280233798e+02
3.103669724770642446e+01,3.441311466220912108e-01,1.000000000000000000e+01,4.259673530562621124e+01,3.103669724770641665e+02,1.862201834862385681e+02
3.120266889074228800e+01,3.441311466220912108e-01,1.000000000000000000e+01,4.282519938079337862e+01,3.120266889074227947e+02,1.872160133444537280e+02
3.136864053377815154e+01,3.441311466220911552e-01,9.999999999999998224e+00,4.305366345596055311e+01,3.136864053377814230e+02,1.882118432026689163e+02
3.153461217681401507e+01,3.441311466220911552e-01,9.999999999999998224e+00,4.328212753112772049e+01,3.153461217681400512e+02,1.892076730608841046e+02
3.170058381984987861e+01,3.441311466220911552e-01,9.999999999999998224e+00,4.351059160629488787e+01,3.170058381984986795e+02,1.902035029190992930e+02
3.186655546288574214e+01,3.441311466220911552e-01,9.999999999999998224e+00,4.373905568146206235e+01,3.186655546288573078e+02,1.911993327773144529e+02
3.203252710592160213e+01,3.441311466220911552e-01,9.999999999999998224e+00,4.396751975662922973e+01,3.203252710592159360e+02,1.921951626355296128e+02
3.219849874895746922e+01,3.441311466220911552e-01,9.999999999999998224e+00,4.419598383179640422e+01,3.219849874895746211e+02,1.931909924937448295e+02
3.236447039199332920e+01,3.441311466220911552e-01,9.999999999999998224e+00,4.442444790696356449e+01,3.236447039199332494e+02,1.941868223519599894e+02
3.253044203502919629e+01,3.441311466220911552e-01,9.999999999999998224e+00,4.465291198213073898e+01,3.253044203502918776e+02,1.951826522101751777e+02
3.269641367806505627e+01,3.441311466220911552e-01,9.999999999999998224e+00,4.488137605729790636e+01,3.269641367806505059e+02,1.961784820683903376e+02
3.286238532110091626e+01,3.441311466220911552e-01,9.999999999999998224e+00,4.510984013246507374e+01,3.286238532110090773e+02,1.971743119266054975e+02
3.302835696413678335e+01,3.441311466220911552e-01,9.999999999999998224e+00,4.533830420763224822e+01,3.302835696413677624e+02,1.981701417848207143e+02
3.319432860717264333e+01,3.441311466220911552e-01,9.999999999999998224e+00,4.556676828279941560e+01,3.319432860717263338e+02,1.991659716430358742e+02
3.336030025020851042e+01,3.441311466220911552e-01,9.999999999999998224e+00,4.579523235796659009e+01,3.336030025020850189e+02,2.001618015012510625e+02
3.352627189324437040e+01,3.441311466220911552e-01,9.999999999999998224e+00,4.602369643313375036e+01,3.352627189324436472e+02,2.011576313594662224e+02
3.369224353628023749e+01,3.441311466220911552e-01,9.999999999999998224e+00,4.625216050830093195e+01,3.369224353628022754e+02,2.021534612176814392e+02
3.385821517931609748e+01,3.441311466220911552e-01,9.999999999999998224e+00,4.648062458346809223e+01,3.385821517931609037e+02,2.031492910758965991e+02
3.402418682235196457e+01,3.441311466220911552e-01,9.999999999999998224e+00,4.670908865863526671e+01,3.402418682235195888e+02,2.041451209341117874e+02
3.419015846538782455e+01,3.441311466220911552e-01,9.999999999999998224e+00,4.693755273380243409e+01,3.419015846538781602e+02,2.051409507923269473e+02
3.435613010842369164e+01,3.441311466220911552e-01,9.999999999999998224e+00,4.716601680896960858e+01,3.435613010842368453e+02,2.061367806505421640e+02
3.452210175145955162e+01,3.441311466220911552e-01,9.999999999999998224e+00,4.739448088413677596e+01,3.452210175145954736e+02,2.071326105087573239e+02
3.468807339449541871e+01,3.441311466220911552e-01,9.999999999999998224e+00,4.762294495930395044e+01,3.468807339449541018e+02,2.081284403669725407e+02
3.485404503753127869e+01,3.441311466220911552e-01,9.999999999999998224e+00,4.785140903447111782e+01,3.485404503753127301e+02,2.091242702251877006e+02
3.502001668056713868e+01,3.441311466220911552e-01,9.999999999999998224e+00,4.807987310963827809e+01,3.502001668056713015e+02,2.101201000834028605e+02
3.518598832360300577e+01,3.441311466220911552e-01,9.999999999999998224e+00,4.830833718480545258e+01,3.518598832360299866e+02,2.111159299416180488e+02
3.535195996663886575e+01,3.441311466220911552e-01,9.999999999999998224e+00,4.853680125997261996e+01,3.535195996663885580e+02,2.121117597998332087e+02
3.551793160967473284e+01,3.441311466220911552e-01,9.999999999999998224e+00,4.876526533513979444e+01,3.551793160967472431e+02,2.131075896580483970e+02
3.568390325271059282e+01,3.441311466220911552e-01,9.999999999999998224e+00,4.899372941030696182e+01,3.568390325271058714e+02,2.141034195162635569e+02
3.584987489574645991e+01,3.441311466220911552e-01,9.999999999999998224e+00,4.922219348547413631e+01,3.584987489574644997e+02,2.150992493744787737e+02
3.601584653878231990e+01,3.441311466220911552e-01,9.999999999999998224e+00,4.945065756064130369e+01,3.601584653878231279e+02,2.160950792326939336e+02
3.618181818181818699e+01,3.441311466220911552e-01,9.999999999999998224e+00,4.967912163580847107e+01,3.618181818181818130e+02,2.170909090909091219e+02
3.634778982485404697e+01,3.441311466220911552e-01,9.999999999999998224e+00,4.990758571097563845e+01,3.634778982485403844e+02,2.180867389491242818e+02
3.651376146788991406e+01,3.441311466220911552e-01,9.999999999999998224e+00,5.013604978614281293e+01,3.651376146788990695e+02,2.190825688073394986e+02
3.667973311092577404e+01,3.441311466220911552e-01,9.999999999999998224e+00,5.036451386130998031e+01,3.667973311092576409e+02,2.200783986655546585e+02
3.684570475396163403e+01,3.441311466220911552e-01,9.999999999999998224e+00,5.059297793647714769e+01,3.684570475396162692e+02,2.210742285237698184e+02
3.701167639699750112e+01,3.441311466220911552e-01,9.999999999999998224e+00,5.082144201164432218e+01,3.701167639699749543e+02,2.220700583819850067e+02
3.717764804003336110e+01,3.441311466220911552e-01,9.999999999999998224e+00,5.104990608681148245e+01,3.717764804003335257e+02,2.230658882402001666e+02
3.734361968306922819e+01,3.441311466220911552e-01,9.999999999999998224e+00,5.127837016197865694e+01,3.734361968306922108e+02,2.240617180984153833e+02
3.750959132610508817e+01,3.441311466220911552e-01,9.999999999999998224e+00,5.150683423714582432e+01,3.750959132610507822e+02,2.250575479566305432e+02
3.767556296914095526e+01,3.441311466220912108e-01,1.000000000000000000e+01,5.173529831231299880e+01,3.767556296914094673e+02,2.260533778148457316e+02
3.784153461217681524e+01,3.441311466220912108e-01,1.000000000000000000e+01,5.196376238748016618e+01,3.784153461217680956e+02,2.270492076730608915e+02
3.800750625521268233e+01,3.441311466220912108e-01,1.000000000000000000e+01,5.219222646264734067e+01,3.800750625521267239e+02,2.280450375312761082e+02
3.817347789824854232e+01,3.441311466220912108e-01,1.000000000000000000e+01,5.242069053781450805e+01,3.817347789824853521e+02,2.290408673894912681e+02
3.833944954128440941e+01,3.441311466220912108e-01,1.000000000000000000e+01,5.264915461298168253e+01,3.833944954128439804e+02,2.300366972477064564e+02
3.850542118432026939e+01,3.441311466220912108e-01,1.000000000000000000e+01,5.287761868814884281e+01,3.850542118432026086e+02,2.310325271059216163e+02
3.867139282735612937e+01,3.441311466220912108e-01,1.000000000000000000e+01,5.310608276331601019e+01,3.867139282735611800e+02,2.320283569641367762e+02
3.883736447039199646e+01,3.441311466220912108e-01,1.000000000000000000e+01,5.333454683848318467e+01,3.883736447039198652e+02,2.330241868223519930e+02
3.900333611342785645e+01,3.441311466220912108e-01,1.000000000000000000e+01,5.356301091365035205e+01,3.900333611342784934e+02,2.340200166805671529e+02
3.916930775646372354e+01,3.441311466220912108e-01,1.000000000000000000e+01,5.379147498881752654e+01,3.916930775646371785e+02,2.350158465387823412e+02
3.933527939949958352e+01,3.441311466220912108e-01,1.000000000000000000e+01,5.401993906398469392e+01,3.933527939949957499e+02,2.360116763969975011e+02
3.950125104253545061e+01,3.441311466220912108e-01,1.000000000000000000e+01,5.424840313915186840e+01,3.950125104253544350e+02,2.370075062552126894e+02
3.966722268557131059e+01,3.441311466220912108e-01,1.000000000000000000e+01,5.447686721431903578e+01,3.966722268557130064e+02,2.380033361134278493e+02
3.983319432860717768e+01,3.441311466220912108e-01,1.000000000000000000e+01,5.470533128948621027e+01,3.983319432860716915e+02,2.389991659716430661e+02
3.999916597164303766e+01,3.441311466220912108e-01,1.000000000000000000e+01,5.493379536465337765e+01,3.999916597164302630e+02,2.399949958298582260e+02
4.016513761467890475e+01,3.441311466220912108e-01,1.000000000000000000e+01,5.516225943982055213e+01,4.016513761467889481e+02,2.409908256880734143e+02
4.033110925771476474e+01,3.441311466220912108e-01,1.000000000000000000e+01,5.539072351498771241e+01,4.033110925771475195e+02,2.419866555462885742e+02
4.049708090075063183e+01,3.441311466220912108e-01,1.000000000000000000e+01,5.561918759015489400e+01,4.049708090075062046e+02,2.429824854045037910e+02
4.066305254378649181e+01,3.441311466220912108e-01,1.000000000000000000e+01,5.584765166532205427e+01,4.066305254378648328e+02,2.439783152627189224e+02
4.082902418682235179e+01,3.441311466220912108e-01,1.000000000000000000e+01,5.607611574048922165e+01,4.082902418682234043e+02,2.449741451209341108e+02
4.099499582985821888e+01,3.441311466220912108e-01,1.000000000000000000e+01,5.630457981565639614e+01,4.099499582985820894e+02,2.459699749791492991e+02
4.116096747289407887e+01,3.441311466220912108e-01,1.000000000000000000e+01,5.653304389082356352e+01,4.116096747289406608e+02,2.469658048373644590e+02
4.132693911592994596e+01,3.441311466220912108e-01,1.000000000000000000e+01,5.676150796599073800e+01,4.132693911592993459e+02,2.479616346955796757e+02
4.149291075896580594e+01,3.441311466220912108e-01,1.000000000000000000e+01,5.698997204115790538e+01,4.149291075896579741e+02,2.489574645537948072e+02
4.165888240200167303e+01,3.441311466220911552e-01,9.999999999999998224e+00,5.721843611632507987e+01,4.165888240200166024e+02,2.499532944120100240e+02
4.182485404503753301e+01,3.441311466220911552e-01,1.000000000000000000e+01,5.744690019149224014e+01,4.182485404503752306e+02,2.509491242702251839e+02
4.199082568807340010e+01,3.441311466220911552e-01,1.000000000000000000e+01,5.767536426665941462e+01,4.199082568807339158e+02,2.519449541284403722e+02
4.215679733110926009e+01,3.441311466220911552e-01,1.000000000000000000e+01,5.790382834182658200e+01,4.215679733110924872e+02,2.529407839866555605e+02
4.232276897414512717e+01,3.441311466220911552e-01,1.000000000000000000e+01,5.813229241699375649e+01,4.232276897414511723e+02,2.539366138448707488e+02
4.248874061718098716e+01,3.441311466220911552e-01,1.000000000000000000e+01,5.836075649216092387e+01,4.248874061718097437e+02,2.549324437030859087e+02
4.265471226021684714e+01,3.441311466220911552e-01,1.000000000000000000e+01,5.858922056732809125e+01,4.265471226021683719e+02,2.559282735613010686e+02
4.282068390325271423e+01,3.441311466220911552e-01,1.000000000000000000e+01,5.881768464249526573e+01,4.282068390325270570e+02,2.569241034195162570e+02
4.298665554628857421e+01,3.441311466220911552e-01,1.000000000000000000e+01,5.904614871766243311e+01,4.298665554628856285e+02,2.579199332777314453e+02
4.315262718932444130e+01,3.441311466220911552e-01,1.000000000000000000e+01,5.927461279282960760e+01,4.315262718932443136e+02,2.589157631359466336e+02
4.331859883236030129e+01,3.441311466220911552e-01,1.000000000000000000e+01,5.950307686799676787e+01,4.331859883236028850e+02,2.599115929941618219e+02
4.348457047539616838e+01,3.441311466220911552e-01,1.000000000000000000e+01,5.973154094316394946e+01,4.348457047539615701e+02,2.609074228523770103e+02
4.365054211843202836e+01,3.441311466220911552e-01,1.000000000000000000e+01,5.996000501833110974e+01,4.365054211843201415e+02,2.619032527105921417e+02
4.381651376146789545e+01,3.441311466220911552e-01,1.000000000000000000e+01,6.018846909349828422e+01,4.381651376146788266e+02,2.628990825688073869e+02
4.398248540450375543e+01,3.441311466220911552e-01,1.000000000000000000e+01,6.041693316866545160e+01,4.398248540450374549e+02,2.638949124270225184e+02
4.414845704753962252e+01,3.441311466220911552e-01,1.000000000000000000e+01,6.064539724383262609e+01,4.414845704753960831e+02,2.648907422852377636e+02
4.431442869057548251e+01,3.441311466220911552e-01,1.000000000000000000e+01,6.087386131899979347e+01,4.431442869057547114e+02,2.658865721434528950e+02
4.448040033361134249e+01,3.441311466220911552e-01,1.000000000000000000e+01,6.110232539416696085e+01,4.448040033361132828e+02,2.668824020016680834e+02
4.464637197664720958e+01,3.441311466220911552e-01,1.000000000000000000e+01,6.133078946933413533e+01,4.464637197664719679e+02,2.678782318598832717e+02
4.481234361968306956e+01,3.441311466220911552e-01,1.000000000000000000e+01,6.155925354450130271e+01,4.481234361968305961e+02,2.688740617180984032e+02
4.497831526271893665e+01,3.441311466220911552e-01,1.000000000000000000e+01,6.178771761966847720e+01,4.497831526271892244e+02,2.698698915763136483e+02
4.514428690575479663e+01,3.441311466220911552e-01,1.000000000000000000e+01,6.201618169483563747e+01,4.514428690575478527e+02,2.708657214345287798e+02
4.531025854879066372e+01,3.441311466220911552e-01,1.000000000000000000e+01,6.224464577000281196e+01,4.531025854879065378e+02,2.718615512927439681e+02
4.547623019182652371e+01,3.441311466220911552e-01,1.000000000000000000e+01,6.247310984516997934e+01,4.547623019182651092e+02,2.728573811509591565e+02
4.564220183486239080e+01,3.441311466220911552e-01,1.000000000000000000e+01,6.270157392033715382e+01,4.564220183486237943e+02,2.738532110091743448e+02
4.580817347789825078e+01,3.441311466220912108e-01,1.000000000000000000e+01,6.293003799550432120e+01,4.580817347789823657e+02,2.748490408673894763e+02
4.597414512093411787e+01,3.441311466220912108e-01,1.000000000000000000e+01,6.315850207067149569e+01,4.597414512093410508e+02,2.758448707256047214e+02
4.614011676396997785e+01,3.441311466220912108e-01,1.000000000000000000e+01,6.338696614583866307e+01,4.614011676396996791e+02,2.768407005838198529e+02
4.630608840700584494e+01,3.441311466220912108e-01,1.000000000000000000e+01,6.361543022100583755e+01,4.630608840700583073e+02,2.778365304420350981e+02
4.647206005004170493e+01,3.441311466220912108e-01,1.000000000000000000e+01,6.384389429617300493e+01,4.647206005004169356e+02,2.788323603002502296e+02
4.663803169307756491e+01,3.441311466220912108e-01,1.000000000000000000e+01,6.407235837134015810e+01,4.663803169307755070e+02,2.798281901584654179e+02
4.680400333611343200e+01,3.441311466220912108e-01,1.000000000000000000e+01,6.430082244650733969e+01,4.680400333611341921e+02,2.808240200166806062e+02
4.696997497914929198e+01,3.441311466220911552e-01,1.000000000000000000e+01,6.452928652167450707e+01,4.696997497914927635e+02,2.818198498748957945e+02
4.713594662218515907e+01,3.441311466220911552e-01,1.000000000000000000e+01,6.475775059684167445e+01,4.713594662218514486e+02,2.828156797331109829e+02
4.730191826522101906e+01,3.441311466220911552e-01,1.000000000000000000e+01,6.498621467200885604e+01,4.730191826522100769e+02,2.838115095913261712e+02
4.746788990825688614e+01,3.441311466220911552e-01,1.000000000000000000e+01,6.521467874717602342e+01,4.746788990825687620e+02,2.848073394495413595e+02
4.763386155129274613e+01,3.441311466220911552e-01,1.000000000000000000e+01,6.544314282234319080e+01,4.763386155129273902e+02,2.858031693077565478e+02
4.779983319432861322e+01,3.441311466220911552e-01,1.000000000000000000e+01,6.567160689751037239e+01,4.779983319432860185e+02,2.867989991659717361e+02
4.796580483736447320e+01,3.441311466220911552e-01,1.000000000000000000e+01,6.590007097267752556e+01,4.796580483736446467e+02,2.877948290241868676e+02
4.813177648040034029e+01,3.441311466220911552e-01,1.000000000000000000e+01,6.612853504784470715e+01,4.813177648040033318e+02,2.887906588824021128e+02
4.829774812343620027e+01,3.441311466220911552e-01,1.000000000000000000e+01,6.635699912301186032e+01,4.829774812343619033e+02,2.897864887406171874e+02
4.846371976647206026e+01,3.441311466220911552e-01,1.000000000000000000e+01,6.658546319817902770e+01,4.846371976647204747e+02,2.907823185988323758e+02
4.862969140950792735e+01,3.441311466220911552e-01,1.000000000000000000e+01,6.681392727334620929e+01,4.862969140950791598e+02,2.917781484570475641e+02
4.879566305254378733e+01,3.441311466220911552e-01,1.000000000000000000e+01,6.704239134851337667e+01,4.879566305254377312e+02,2.927739783152627524e+02
4.896163469557965442e+01,3.441311466220910997e-01,1.000000000000000000e+01,6.727085542368054405e+01,4.896163469557964163e+02,2.937698081734779407e+02
4.912760633861551440e+01,3.441311466220910997e-01,1.000000000000000000e+01,6.749931949884771143e+01,4.912760633861549877e+02,2.947656380316931291e+02
4.929357798165138149e+01,3.441311466220910997e-01,1.000000000000000000e+01,6.772778357401489302e+01,4.929357798165136728e+02,2.957614678899083174e+02
4.945954962468724148e+01,3.441311466220910997e-01,1.000000000000000000e+01,6.795624764918204619e+01,4.945954962468723011e+02,2.967572977481235057e+02
4.962552126772310856e+01,3.441311466220910997e-01,1.000000000000000000e+01,6.818471172434922778e+01,4.962552126772309862e+02,2.977531276063386940e+02
4.979149291075896855e+01,3.441311466220910997e-01,1.000000000000000178e+01,6.841317579951639516e+01,4.979149291075896144e+02,2.987489574645538255e+02
4.995746455379483564e+01,3.441311466220910997e-01,1.000000000000000178e+01,6.864163987468356254e+01,4.995746455379482427e+02,2.997447873227690138e+02
5.012343619683069562e+01,3.441311466220910997e-01,1.000000000000000178e+01,6.887010394985074413e+01,5.012343619683068709e+02,3.007406171809842022e+02
5.028940783986655561e+01,3.441311466220910997e-01,1.000000000000000178e+01,6.909856802501789730e+01,5.028940783986654424e+02,3.017364470391993336e+02
5.045537948290242269e+01,3.441311466220910997e-01,1.000000000000000178e+01,6.932703210018507889e+01,5.045537948290241275e+02,3.027322768974145220e+02
5.062135112593828268e+01,3.441311466220910997e-01,1.000000000000000178e+01,6.955549617535223206e+01,5.062135112593826989e+02,3.037281067556297103e+02
5.078732276897414977e+01,3.441311466220910997e-01,1.000000000000000178e+01,6.978396025051941365e+01,5.078732276897413840e+02,3.047239366138448986e+02
5.095329441201000975e+01,3.441311466220910997e-01,1.000000000000000178e+01,7.001242432568658103e+01,5.095329441200999554e+02,3.057197664720600869e+02
5.111926605504587684e+01,3.441311466220910997e-01,1.000000000000000178e+01,7.024088840085374841e+01,5.111926605504586405e+02,3.067155963302752752e+02
5.128523769808173682e+01,3.441311466220910997e-01,1.000000000000000178e+01,7.046935247602093000e+01,5.128523769808172119e+02,3.077114261884904636e+02
5.145120934111760391e+01,3.441311466220910997e-01,1.000000000000000178e+01,7.069781655118809738e+01,5.145120934111758970e+02,3.087072560467056519e+02
5.161718098415346390e+01,3.441311466220910442e-01,1.000000000000000178e+01,7.092628062635526476e+01,5.161718098415344684e+02,3.097030859049207834e+02
5.178315262718933099e+01,3.441311466220910442e-01,1.000000000000000178e+01,7.115474470152244635e+01,5.178315262718931535e+02,3.106989157631360285e+02
5.194912427022519097e+01,3.441311466220910442e-01,1.000000000000000178e+01,7.138320877668959952e+01,5.194912427022518386e+02,3.116947456213511600e+02
5.211509591326105806e+01,3.441311466220910442e-01,1.000000000000000178e+01,7.161167285185678111e+01,5.211509591326105237e+02,3.126905754795663483e+02
5.228106755629691804e+01,3.441311466220910442e-01,1.000000000000000178e+01,7.184013692702393428e+01,5.228106755629690952e+02,3.136864053377815367e+02
5.244703919933277803e+01,3.441311466220910442e-01,1.000000000000000178e+01,7.206860100219111587e+01,5.244703919933276666e+02,3.146822351959966682e+02
5.261301084236864511e+01,3.441311466220910442e-01,1.000000000000000178e+01,7.229706507735828325e+01,5.261301084236863517e+02,3.156780650542118565e+02
5.277898248540450510e+01,3.441311466220910442e-01,1.000000000000000178e+01,7.252552915252545063e+01,5.277898248540449231e+02,3.166738949124270448e+02
5.294495412844037219e+01,3.441311466220910442e-01,1.000000000000000178e+01,7.275399322769263222e+01,5.294495412844036082e+02,3.176697247706422331e+02
5.311092577147623217e+01,3.441311466220910442e-01,1.000000000000000178e+01,7.298245730285978539e+01,5.311092577147621796e+02,3.186655546288574214e+02
5.327689741451209926e+01,3.441311466220910442e-01,1.000000000000000178e+01,7.321092137802696698e+01,5.327689741451208647e+02,3.196613844870726098e+02
5.344286905754795924e+01,3.441311466220910442e-01,1.000000000000000178e+01,7.343938545319413436e+01,5.344286905754794361e+02,3.206572143452877981e+02
5.360884070058382633e+01,3.441311466220910442e-01,1.000000000000000178e+01,7.366784952836130174e+01,5.360884070058381212e+02,3.216530442035029864e+02
5.377481234361968632e+01,3.441311466220910442e-01,1.000000000000000178e+01,7.389631360352846912e+01,5.377481234361966926e+02,3.226488740617181179e+02
5.394078398665555341e+01,3.441311466220910442e-01,1.000000000000000178e+01,7.412477767869565071e+01,5.394078398665553777e+02,3.236447039199333631e+02
5.410675562969141339e+01,3.441311466220910442e-01,1.000000000000000178e+01,7.435324175386281809e+01,5.410675562969140628e+02,3.246405337781484945e+02
5.427272727272727337e+01,3.441311466220910442e-01,1.000000000000000178e+01,7.458170582902997126e+01,5.427272727272726343e+02,3.256363636363636829e+02
5.443869891576314046e+01,3.441311466220910442e-01,1.000000000000000178e+01,7.481016990419715285e+01,5.443869891576313194e+02,3.266321934945788712e+02
5.460467055879900045e+01,3.441311466220910442e-01,1.000000000000000178e+01,7.503863397936432023e+01,5.460467055879898908e+02,3.276280233527940027e+02
5.477064220183486754e+01,3.441311466220910442e-01,1.000000000000000178e+01,7.526709805453148761e+01,5.477064220183485759e+02,3.286238532110091910e+02
5.493661384487072752e+01,3.441311466220910442e-01,1.000000000000000178e+01,7.549556212969865499e+01,5.493661384487071473e+02,3.296196830692243793e+02
5.510258548790659461e+01,3.441311466220910442e-01,1.000000000000000178e+01,7.572402620486583658e+01,5.510258548790658324e+02,3.306155129274395676e+02
5.526855713094245459e+01,3.441311466220910442e-01,1.000000000000000178e+01,7.595249028003300396e+01,5.526855713094244038e+02,3.316113427856547560e+02
5.543452877397832168e+01,3.441311466220910442e-01,1.000000000000000178e+01,7.618095435520017134e+01,5.543452877397830889e+02,3.326071726438699443e+02
5.560050041701418166e+01,3.441311466220910442e-01,1.000000000000000178e+01,7.640941843036733871e+01,5.560050041701416603e+02,3.336030025020851326e+02
5.576647206005004875e+01,3.441311466220909887e-01,1.000000000000000178e+01,7.663788250553452031e+01,5.576647206005003454e+02,3.345988323603003209e+02
5.593244370308590874e+01,3.441311466220909887e-01,1.000000000000000178e+01,7.686634658070167347e+01,5.593244370308589168e+02,3.355946622185154524e+02
5.609841534612176872e+01,3.441311466220909887e-01,1.000000000000000178e+01,7.709481065586884085e+01,5.609841534612176019e+02,3.365904920767306407e+02
5.626438698915763581e+01,3.441311466220909887e-01,1.000000000000000178e+01,7.732327473103602244e+01,5.626438698915762870e+02,3.375863219349458291e+02
5.643035863219349579e+01,3.441311466220909887e-01,1.000000000000000178e+01,7.755173880620318982e+01,5.643035863219348585e+02,3.385821517931610174e+02
5.659633027522936288e+01,3.441311466220909887e-01,1.000000000000000178e+01,7.778020288137035720e+01,5.659633027522935436e+02,3.395779816513762057e+02
5.676230191826522287e+01,3.441311466220909887e-01,1.000000000000000178e+01,7.800866695653752458e+01,5.676230191826521150e+02,3.405738115095913372e+02
5.692827356130108996e+01,3.441311466220909887e-01,1.000000000000000178e+01,7.823713103170469196e+01,5.692827356130108001e+02,3.415696413678065255e+02
5.709424520433694994e+01,3.441311466220909887e-01,1.000000000000000178e+01,7.846559510687185934e+01,5.709424520433693715e+02,3.425654712260217138e+02
5.726021684737281703e+01,3.441311466220909887e-01,1.000000000000000178e+01,7.869405918203904093e+01,5.726021684737280566e+02,3.435613010842369022e+02
5.742618849040867701e+01,3.441311466220909887e-01,1.000000000000000178e+01,7.892252325720620831e+01,5.742618849040866280e+02,3.445571309424520905e+02
5.759216013344454410e+01,3.441311466220909887e-01,1.000000000000000178e+01,7.915098733237337569e+01,5.759216013344453131e+02,3.455529608006672788e+02
5.775813177648040408e+01,3.441311466220909887e-01,1.000000000000000178e+01,7.937945140754054307e+01,5.775813177648038845e+02,3.465487906588824671e+02
5.792410341951627117e+01,3.441311466220909887e-01,1.000000000000000178e+01,7.960791548270771045e+01,5.792410341951625696e+02,3.475446205170976555e+02
5.809007506255213116e+01,3.441311466220909887e-01,1.000000000000000178e+01,7.983637955787489204e+01,5.809007506255211410e+02,3.485404503753127869e+02
5.825604670558799114e+01,3.441311466220909887e-01,1.000000000000000178e+01,8.006484363304204521e+01,5.825604670558798261e+02,3.495362802335279753e+02
5.842201834862385823e+01,3.441311466220909887e-01,1.000000000000000178e+01,8.029330770820922680e+01,5.842201834862385113e+02,3.505321100917431636e+02
5.858798999165971821e+01,3.441311466220909887e-01,1.000000000000000178e+01,8.052177178337639418e+01,5.858798999165970827e+02,3.515279399499582951e+02
5.875396163469558530e+01,3.441311466220909887e-01,1.000000000000000178e+01,8.075023585854356156e+01,5.875396163469557678e+02,3.525237698081735402e+02
5.891993327773144529e+01,3.441311466220909887e-01,1.000000000000000178e+01,8.097869993371072894e+01,5.891993327773143392e+02,3.535195996663886717e+02
5.908590492076731238e+01,3.441311466220909887e-01,1.000000000000000178e+01,8.120716400887791053e+01,5.908590492076730243e+02,3.545154295246038600e+02
5.925187656380317236e+01,3.441311466220909887e-01,1.000000000000000178e+01,8.143562808404507791e+01,5.925187656380315957e+02,3.555112593828190484e+02
5.941784820683903945e+01,3.441311466220909887e-01,1.000000000000000178e+01,8.166409215921224529e+01,5.941784820683902808e+02,3.565070892410342367e+02
5.958381984987489943e+01,3.441311466220909887e-01,1.000000000000000178e+01,8.189255623437941267e+01,5.958381984987488522e+02,3.575029190992494250e+02
5.974979149291076652e+01,3.441311466220909887e-01,1.000000000000000178e+01,8.212102030954658005e+01,5.974979149291075373e+02,3.584987489574646133e+02
5.991576313594662651e+01,3.441311466220909887e-01,1.000000000000000178e+01,8.234948438471374743e+01,5.991576313594661087e+02,3.594945788156798017e+02
6.008173477898248649e+01,3.441311466220909887e-01,1.000000000000000178e+01,8.257794845988091481e+01,6.008173477898247938e+02,3.604904086738949331e+02
6.024770642201835358e+01,3.441311466220909887e-01,1.000000000000000178e+01,8.280641253504809640e+01,6.024770642201833653e+02,3.614862385321101215e+02
6.041367806505421356e+01,3.441311466220909887e-01,1.000000000000000178e+01,8.303487661021524957e+01,6.041367806505420504e+02,3.624820683903252529e+02
6.057964970809008065e+01,3.441311466220909887e-01,1.000000000000000178e+01,8.326334068538243116e+01,6.057964970809007355e+02,3.634778982485404981e+02
6.074562135112594063e+01,3.441311466220909887e-01,1.000000000000000178e+01,8.349180476054959854e+01,6.074562135112593069e+02,3.644737281067556296e+02
6.091159299416180772e+01,3.441311466220909887e-01,1.000000000000000178e+01,8.372026883571676592e+01,6.091159299416179920e+02,3.654695579649708748e+02
6.107756463719766771e+01,3.441311466220909887e-01,1.000000000000000178e+01,8.394873291088393330e+01,6.107756463719765634e+02,3.664653878231860062e+02
6.124353628023353480e+01,3.441311466220909887e-01,1.000000000000000178e+01,8.417719698605111489e+01,6.124353628023352485e+02,3.674612176814011946e+02
6.140950792326939478e+01,3.441311466220910442e-01,1.000000000000000178e+01,8.440566106121828227e+01,6.140950792326938199e+02,3.684570475396163829e+02
6.157547956630526187e+01,3.441311466220910442e-01,1.000000000000000178e+01,8.463412513638544965e+01,6.157547956630525050e+02,3.694528773978315712e+02
6.174145120934112185e+01,3.441311466220910442e-01,1.000000000000000178e+01,8.486258921155261703e+01,6.174145120934110764e+02,3.704487072560467595e+02
6.190742285237698184e+01,3.441311466220910442e-01,1.000000000000000178e+01,8.509105328671978441e+01,6.190742285237697615e+02,3.714445371142618910e+02
6.207339449541284893e+01,3.441311466220910442e-01,1.000000000000000178e+01,8.531951736188696600e+01,6.207339449541283329e+02,3.724403669724770793e+02
6.223936613844870891e+01,3.441311466220910442e-01,1.000000000000000178e+01,8.554798143705411917e+01,6.223936613844870180e+02,3.734361968306922677e+02
6.240533778148457600e+01,3.441311466220910442e-01,1.000000000000000178e+01,8.577644551222130076e+01,6.240533778148455895e+02,3.744320266889074560e+02
6.257130942452043598e+01,3.441311466220910442e-01,1.000000000000000178e+01,8.600490958738846814e+01,6.257130942452042746e+02,3.754278565471225875e+02
6.273728106755630307e+01,3.441311466220910442e-01,1.000000000000000178e+01,8.623337366255563552e+01,6.273728106755629597e+02,3.764236864053378326e+02
6.290325271059216306e+01,3.441311466220910442e-01,1.000000000000000178e+01,8.646183773772280290e+01,6.290325271059215311e+02,3.774195162635529641e+02
6.306922435362803014e+01,3.441311466220910442e-01,1.000000000000000178e+01,8.669030181288998449e+01,6.306922435362802162e+02,3.784153461217681524e+02
6.323519599666389013e+01,3.441311466220910442e-01,1.000000000000000178e+01,8.691876588805715187e+01,6.323519599666387876e+02,3.794111759799833408e+02
6.340116763969975722e+01,3.441311466220910442e-01,1.000000000000000178e+01,8.714722996322431925e+01,6.340116763969974727e+02,3.804070058381985291e+02
6.356713928273561720e+01,3.441311466220910442e-01,1.000000000000000178e+01,8.737569403839148663e+01,6.356713928273560441e+02,3.814028356964137174e+02
6.373311092577148429e+01,3.441311466220910442e-01,1.000000000000000178e+01,8.760415811355866822e+01,6.373311092577147292e+02,3.823986655546289057e+02
6.389908256880734427e+01,3.441311466220910442e-01,1.000000000000000178e+01,8.783262218872582139e+01,6.389908256880733006e+02,3.833944954128440941e+02
6.406505421184320426e+01,3.441311466220910442e-01,1.000000000000000178e+01,8.806108626389298877e+01,6.406505421184319857e+02,3.843903252710592255e+02
6.423102585487906424e+01,3.441311466220910442e-01,1.000000000000000178e+01,8.828955033906015615e+01,6.423102585487905571e+02,3.853861551292743570e+02
6.439699749791493844e+01,3.441311466220910442e-01,1.000000000000000178e+01,8.851801441422733774e+01,6.439699749791492422e+02,3.863819849874896590e+02
6.456296914095079842e+01,3.441311466220910442e-01,1.000000000000000178e+01,8.874647848939450512e+01,6.456296914095078137e+02,3.873778148457047905e+02
6.472894078398665840e+01,3.441311466220910442e-01,1.000000000000000178e+01,8.897494256456167250e+01,6.472894078398664988e+02,3.883736447039199220e+02
6.489491242702251839e+01,3.441311466220910442e-01,1.000000000000000178e+01,8.920340663972883988e+01,6.489491242702250702e+02,3.893694745621351103e+02
6.506088407005839258e+01,3.441311466220910442e-01,1.000000000000000178e+01,8.943187071489602147e+01,6.506088407005837553e+02,3.903653044203503555e+02
6.522685571309425256e+01,3.441311466220910442e-01,1.000000000000000178e+01,8.966033479006318885e+01,6.522685571309424404e+02,3.913611342785654870e+02
6.539282735613011255e+01,3.441311466220910442e-01,1.000000000000000178e+01,8.988879886523035623e+01,6.539282735613010118e+02,3.923569641367806753e+02
6.555879899916597253e+01,3.441311466220910442e-01,1.000000000000000178e+01,9.011726294039752361e+01,6.555879899916595832e+02,3.933527939949958636e+02
6.572477064220183252e+01,3.441311466220910997e-01,1.000000000000000178e+01,9.034572701556467678e+01,6.572477064220181546e+02,3.943486238532109951e+02
6.589074228523770671e+01,3.441311466220910997e-01,1.000000000000000178e+01,9.057419109073187258e+01,6.589074228523769534e+02,3.953444537114262403e+02
6.605671392827356669e+01,3.441311466220910997e-01,1.000000000000000178e+01,9.080265516589903996e+01,6.605671392827355248e+02,3.963402835696414286e+02
6.622268557130942668e+01,3.441311466220910997e-01,1.000000000000000178e+01,9.103111924106619313e+01,6.622268557130940962e+02,3.973361134278565601e+02
6.638865721434528666e+01,3.441311466220910997e-01,1.000000000000000178e+01,9.125958331623336051e+01,6.638865721434527813e+02,3.983319432860716915e+02
6.655462885738116086e+01,3.441311466220910997e-01,1.000000000000000178e+01,9.148804739140055631e+01,6.655462885738114664e+02,3.993277731442869936e+02
6.672060050041702084e+01,3.441311466220910997e-01,1.000000000000000178e+01,9.171651146656770948e+01,6.672060050041700379e+02,4.003236030025021250e+02
6.688657214345288082e+01,3.441311466220910997e-01,1.000000000000000178e+01,9.194497554173487686e+01,6.688657214345287230e+02,4.013194328607173134e+02
6.705254378648874081e+01,3.441311466220910997e-01,1.000000000000000178e+01,9.217343961690204424e+01,6.705254378648872944e+02,4.023152627189324448e+02
6.721851542952461500e+01,3.441311466220910997e-01,1.000000000000000178e+01,9.240190369206922583e+01,6.721851542952459795e+02,4.033110925771476900e+02
6.738448707256047499e+01,3.441311466220910997e-01,1.000000000000000178e+01,9.263036776723639321e+01,6.738448707256046646e+02,4.043069224353628215e+02
6.755045871559633497e+01,3.441311466220910997e-01,1.000000000000000178e+01,9.285883184240356059e+01,6.755045871559632360e+02,4.053027522935780098e+02
6.771643035863219495e+01,3.441311466220910997e-01,1.000000000000000178e+01,9.308729591757072797e+01,6.771643035863218074e+02,4.062985821517931981e+02
6.788240200166805494e+01,3.441311466220910997e-01,1.000000000000000178e+01,9.331575999273789535e+01,6.788240200166803788e+02,4.072944120100083296e+02
6.804837364470392913e+01,3.441311466220910997e-01,1.000000000000000178e+01,9.354422406790507694e+01,6.804837364470391776e+02,4.082902418682235748e+02
6.821434528773978911e+01,3.441311466220911552e-01,1.000000000000000000e+01,9.377268814307224432e+01,6.821434528773977490e+02,4.092860717264387631e+02
6.838031693077564910e+01,3.441311466220911552e-01,1.000000000000000000e+01,9.400115221823941170e+01,6.838031693077563204e+02,4.102819015846538946e+02
6.854628857381150908e+01,3.441311466220911552e-01,1.000000000000000000e+01,9.422961629340656486e+01,6.854628857381150056e+02,4.112777314428690829e+02
6.871226021684738328e+01,3.441311466220911552e-01,1.000000000000000000e+01,9.445808036857376067e+01,6.871226021684736907e+02,4.122735613010843281e+02
6.887823185988324326e+01,3.441311466220911552e-01,1.000000000000000000e+01,9.468654444374092805e+01,6.887823185988322621e+02,4.132693911592994596e+02
6.904420350291910324e+01,3.441311466220911552e-01,1.000000000000000000e+01,9.491500851890808121e+01,6.904420350291909472e+02,4.142652210175146479e+02
6.921017514595496323e+01,3.441311466220911552e-01,1.000000000000000000e+01,9.514347259407524859e+01,6.921017514595495186e+02,4.152610508757297794e+02
6.937614678899083742e+01,3.441311466220911552e-01,1.000000000000000000e+01,9.537193666924244440e+01,6.937614678899083174e+02,4.162568807339450245e+02
6.954211843202669741e+01,3.441311466220911552e-01,1.000000000000000000e+01,9.560040074440959756e+01,6.954211843202668888e+02,4.172527105921601560e+02
6.970809007506255739e+01,3.441311466220911552e-01,1.000000000000000000e+01,9.582886481957676494e+01,6.970809007506254602e+02,4.182485404503753443e+02
6.987406171809841737e+01,3.441311466220911552e-01,1.000000000000000000e+01,9.605732889474393232e+01,6.987406171809840316e+02,4.192443703085905327e+02
7.004003336113427736e+01,3.441311466220911552e-01,1.000000000000000000e+01,9.628579296991109970e+01,7.004003336113426030e+02,4.202402001668056641e+02
7.020600500417015155e+01,3.441311466220912108e-01,1.000000000000000000e+01,9.651425704507828129e+01,7.020600500417014018e+02,4.212360300250209093e+02
7.037197664720601153e+01,3.441311466220912108e-01,1.000000000000000000e+01,9.674272112024544867e+01,7.037197664720599732e+02,4.222318598832360976e+02
7.053794829024187152e+01,3.441311466220912108e-01,1.000000000000000000e+01,9.697118519541261605e+01,7.053794829024185447e+02,4.232276897414512291e+02
7.070391993327773150e+01,3.441311466220912108e-01,1.000000000000000000e+01,9.719964927057978343e+01,7.070391993327772298e+02,4.242235195996663606e+02
7.086989157631360570e+01,3.441311466220912108e-01,1.000000000000000000e+01,9.742811334574696502e+01,7.086989157631359149e+02,4.252193494578816626e+02
7.103586321934946568e+01,3.441311466220912108e-01,1.000000000000000000e+01,9.765657742091413240e+01,7.103586321934944863e+02,4.262151793160967941e+02
7.120183486238532566e+01,3.441311466220912108e-01,1.000000000000000000e+01,9.788504149608129978e+01,7.120183486238531714e+02,4.272110091743119824e+02
7.136780650542118565e+01,3.441311466220912108e-01,1.000000000000000000e+01,9.811350557124845295e+01,7.136780650542117428e+02,4.282068390325271139e+02
7.153377814845704563e+01,3.441311466220912108e-01,1.000000000000000000e+01,9.834196964641563454e+01,7.153377814845703142e+02,4.292026688907423022e+02
7.169974979149291983e+01,3.441311466220912108e-01,1.000000000000000000e+01,9.857043372158281613e+01,7.169974979149291130e+02,4.301984987489575474e+02
7.186572143452877981e+01,3.441311466220912108e-01,1.000000000000000000e+01,9.879889779674996930e+01,7.186572143452876844e+02,4.311943286071726789e+02
7.203169307756463979e+01,3.441311466220912108e-01,1.000000000000000000e+01,9.902736187191715089e+01,7.203169307756462558e+02,4.321901584653878672e+02
7.219766472060049978e+01,3.441311466220912108e-01,1.000000000000000000e+01,9.925582594708430406e+01,7.219766472060048272e+02,4.331859883236030555e+02
7.236363636363637397e+01,3.441311466220912108e-01,1.000000000000000000e+01,9.948429002225148565e+01,7.236363636363636260e+02,4.341818181818182438e+02
7.252960800667223396e+01,3.441311466220912108e-01,1.000000000000000000e+01,9.971275409741865303e+01,7.252960800667221974e+02,4.351776480400334322e+02
7.269557964970809394e+01,3.441311466220912108e-01,1.000000000000000000e+01,9.994121817258582041e+01,7.269557964970808825e+02,4.361734778982486205e+02
7.286155129274395392e+01,3.441311466220912108e-01,1.000000000000000000e+01,1.001696822477529878e+02,7.286155129274394540e+02,4.371693077564637520e+02
7.302752293577982812e+01,3.441311466220912108e-01,1.000000000000000000e+01,1.003981463229201694e+02,7.302752293577981391e+02,4.381651376146789971e+02
7.319349457881568810e+01,3.441311466220912108e-01,1.000000000000000000e+01,1.006266103980873368e+02,7.319349457881567105e+02,4.391609674728941854e+02
7.335946622185154808e+01,3.441311466220912108e-01,1.000000000000000000e+01,1.008550744732545041e+02,7.335946622185153956e+02,4.401567973311093169e+02
7.352543786488740807e+01,3.441311466220912108e-01,1.000000000000000000e+01,1.010835385484216715e+02,7.352543786488739670e+02,4.411526271893244484e+02
7.369140950792326805e+01,3.441311466220912108e-01,1.000000000000000000e+01,1.013120026235888389e+02,7.369140950792325384e+02,4.421484570475396367e+02
7.385738115095914225e+01,3.441311466220912108e-01,1.000000000000000000e+01,1.015404666987560205e+02,7.385738115095913372e+02,4.431442869057548819e+02
7.402335279399500223e+01,3.441311466220912108e-01,1.000000000000000000e+01,1.017689307739231879e+02,7.402335279399499086e+02,4.441401167639700134e+02
7.418932443703086221e+01,3.441311466220912108e-01,1.000000000000000000e+01,1.019973948490903410e+02,7.418932443703084800e+02,4.451359466221852017e+02
7.435529608006672220e+01,3.441311466220912108e-01,1.000000000000000000e+01,1.022258589242575226e+02,7.435529608006670514e+02,4.461317764804003900e+02
7.452126772310259639e+01,3.441311466220912108e-01,1.000000000000000000e+01,1.024543229994247042e+02,7.452126772310258502e+02,4.471276063386155784e+02
7.468723936613845638e+01,3.441311466220912108e-01,1.000000000000000000e+01,1.026827870745918574e+02,7.468723936613844216e+02,4.481234361968307667e+02
7.485321100917431636e+01,3.441311466220912108e-01,1.000000000000000000e+01,1.029112511497590248e+02,7.485321100917431068e+02,4.491192660550458982e+02
7.501918265221017634e+01,3.441311466220912108e-01,1.000000000000000000e+01,1.031397152249261921e+02,7.501918265221016782e+02,4.501150959132610865e+02
7.518515429524605054e+01,3.441311466220912108e-01,1.000000000000000000e+01,1.033681793000933737e+02,7.518515429524603633e+02,4.511109257714763316e+02
7.535112593828191052e+01,3.441311466220912108e-01,1.000000000000000000e+01,1.035966433752605411e+02,7.535112593828189347e+02,4.521067556296914631e+02
7.551709758131777050e+01,3.441311466220912108e-01,1.000000000000000000e+01,1.038251074504277085e+02,7.551709758131776198e+02,4.531025854879066515e+02
7.568306922435363049e+01,3.441311466220912108e-01,1.000000000000000000e+01,1.040535715255948759e+02,7.568306922435361912e+02,4.540984153461217829e+02
7.584904086738949047e+01,3.441311466220912108e-01,1.000000000000000000e+01,1.042820356007620433e+02,7.584904086738947626e+02,4.550942452043369713e+02
7.601501251042536467e+01,3.441311466220912108e-01,1.000000000000000000e+01,1.045104996759292248e+02,7.601501251042535614e+02,4.560900750625522164e+02
7.618098415346122465e+01,3.441311466220912108e-01,1.000000000000000000e+01,1.047389637510963922e+02,7.618098415346121328e+02,4.570859049207673479e+02
7.634695579649708463e+01,3.441311466220912108e-01,1.000000000000000000e+01,1.049674278262635596e+02,7.634695579649707042e+02,4.580817347789825362e+02
7.651292743953294462e+01,3.441311466220912108e-01,1.000000000000000000e+01,1.051958919014307270e+02,7.651292743953292756e+02,4.590775646371977246e+02
7.667889908256881881e+01,3.441311466220912108e-01,1.000000000000000000e+01,1.054243559765979086e+02,7.667889908256880744e+02,4.600733944954129129e+02
7.684487072560467880e+01,3.441311466220912108e-01,1.000000000000000000e+01,1.056528200517650760e+02,7.684487072560466459e+02,4.610692243536281012e+02
7.701084236864053878e+01,3.441311466220912108e-01,1.000000000000000000e+01,1.058812841269322291e+02,7.701084236864053310e+02,4.620650542118432327e+02
7.717681401167639876e+01,3.441311466220912108e-01,1.000000000000000000e+01,1.061097482020993965e+02,7.717681401167639024e+02,4.630608840700584210e+02
7.734278565471225875e+01,3.441311466220912108e-01,1.000000000000000000e+01,1.063382122772665639e+02,7.734278565471224738e+02,4.640567139282735525e+02
7.750875729774813294e+01,3.441311466220912108e-01,1.000000000000000000e+01,1.065666763524337455e+02,7.750875729774811589e+02,4.650525437864887977e+02
7.767472894078399293e+01,3.441311466220912108e-01,1.000000000000000000e+01,1.067951404276009129e+02,7.767472894078398440e+02,4.660483736447039860e+02
7.784070058381985291e+01,3.441311466220912108e-01,1.000000000000000000e+01,1.070236045027680802e+02,7.784070058381984154e+02,4.670442035029191175e+02
7.800667222685571289e+01,3.441311466220912108e-01,1.000000000000000000e+01,1.072520685779352476e+02,7.800667222685569868e+02,4.680400333611343058e+02
7.817264386989158709e+01,3.441311466220912108e-01,1.000000000000000000e+01,1.074805326531024292e+02,7.817264386989157856e+02,4.690358632193495509e+02
7.833861551292744707e+01,3.441311466220912108e-01,1.000000000000000000e+01,1.077089967282695966e+02,7.833861551292743570e+02,4.700316930775646824e+02
7.850458715596330705e+01,3.441311466220912108e-01,1.000000000000000000e+01,1.079374608034367640e+02,7.850458715596329284e+02,4.710275229357798707e+02
7.867055879899916704e+01,3.441311466220912108e-01,1.000000000000000000e+01,1.081659248786039313e+02,7.867055879899914999e+02,4.720233527939950591e+02
7.883653044203504123e+01,3.441311466220912108e-01,1.000000000000000000e+01,1.083943889537711129e+02,7.883653044203502986e+02,4.730191826522102474e+02
7.900250208507090122e+01,3.441311466220912108e-01,1.000000000000000000e+01,1.086228530289382803e+02,7.900250208507088701e+02,4.740150125104254357e+02
7.916847372810676120e+01,3.441311466220912108e-01,1.000000000000000000e+01,1.088513171041054477e+02,7.916847372810675552e+02,4.750108423686405672e+02
7.933444537114262118e+01,3.441311466220912108e-01,1.000000000000000000e+01,1.090797811792726009e+02,7.933444537114261266e+02,4.760066722268557555e+02
7.950041701417848117e+01,3.441311466220912108e-01,1.000000000000000000e+01,1.093082452544397825e+02,7.950041701417846980e+02,4.770025020850708870e+02
7.966638865721435536e+01,3.441311466220912108e-01,1.000000000000000000e+01,1.095367093296069640e+02,7.966638865721433831e+02,4.779983319432861322e+02
7.983236030025021535e+01,3.441311466220912108e-01,1.000000000000000000e+01,1.097651734047741172e+02,7.983236030025020682e+02,4.789941618015013205e+02
7.999833194328607533e+01,3.441311466220912108e-01,1.000000000000000000e+01,1.099936374799412988e+02,7.999833194328606396e+02,4.799899916597164520e+02
8.016430358632193531e+01,3.441311466220912108e-01,1.000000000000000000e+01,1.102221015551084520e+02,8.016430358632192110e+02,4.809858215179316403e+02
8.033027522935780951e+01,3.441311466220912108e-01,1.000000000000000000e+01,1.104505656302756336e+02,8.033027522935780098e+02,4.819816513761468855e+02
8.049624687239366949e+01,3.441311466220912108e-01,1.000000000000000000e+01,1.106790297054428152e+02,8.049624687239365812e+02,4.829774812343620169e+02
8.066221851542952948e+01,3.441311466220912108e-01,1.000000000000000000e+01,1.109074937806099683e+02,8.066221851542951526e+02,4.839733110925772053e+02
8.082819015846538946e+01,3.441311466220912108e-01,1.000000000000000000e+01,1.111359578557771357e+02,8.082819015846537241e+02,4.849691409507923936e+02
8.099416180150126365e+01,3.441311466220912108e-01,1.000000000000000000e+01,1.113644219309443315e+02,8.099416180150125228e+02,4.859649708090075819e+02
8.116013344453712364e+01,3.441311466220912108e-01,1.000000000000000000e+01,1.115928860061114847e+02,8.116013344453710943e+02,4.869608006672227702e+02
8.132610508757298362e+01,3.441311466220912108e-01,1.000000000000000000e+01,1.118213500812786521e+02,8.132610508757297794e+02,4.879566305254379017e+02
8.149207673060884360e+01,3.441311466220912108e-01,1.000000000000000000e+01,1.120498141564458194e+02,8.149207673060883508e+02,4.889524603836530900e+02
8.165804837364470359e+01,3.441311466220912108e-01,1.000000000000000000e+01,1.122782782316129868e+02,8.165804837364469222e+02,4.899482902418682215e+02
8.182402001668057778e+01,3.441311466220912108e-01,1.000000000000000000e+01,1.125067423067801684e+02,8.182402001668056073e+02,4.909441201000834667e+02
8.198999165971643777e+01,3.441311466220912108e-01,1.000000000000000000e+01,1.127352063819473358e+02,8.198999165971642924e+02,4.919399499582986550e+02
8.215596330275229775e+01,3.441311466220912108e-01,1.000000000000000000e+01,1.129636704571145032e+02,8.215596330275228638e+02,4.929357798165137865e+02
8.232193494578815773e+01,3.441311466220912108e-01,1.000000000000000000e+01,1.131921345322816705e+02,8.232193494578814352e+02,4.939316096747289748e+02
8.248790658882403193e+01,3.441311466220912108e-01,1.000000000000000000e+01,1.134205986074488521e+02,8.248790658882402340e+02,4.949274395329442200e+02
8.265387823185989191e+01,3.441311466220912108e-01,1.000000000000000000e+01,1.136490626826160053e+02,8.265387823185988054e+02,4.959232693911593515e+02
8.281984987489575190e+01,3.441311466220912108e-01,1.000000000000000000e+01,1.138775267577831869e+02,8.281984987489573768e+02,4.969190992493745398e+02
8.298582151793161188e+01,3.441311466220912108e-01,1.000000000000000000e+01,1.141059908329503401e+02,8.298582151793160619e+02,4.979149291075896713e+02
8.315179316096747186e+01,3.441311466220912108e-01,1.000000000000000000e+01,1.143344549081175074e+02,8.315179316096746334e+02,4.989107589658048028e+02
8.331776480400334606e+01,3.441311466220912108e-01,1.000000000000000000e+01,1.145629189832846890e+02,8.331776480400333185e+02,4.999065888240201048e+02
8.348373644703920604e+01,3.441311466220912108e-01,1.000000000000000000e+01,1.147913830584518564e+02,8.348373644703920036e+02,5.009024186822352362e+02
8.364970809007506602e+01,3.441311466220912108e-01,1.000000000000000000e+01,1.150198471336190238e+02,8.364970809007505750e+02,5.018982485404504246e+02
8.381567973311092601e+01,3.441311466220912108e-01,1.000000000000000000e+01,1.152483112087861912e+02,8.381567973311091464e+02,5.028940783986655561e+02
8.398165137614680020e+01,3.441311466220912108e-01,1.000000000000000000e+01,1.154767752839533728e+02,8.398165137614678315e+02,5.038899082568808012e+02
8.414762301918266019e+01,3.441311466220912108e-01,1.000000000000000000e+01,1.157052393591205401e+02,8.414762301918265166e+02,5.048857381150959895e+02
8.431359466221852017e+01,3.441311466220912108e-01,1.000000000000000000e+01,1.159337034342877075e+02,8.431359466221850880e+02,5.058815679733111210e+02
8.447956630525438015e+01,3.441311466220912108e-01,1.000000000000000000e+01,1.161621675094548749e+02,8.447956630525436594e+02,5.068773978315263093e+02
8.464553794829025435e+01,3.441311466220912108e-01,1.000000000000000000e+01,1.163906315846220565e+02,8.464553794829024582e+02,5.078732276897415545e+02
8.481150959132611433e+01,3.441311466220912108e-01,1.000000000000000000e+01,1.166190956597892239e+02,8.481150959132610296e+02,5.088690575479566860e+02
8.497748123436197432e+01,3.441311466220912108e-01,1.000000000000000000e+01,1.168475597349563913e+02,8.497748123436196011e+02,5.098648874061718743e+02
8.514345287739783430e+01,3.441311466220912108e-01,1.000000000000000000e+01,1.170760238101235586e+02,8.514345287739781725e+02,5.108607172643870058e+02
8.530942452043369428e+01,3.441311466220912108e-01,1.000000000000000000e+01,1.173044878852907118e+02,8.530942452043368576e+02,5.118565471226021941e+02
8.547539616346956848e+01,3.441311466220912108e-01,1.000000000000000000e+01,1.175329519604579076e+02,8.547539616346955427e+02,5.128523769808174393e+02
8.564136780650542846e+01,3.441311466220912108e-01,1.000000000000000000e+01,1.177614160356250750e+02,8.564136780650542278e+02,5.138482068390326276e+02
8.580733944954128845e+01,3.441311466220912108e-01,1.000000000000000000e+01,1.179898801107922282e+02,8.580733944954127992e+02,5.148440366972477023e+02
8.597331109257714843e+01,3.441311466220912108e-01,1.000000000000000000e+01,1.182183441859593955e+02,8.597331109257713706e+02,5.158398665554628906e+02
8.613928273561302262e+01,3.441311466220912108e-01,1.000000000000000000e+01,1.184468082611265913e+02,8.613928273561300557e+02,5.168356964136781926e+02
8.630525437864888261e+01,3.441311466220912108e-01,1.000000000000000000e+01,1.186752723362937445e+02,8.630525437864887408e+02,5.178315262718932672e+02
8.647122602168474259e+01,3.441311466220912108e-01,1.000000000000000000e+01,1.189037364114609119e+02,8.647122602168473122e+02,5.188273561301084555e+02
8.663719766472060257e+01,3.441311466220912108e-01,1.000000000000000000e+01,1.191322004866280793e+02,8.663719766472058836e+02,5.198231859883236439e+02
8.680316930775647677e+01,3.441311466220912108e-01,1.000000000000000000e+01,1.193606645617952609e+02,8.680316930775646824e+02,5.208190158465388322e+02
8.696914095079233675e+01,3.441311466220912108e-01,1.000000000000000000e+01,1.195891286369624282e+02,8.696914095079232538e+02,5.218148457047540205e+02
8.713511259382819674e+01,3.441311466220912108e-01,1.000000000000000000e+01,1.198175927121295956e+02,8.713511259382818253e+02,5.228106755629692088e+02
8.730108423686405672e+01,3.441311466220912108e-01,1.000000000000000000e+01,1.200460567872967630e+02,8.730108423686403967e+02,5.238065054211843972e+02
8.746705587989991670e+01,3.441311466220912108e-01,1.000000000000000000e+01,1.202745208624639304e+02,8.746705587989990818e+02,5.248023352793994718e+02
8.763302752293579090e+01,3.441311466220912108e-01,1.000000000000000000e+01,1.205029849376311120e+02,8.763302752293577669e+02,5.257981651376147738e+02
8.779899916597165088e+01,3.441311466220912108e-01,1.000000000000000000e+01,1.207314490127982793e+02,8.779899916597164520e+02,5.267939949958299621e+02
8.796497080900751087e+01,3.441311466220912108e-01,1.000000000000000000e+01,1.209599130879654467e+02,8.796497080900750234e+02,5.277898248540450368e+02
8.813094245204337085e+01,3.441311466220912108e-01,1.000000000000000000e+01,1.211883771631325999e+02,8.813094245204335948e+02,5.287856547122602251e+02
8.829691409507924504e+01,3.441311466220912108e-01,1.000000000000000000e+01,1.214168412382997957e+02,8.829691409507922799e+02,5.297814845704755271e+02
8.846288573811510503e+01,3.441311466220912108e-01,1.000000000000000000e+01,1.216453053134669489e+02,8.846288573811509650e+02,5.307773144286906017e+02
8.862885738115096501e+01,3.441311466220912108e-01,1.000000000000000000e+01,1.218737693886341162e+02,8.862885738115095364e+02,5.317731442869057901e+02
8.879482902418682500e+01,3.441311466220912108e-01,1.000000000000000000e+01,1.221022334638012836e+02,8.879482902418681078e+02,5.327689741451209784e+02
8.896080066722268498e+01,3.441311466220912108e-01,1.000000000000000000e+01,1.223306975389684510e+02,8.896080066722267929e+02,5.337648040033361667e+02
8.912677231025855917e+01,3.441311466220912108e-01,1.000000000000000000e+01,1.225591616141356326e+02,8.912677231025854780e+02,5.347606338615513550e+02
8.929274395329441916e+01,3.441311466220912108e-01,1.000000000000000000e+01,1.227876256893028000e+02,8.929274395329440495e+02,5.357564637197665434e+02
8.945871559633027914e+01,3.441311466220912108e-01,1.000000000000000000e+01,1.230160897644699673e+02,8.945871559633026209e+02,5.367522935779817317e+02
8.962468723936613912e+01,3.441311466220912108e-01,1.000000000000000000e+01,1.232445538396371347e+02,8.962468723936613060e+02,5.377481234361968063e+02
8.979065888240201332e+01,3.441311466220912108e-01,1.000000000000000000e+01,1.234730179148043163e+02,8.979065888240199911e+02,5.387439532944121083e+02
8.995663052543787330e+01,3.441311466220912108e-01,1.000000000000000000e+01,1.237014819899714837e+02,8.995663052543786762e+02,5.397397831526272967e+02
9.012260216847373329e+01,3.441311466220912108e-01,1.000000000000000000e+01,1.239299460651386511e+02,9.012260216847372476e+02,5.407356130108423713e+02
9.028857381150959327e+01,3.441311466220912108e-01,1.000000000000000000e+01,1.241584101403058185e+02,9.028857381150958190e+02,5.417314428690575596e+02
9.045454545454546746e+01,3.441311466220912108e-01,1.000000000000000000e+01,1.243868742154730000e+02,9.045454545454545041e+02,5.427272727272728616e+02
9.062051709758132745e+01,3.441311466220912108e-01,1.000000000000000000e+01,1.246153382906401674e+02,9.062051709758131892e+02,5.437231025854879363e+02
9.078648874061718743e+01,3.441311466220912108e-01,1.000000000000000000e+01,1.248438023658073348e+02,9.078648874061717606e+02,5.447189324437031246e+02
9.095246038365304742e+01,3.441311466220912108e-01,1.000000000000000000e+01,1.250722664409744880e+02,9.095246038365303320e+02,5.457147623019183129e+02
9.111843202668890740e+01,3.441311466220912108e-01,1.000000000000000000e+01,1.253007305161416554e+02,9.111843202668890171e+02,5.467105921601335012e+02
9.128440366972478159e+01,3.441311466220912108e-01,1.000000000000000000e+01,1.255291945913088369e+02,9.128440366972477023e+02,5.477064220183486896e+02
9.145037531276064158e+01,3.441311466220912108e-01,1.000000000000000000e+01,1.257576586664760043e+02,9.145037531276062737e+02,5.487022518765638779e+02
9.161634695579650156e+01,3.441311466220912108e-01,1.000000000000000000e+01,1.259861227416431717e+02,9.161634695579648451e+02,5.496980817347790662e+02
9.178231859883236154e+01,3.441311466220912108e-01,1.000000000000000000e+01,1.262145868168103391e+02,9.178231859883235302e+02,5.506939115929941408e+02
9.194829024186823574e+01,3.441311466220912108e-01,1.000000000000000000e+01,1.264430508919775207e+02,9.194829024186822153e+02,5.516897414512094429e+02
9.211426188490409572e+01,3.441311466220912108e-01,1.000000000000000000e+01,1.266715149671446881e+02,9.211426188490409004e+02,5.526855713094246312e+02
9.228023352793995571e+01,3.441311466220912108e-01,1.000000000000000000e+01,1.268999790423118554e+02,9.228023352793994718e+02,5.536814011676397058e+02
9.244620517097581569e+01,3.441311466220912108e-01,1.000000000000000000e+01,1.271284431174790228e+02,9.244620517097580432e+02,5.546772310258548941e+02
9.261217681401168988e+01,3.441311466220912108e-01,1.000000000000000000e+01,1.273569071926462044e+02,9.261217681401167283e+02,5.556730608840701962e+02
9.277814845704754987e+01,3.441311466220912108e-01,1.000000000000000000e+01,1.275853712678133718e+02,9.277814845704754134e+02,5.566688907422852708e+02
9.294412010008340985e+01,3.441311466220912108e-01,1.000000000000000000e+01,1.278138353429805392e+02,9.294412010008339848e+02,5.576647206005004591e+02
9.311009174311926984e+01,3.441311466220912108e-01,1.000000000000000000e+01,1.280422994181477065e+02,9.311009174311925563e+02,5.586605504587156474e+02
9.327606338615512982e+01,3.441311466220912108e-01,1.000000000000000000e+01,1.282707634933148597e+02,9.327606338615512414e+02,5.596563803169308358e+02
9.344203502919100401e+01,3.441311466220912108e-01,1.000000000000000000e+01,1.284992275684820413e+02,9.344203502919099265e+02,5.606522101751460241e+02
9.360800667222686400e+01,3.441311466220912108e-01,1.000000000000000000e+01,1.287276916436492229e+02,9.360800667222684979e+02,5.616480400333612124e+02
9.377397831526272398e+01,3.441311466220912108e-01,1.000000000000000000e+01,1.289561557188163761e+02,9.377397831526270693e+02,5.626438698915764007e+02
9.393994995829858397e+01,3.441311466220912108e-01,1.000000000000000000e+01,1.291846197939835577e+02,9.393994995829857544e+02,5.636396997497914754e+02
9.410592160133445816e+01,3.441311466220912108e-01,1.000000000000000000e+01,1.294130838691507392e+02,9.410592160133444395e+02,5.646355296080067774e+02
9.427189324437031814e+01,3.441311466220912108e-01,1.000000000000000000e+01,1.296415479443178924e+02,9.427189324437031246e+02,5.656313594662219657e+02
9.443786488740617813e+01,3.441311466220912108e-01,1.000000000000000000e+01,1.298700120194850740e+02,9.443786488740616960e+02,5.666271893244370403e+02
9.460383653044203811e+01,3.441311466220912108e-01,1.000000000000000000e+01,1.300984760946522272e+02,9.460383653044202674e+02,5.676230191826522287e+02
9.476980817347789809e+01,3.441311466220912108e-01,1.000000000000000000e+01,1.303269401698193803e+02,9.476980817347788388e+02,5.686188490408674170e+02
9.493577981651377229e+01,3.441311466220912108e-01,1.000000000000000000e+01,1.305554042449865904e+02,9.493577981651376376e+02,5.696146788990826053e+02
9.510175145954963227e+01,3.441311466220912108e-01,1.000000000000000000e+01,1.307838683201537435e+02,9.510175145954962090e+02,5.706105087572977936e+02
9.526772310258549226e+01,3.441311466220912108e-01,1.000000000000000000e+01,1.310123323953208967e+02,9.526772310258547805e+02,5.716063386155129820e+02
9.543369474562135224e+01,3.441311466220912108e-01,1.000000000000000000e+01,1.312407964704880783e+02,9.543369474562134656e+02,5.726021684737281703e+02
9.559966638865722643e+01,3.441311466220912108e-01,1.000000000000000000e+01,1.314692605456552599e+02,9.559966638865721507e+02,5.735979983319433586e+02
9.576563803169308642e+01,3.441311466220912108e-01,1.000000000000000000e+01,1.316977246208224415e+02,9.576563803169307221e+02,5.745938281901585469e+02
9.593160967472894640e+01,3.441311466220912108e-01,1.000000000000000000e+01,1.319261886959895946e+02,9.593160967472892935e+02,5.755896580483737353e+02
9.609758131776480639e+01,3.441311466220912108e-01,1.000000000000000000e+01,1.321546527711567478e+02,9.609758131776479786e+02,5.765854879065889236e+02
9.626355296080068058e+01,3.441311466220912108e-01,1.000000000000000000e+01,1.323831168463239578e+02,9.626355296080066637e+02,5.775813177648041119e+02
9.642952460383654056e+01,3.441311466220912108e-01,1.000000000000000000e+01,1.326115809214911110e+02,9.642952460383653488e+02,5.785771476230193002e+02
9.659549624687240055e+01,3.441311466220912108e-01,1.000000000000000000e+01,1.328400449966582642e+02,9.659549624687239202e+02,5.795729774812343749e+02
9.676146788990826053e+01,3.441311466220912108e-01,1.000000000000000000e+01,1.330685090718254457e+02,9.676146788990824916e+02,5.805688073394495632e+02
9.692743953294412051e+01,3.441311466220912108e-01,1.000000000000000000e+01,1.332969731469925989e+02,9.692743953294410630e+02,5.815646371976647515e+02
9.709341117597999471e+01,3.441311466220912108e-01,1.000000000000000000e+01,1.335254372221597805e+02,9.709341117597998618e+02,5.825604670558800535e+02
9.725938281901585469e+01,3.441311466220912108e-01,1.000000000000000000e+01,1.337539012973269621e+02,9.725938281901584332e+02,5.835562969140951282e+02
9.742535446205171468e+01,3.441311466220912108e-01,1.000000000000000000e+01,1.339823653724941153e+02,9.742535446205170047e+02,5.845521267723103165e+02
9.759132610508757466e+01,3.441311466220912108e-01,1.000000000000000000e+01,1.342108294476612969e+02,9.759132610508756898e+02,5.855479566305255048e+02
9.775729774812344886e+01,3.441311466220912108e-01,1.000000000000000000e+01,1.344392935228284784e+02,9.775729774812343749e+02,5.865437864887406931e+02
9.792326939115930884e+01,3.441311466220912108e-01,1.000000000000000000e+01,1.346677575979956316e+02,9.792326939115929463e+02,5.875396163469558815e+02
9.808924103419516882e+01,3.441311466220912108e-01,1.000000000000000000e+01,1.348962216731628132e+02,9.808924103419515177e+02,5.885354462051710698e+02
9.825521267723102881e+01,3.441311466220912108e-01,1.000000000000000000e+01,1.351246857483299664e+02,9.825521267723102028e+02,5.895312760633862581e+02
9.842118432026690300e+01,3.441311466220912108e-01,1.000000000000000000e+01,1.353531498234971480e+02,9.842118432026688879e+02,5.905271059216014464e+02
9.858715596330276298e+01,3.441311466220912108e-01,1.000000000000000000e+01,1.355816138986643296e+02,9.858715596330275730e+02,5.915229357798166347e+02
9.875312760633862297e+01,3.441311466220912108e-01,1.000000000000000000e+01,1.358100779738314827e+02,9.875312760633861444e+02,5.925187656380317094e+02
9.891909924937448295e+01,3.441311466220912108e-01,1.000000000000000000e+01,1.360385420489986359e+02,9.891909924937447158e+02,5.935145954962468977e+02
9.908507089241034294e+01,3.441311466220912108e-01,1.000000000000000000e+01,1.362670061241658175e+02,9.908507089241032872e+02,5.945104253544620860e+02
9.925104253544621713e+01,3.441311466220912108e-01,1.000000000000000000e+01,1.364954701993329991e+02,9.925104253544620860e+02,5.955062552126773880e+02
9.941701417848207711e+01,3.441311466220912108e-01,1.000000000000000000e+01,1.367239342745001522e+02,9.941701417848206574e+02,5.965020850708924627e+02
9.958298582151793710e+01,3.441311466220912108e-01,1.000000000000000000e+01,1.369523983496673338e+02,9.958298582151792289e+02,5.974979149291076510e+02
9.974895746455379708e+01,3.441311466220912108e-01,1.000000000000000000e+01,1.371808624248344870e+02,9.974895746455379140e+02,5.984937447873228393e+02
9.991492910758967128e+01,3.441311466220912108e-01,1.000000000000000000e+01,1.374093265000016686e+02,9.991492910758965991e+02,5.994895746455380277e+02
1.000000000000000000e+02,3.441311466220912108e-01,1.000000000000000000e+01,1.375264286892833354e+02,9.999999999999998863e+02,6.000000000000000000e+02
1.000809007506255313e+02,3.441311466220912108e-01,1.000000000000000000e+01,1.376377905751688502e+02,1.000809007506255170e+03,6.004854045037532160e+02
1.002468723936613912e+02,3.441311466220912108e-01,1.000000000000000000e+01,1.378662546503360034e+02,1.002468723936613742e+03,6.014812343619684043e+02
1.004128440366972512e+02,3.441311466220912108e-01,1.000000000000000000e+01,1.380947187255031849e+02,1.004128440366972427e+03,6.024770642201834789e+02
1.005788156797331112e+02,3.441311466220912108e-01,1.000000000000000000e+01,1.383231828006703381e+02,1.005788156797330998e+03,6.034728940783986673e+02
1.007447873227689854e+02,3.441311466220912108e-01,1.000000000000000000e+01,1.385516468758375197e+02,1.007447873227689797e+03,6.044687239366139693e+02
1.009107589658048454e+02,3.441311466220912108e-01,1.000000000000000000e+01,1.387801109510047013e+02,1.009107589658048369e+03,6.054645537948290439e+02
1.010767306088407054e+02,3.441311466220912108e-01,1.000000000000000000e+01,1.390085750261718545e+02,1.010767306088406940e+03,6.064603836530442322e+02
1.012427022518765654e+02,3.441311466220912108e-01,1.000000000000000000e+01,1.392370391013390361e+02,1.012427022518765511e+03,6.074562135112594206e+02
1.014086738949124396e+02,3.441311466220912108e-01,1.000000000000000000e+01,1.394655031765062176e+02,1.014086738949124310e+03,6.084520433694746089e+02
1.015746455379482995e+02,3.441311466220912108e-01,1.000000000000000000e+01,1.396939672516733708e+02,1.015746455379482882e+03,6.094478732276897972e+02
1.017406171809841595e+02,3.441311466220912108e-01,1.000000000000000000e+01,1.399224313268405240e+02,1.017406171809841453e+03,6.104437030859049855e+02
1.019065888240200195e+02,3.441311466220912108e-01,1.000000000000000000e+01,1.401508954020077056e+02,1.019065888240200138e+03,6.114395329441201739e+02
1.020725604670558937e+02,3.441311466220912108e-01,1.000000000000000000e+01,1.403793594771748872e+02,1.020725604670558823e+03,6.124353628023353622e+02
1.022385321100917537e+02,3.441311466220912108e-01,1.000000000000000000e+01,1.406078235523420403e+02,1.022385321100917395e+03,6.134311926605505505e+02
1.024045037531276137e+02,3.441311466220912108e-01,1.000000000000000000e+01,1.408362876275092219e+02,1.024045037531275966e+03,6.144270225187657388e+02
1.025704753961634736e+02,3.441311466220912108e-01,1.000000000000000000e+01,1.410647517026763751e+02,1.025704753961634651e+03,6.154228523769808135e+02
1.027364470391993336e+02,3.441311466220912108e-01,1.000000000000000000e+01,1.412932157778435567e+02,1.027364470391993109e+03,6.164186822351960018e+02
1.029024186822352078e+02,3.441311466220912108e-01,1.000000000000000000e+01,1.415216798530107383e+02,1.029024186822352021e+03,6.174145120934113038e+02
1.030683903252710678e+02,3.441311466220912108e-01,1.000000000000000000e+01,1.417501439281778914e+02,1.030683903252710479e+03,6.184103419516263784e+02
1.032343619683069278e+02,3.441311466220912108e-01,1.000000000000000000e+01,1.419786080033450730e+02,1.032343619683069164e+03,6.194061718098415668e+02
1.034003336113427878e+02,3.441311466220912108e-01,1.000000000000000000e+01,1.422070720785122262e+02,1.034003336113427849e+03,6.204020016680567551e+02
1.035663052543786620e+02,3.441311466220912108e-01,1.000000000000000000e+01,1.424355361536794078e+02,1.035663052543786534e+03,6.213978315262719434e+02
1.037322768974145220e+02,3.441311466220912108e-01,1.000000000000000000e+01,1.426640002288465894e+02,1.037322768974145220e+03,6.223936613844871317e+02
1.038982485404503819e+02,3.441311466220912108e-01,1.000000000000000000e+01,1.428924643040137425e+02,1.038982485404503677e+03,6.233894912427023201e+02
1.040642201834862419e+02,3.441311466220912108e-01,1.000000000000000000e+01,1.431209283791809241e+02,1.040642201834862362e+03,6.243853211009175084e+02
1.042301918265221161e+02,3.441311466220912108e-01,1.000000000000000000e+01,1.433493924543481057e+02,1.042301918265221047e+03,6.253811509591326967e+02
1.043961634695579761e+02,3.441311466220912108e-01,1.000000000000000000e+01,1.435778565295152589e+02,1.043961634695579733e+03,6.263769808173478850e+02
1.045621351125938361e+02,3.441311466220912108e-01,1.000000000000000000e+01,1.438063206046824405e+02,1.045621351125938190e+03,6.273728106755630733e+02
1.047281067556296961e+02,3.441311466220912108e-01,1.000000000000000000e+01,1.440347846798495937e+02,1.047281067556296875e+03,6.283686405337781480e+02
1.048940783986655561e+02,3.441311466220912108e-01,1.000000000000000000e+01,1.442632487550167468e+02,1.048940783986655333e+03,6.293644703919933363e+02
1.050600500417014302e+02,3.441311466220912108e-01,1.000000000000000000e+01,1.444917128301839568e+02,1.050600500417014246e+03,6.303603002502086383e+02
1.052260216847372902e+02,3.441311466220912108e-01,1.000000000000000000e+01,1.447201769053511100e+02,1.052260216847372703e+03,6.313561301084237130e+02
1.053919933277731502e+02,3.441311466220912108e-01,1.000000000000000000e+01,1.449486409805182632e+02,1.053919933277731388e+03,6.323519599666389013e+02
1.055579649708090102e+02,3.441311466220912108e-01,1.000000000000000000e+01,1.451771050556854448e+02,1.055579649708090074e+03,6.333477898248540896e+02
1.057239366138448844e+02,3.441311466220912108e-01,1.000000000000000000e+01,1.454055691308526264e+02,1.057239366138448759e+03,6.343436196830692779e+02
1.058899082568807444e+02,3.441311466220912108e-01,1.000000000000000000e+01,1.456340332060197795e+02,1.058899082568807444e+03,6.353394495412844662e+02
1.060558798999166044e+02,3.441311466220912108e-01,1.000000000000000000e+01,1.458624972811869611e+02,1.060558798999165901e+03,6.363352793994996546e+02
1.062218515429524643e+02,3.441311466220912108e-01,1.000000000000000000e+01,1.460909613563541143e+02,1.062218515429524587e+03,6.373311092577148429e+02
1.063878231859883243e+02,3.441311466220912108e-01,1.000000000000000000e+01,1.463194254315212959e+02,1.063878231859883044e+03,6.383269391159299175e+02
1.065537948290241985e+02,3.441311466220912108e-01,1.000000000000000000e+01,1.465478895066884775e+02,1.065537948290241957e+03,6.393227689741452195e+02
1.067197664720600585e+02,3.441311466220912108e-01,1.000000000000000000e+01,1.467763535818556306e+02,1.067197664720600415e+03,6.403185988323604079e+02
1.068857381150959185e+02,3.441311466220912108e-01,1.000000000000000000e+01,1.470048176570228122e+02,1.068857381150959100e+03,6.413144286905754825e+02
1.070517097581317785e+02,3.441311466220912108e-01,1.000000000000000000e+01,1.472332817321899654e+02,1.070517097581317557e+03,6.423102585487906708e+02
1.072176814011676527e+02,3.441311466220912108e-01,1.000000000000000000e+01,1.474617458073571470e+02,1.072176814011676470e+03,6.433060884070059728e+02
1.073836530442035126e+02,3.441311466220912108e-01,1.000000000000000000e+01,1.476902098825243286e+02,1.073836530442034928e+03,6.443019182652210475e+02
1.075496246872393726e+02,3.441311466220912108e-01,1.000000000000000000e+01,1.479186739576914817e+02,1.075496246872393613e+03,6.452977481234362358e+02
1.077155963302752326e+02,3.441311466220912108e-01,1.000000000000000000e+01,1.481471380328586633e+02,1.077155963302752298e+03,6.462935779816514241e+02
1.078815679733111068e+02,3.441311466220912108e-01,1.000000000000000000e+01,1.483756021080258449e+02,1.078815679733110983e+03,6.472894078398666124e+02
1.080475396163469668e+02,3.441311466220912108e-01,1.000000000000000000e+01,1.486040661831929981e+02,1.080475396163469668e+03,6.482852376980818008e+02
1.082135112593828268e+02,3.441311466220912108e-01,1.000000000000000000e+01,1.488325302583601513e+02,1.082135112593828126e+03,6.492810675562969891e+02
1.083794829024186868e+02,3.441311466220912108e-01,1.000000000000000000e+01,1.490609943335273329e+02,1.083794829024186811e+03,6.502768974145121774e+02
1.085454545454545467e+02,3.441311466220912108e-01,1.000000000000000000e+01,1.492894584086944860e+02,1.085454545454545269e+03,6.512727272727272521e+02
1.087114261884904209e+02,3.441311466220912108e-01,1.000000000000000000e+01,1.495179224838616676e+02,1.087114261884904181e+03,6.522685571309425541e+02
1.088773978315262809e+02,3.441311466220912108e-01,1.000000000000000000e+01,1.497463865590288492e+02,1.088773978315262639e+03,6.532643869891577424e+02
1.090433694745621409e+02,3.441311466220912108e-01,1.000000000000000000e+01,1.499748506341960024e+02,1.090433694745621324e+03,6.542602168473728170e+02
1.092093411175980009e+02,3.441311466220912108e-01,1.000000000000000000e+01,1.502033147093631840e+02,1.092093411175979782e+03,6.552560467055880054e+02
1.093753127606338751e+02,3.441311466220912108e-01,1.000000000000000000e+01,1.504317787845303656e+02,1.093753127606338694e+03,6.562518765638033074e+02
1.095412844036697351e+02,3.441311466220912108e-01,1.000000000000000000e+01,1.506602428596975187e+02,1.095412844036697152e+03,6.572477064220183820e+02
1.097072560467055951e+02,3.441311466220912108e-01,1.000000000000000000e+01,1.508887069348647003e+02,1.097072560467055837e+03,6.582435362802335703e+02
1.098732276897414550e+02,3.441311466220912108e-01,1.000000000000000000e+01,1.511171710100318535e+02,1.098732276897414522e+03,6.592393661384487586e+02
1.100391993327773292e+02,3.441311466220912108e-01,1.000000000000000000e+01,1.513456350851990351e+02,1.100391993327773207e+03,6.602351959966639470e+02
1.102051709758131892e+02,3.441311466220912108e-01,1.000000000000000000e+01,1.515740991603662167e+02,1.102051709758131892e+03,6.612310258548791353e+02
1.103711426188490492e+02,3.441311466220912108e-01,1.000000000000000000e+01,1.518025632355333698e+02,1.103711426188490350e+03,6.622268557130943236e+02
1.105371142618849092e+02,3.441311466220912108e-01,1.000000000000000000e+01,1.520310273107005514e+02,1.105371142618849035e+03,6.632226855713095119e+02
1.107030859049207692e+02,3.441311466220912108e-01,1.000000000000000000e+01,1.522594913858677046e+02,1.107030859049207493e+03,6.642185154295245866e+02
1.108690575479566434e+02,3.441311466220912108e-01,1.000000000000000000e+01,1.524879554610348862e+02,1.108690575479566405e+03,6.652143452877398886e+02
1.110350291909925033e+02,3.441311466220912108e-01,1.000000000000000000e+01,1.527164195362020394e+02,1.110350291909924863e+03,6.662101751459550769e+02
1.112010008340283633e+02,3.441311466220912108e-01,1.000000000000000000e+01,1.529448836113692209e+02,1.112010008340283548e+03,6.672060050041701516e+02
1.113669724770642233e+02,3.441311466220912108e-01,1.000000000000000000e+01,1.531733476865363741e+02,1.113669724770642006e+03,6.682018348623853399e+02
1.115329441201000975e+02,3.441311466220912108e-01,1.000000000000000000e+01,1.534018117617035841e+02,1.115329441201000918e+03,6.691976647206006419e+02
1.116989157631359575e+02,3.441311466220912108e-01,1.000000000000000000e+01,1.536302758368707373e+02,1.116989157631359376e+03,6.701934945788157165e+02
1.118648874061718175e+02,3.441311466220912108e-01,1.000000000000000000e+01,1.538587399120378905e+02,1.118648874061718061e+03,6.711893244370309048e+02
1.120308590492076775e+02,3.441311466220912108e-01,1.000000000000000000e+01,1.540872039872050721e+02,1.120308590492076746e+03,6.721851542952460932e+02
1.121968306922435374e+02,3.441311466220912108e-01,1.000000000000000000e+01,1.543156680623722252e+02,1.121968306922435204e+03,6.731809841534612815e+02
1.123628023352794116e+02,3.441311466220912108e-01,1.000000000000000000e+01,1.545441321375394068e+02,1.123628023352794116e+03,6.741768140116764698e+02
1.125287739783152716e+02,3.441311466220912108e-01,1.000000000000000000e+01,1.547725962127065884e+02,1.125287739783152574e+03,6.751726438698916581e+02
1.126947456213511316e+02,3.441311466220912108e-01,1.000000000000000000e+01,1.550010602878737416e+02,1.126947456213511259e+03,6.761684737281068465e+02
1.128607172643869916e+02,3.441311466220912108e-01,1.000000000000000000e+01,1.552295243630409232e+02,1.128607172643869717e+03,6.771643035863219211e+02
1.130266889074228658e+02,3.441311466220912108e-01,1.000000000000000000e+01,1.554579884382081048e+02,1.130266889074228629e+03,6.781601334445372231e+02
1.131926605504587258e+02,3.441311466220912108e-01,1.000000000000000000e+01,1.556864525133752579e+02,1.131926605504587087e+03,6.791559633027524114e+02
1.133586321934945857e+02,3.441311466220912108e-01,1.000000000000000000e+01,1.559149165885424395e+02,1.133586321934945772e+03,6.801517931609674861e+02
1.135246038365304457e+02,3.441311466220912108e-01,1.000000000000000000e+01,1.561433806637095927e+02,1.135246038365304230e+03,6.811476230191826744e+02
1.136905754795663199e+02,3.441311466220912108e-01,1.000000000000000000e+01,1.563718447388767743e+02,1.136905754795663142e+03,6.821434528773979764e+02
1.138565471226021799e+02,3.441311466220912108e-01,1.000000000000000000e+01,1.566003088140439559e+02,1.138565471226021600e+03,6.831392827356130510e+02
1.140225187656380399e+02,3.441311466220912108e-01,1.000000000000000000e+01,1.568287728892111090e+02,1.140225187656380285e+03,6.841351125938282394e+02
1.141884904086738999e+02,3.441311466220912108e-01,1.000000000000000000e+01,1.570572369643782622e+02,1.141884904086738970e+03,6.851309424520434277e+02
1.143544620517097599e+02,3.441311466220912108e-01,1.000000000000000000e+01,1.572857010395454438e+02,1.143544620517097428e+03,6.861267723102586160e+02
1.145204336947456341e+02,3.441311466220912108e-01,1.000000000000000000e+01,1.575141651147126254e+02,1.145204336947456341e+03,6.871226021684738043e+02
1.146864053377814940e+02,3.441311466220912108e-01,1.000000000000000000e+01,1.577426291898797786e+02,1.146864053377814798e+03,6.881184320266889927e+02
1.148523769808173540e+02,3.441311466220912108e-01,1.000000000000000000e+01,1.579710932650469601e+02,1.148523769808173483e+03,6.891142618849041810e+02
1.150183486238532140e+02,3.441311466220912108e-01,1.000000000000000000e+01,1.581995573402141133e+02,1.150183486238531941e+03,6.901100917431192556e+02
1.151843202668890882e+02,3.441311466220912108e-01,1.000000000000000000e+01,1.584280214153812949e+02,1.151843202668890854e+03,6.911059216013345576e+02
1.153502919099249482e+02,3.441311466220912108e-01,1.000000000000000000e+01,1.586564854905484765e+02,1.153502919099249311e+03,6.921017514595497460e+02
1.155162635529608082e+02,3.441311466220912108e-01,1.000000000000000000e+01,1.588849495657156297e+02,1.155162635529607996e+03,6.930975813177648206e+02
1.156822351959966682e+02,3.441311466220912108e-01,1.000000000000000000e+01,1.591134136408828113e+02,1.156822351959966454e+03,6.940934111759800089e+02
1.158482068390325423e+02,3.441311466220912108e-01,1.000000000000000000e+01,1.593418777160499928e+02,1.158482068390325367e+03,6.950892410341953109e+02
1.160141784820684023e+02,3.441311466220912108e-01,1.000000000000000000e+01,1.595703417912171460e+02,1.160141784820683824e+03,6.960850708924103856e+02
1.161801501251042623e+02,3.441311466220912108e-01,1.000000000000000000e+01,1.597988058663843276e+02,1.161801501251042509e+03,6.970809007506255739e+02
1.163461217681401223e+02,3.441311466220912108e-01,1.000000000000000000e+01,1.600272699415514808e+02,1.163461217681401195e+03,6.980767306088407622e+02
1.165120934111759823e+02,3.441311466220912108e-01,1.000000000000000000e+01,1.602557340167186339e+02,1.165120934111759652e+03,6.990725604670559505e+02
1.166780650542118565e+02,3.441311466220912108e-01,1.000000000000000000e+01,1.604841980918858440e+02,1.166780650542118565e+03,7.000683903252711389e+02
1.168440366972477165e+02,3.441311466220912108e-01,1.000000000000000000e+01,1.607126621670529971e+02,1.168440366972477023e+03,7.010642201834863272e+02
1.170100083402835764e+02,3.441311466220912108e-01,1.000000000000000000e+01,1.609411262422201503e+02,1.170100083402835708e+03,7.020600500417015155e+02
1.171759799833194364e+02,3.441311466220912108e-01,1.000000000000000000e+01,1.611695903173873319e+02,1.171759799833194165e+03,7.030558798999165901e+02
1.173419516263553106e+02,3.441311466220912108e-01,1.000000000000000000e+01,1.613980543925545135e+02,1.173419516263553078e+03,7.040517097581318922e+02
1.175079232693911706e+02,3.441311466220912108e-01,1.000000000000000000e+01,1.616265184677216666e+02,1.175079232693911536e+03,7.050475396163470805e+02
1.176738949124270306e+02,3.441311466220912108e-01,1.000000000000000000e+01,1.618549825428888482e+02,1.176738949124270221e+03,7.060433694745621551e+02
1.178398665554628906e+02,3.441311466220912108e-01,1.000000000000000000e+01,1.620834466180560014e+02,1.178398665554628678e+03,7.070391993327773434e+02
1.180058381984987506e+02,3.441311466220912108e-01,1.000000000000000000e+01,1.623119106932231830e+02,1.180058381984987363e+03,7.080350291909925318e+02
1.181718098415346248e+02,3.441311466220912108e-01,1.000000000000000000e+01,1.625403747683903646e+02,1.181718098415346049e+03,7.090308590492077201e+02
1.183377814845704847e+02,3.441311466220912108e-01,1.000000000000000000e+01,1.627688388435575177e+02,1.183377814845704734e+03,7.100266889074229084e+02
1.185037531276063447e+02,3.441311466220912108e-01,1.000000000000000000e+01,1.629973029187246993e+02,1.185037531276063419e+03,7.110225187656380967e+02
1.186697247706422047e+02,3.441311466220912108e-01,1.000000000000000000e+01,1.632257669938918525e+02,1.186697247706421877e+03,7.120183486238532851e+02
1.188356964136780789e+02,3.441311466220912108e-01,1.000000000000000000e+01,1.634542310690590341e+02,1.188356964136780789e+03,7.130141784820684734e+02
1.190016680567139389e+02,3.441311466220912108e-01,1.000000000000000000e+01,1.636826951442262157e+02,1.190016680567139247e+03,7.140100083402836617e+02
1.191676396997497989e+02,3.441311466220912108e-01,1.000000000000000000e+01,1.639111592193933689e+02,1.191676396997497932e+03,7.150058381984988500e+02
1.193336113427856588e+02,3.441311466220912108e-01,1.000000000000000000e+01,1.641396232945605220e+02,1.193336113427856390e+03,7.160016680567139247e+02
1.194995829858215330e+02,3.441311466220912108e-01,1.000000000000000000e+01,1.643680873697277320e+02,1.194995829858215302e+03,7.169974979149292267e+02
1.196655546288573930e+02,3.441311466220912108e-01,1.000000000000000000e+01,1.645965514448948852e+02,1.196655546288573760e+03,7.179933277731444150e+02
1.198315262718932530e+02,3.441311466220912108e-01,1.000000000000000000e+01,1.648250155200620384e+02,1.198315262718932445e+03,7.189891576313594896e+02
1.199974979149291130e+02,3.441311466220912108e-01,1.000000000000000000e+01,1.650534795952292484e+02,1.199974979149291130e+03,7.199849874895746780e+02
1.201634695579649730e+02,3.441311466220912108e-01,1.000000000000000000e+01,1.652819436703964016e+02,1.201634695579649815e+03,7.209808173477897526e+02
1.203294412010008472e+02,3.441311466220912108e-01,1.000000000000000000e+01,1.655104077455635831e+02,1.203294412010008500e+03,7.219766472060050546e+02
1.204954128440367072e+02,3.441311466220912108e-01,1.000000000000000000e+01,1.657388718207307363e+02,1.204954128440367185e+03,7.229724770642201293e+02
1.206613844870725671e+02,3.441311466220912108e-01,1.000000000000000000e+01,1.659673358958979179e+02,1.206613844870725643e+03,7.239683069224354313e+02
1.208273561301084271e+02,3.441311466220912108e-01,1.000000000000000000e+01,1.661957999710650711e+02,1.208273561301084328e+03,7.249641367806505059e+02
1.209933277731443013e+02,3.441311466220912108e-01,1.000000000000000000e+01,1.664242640462322811e+02,1.209933277731443013e+03,7.259599666388658079e+02
1.211592994161801613e+02,3.441311466220912108e-01,1.000000000000000000e+01,1.666527281213994343e+02,1.211592994161801471e+03,7.269557964970808825e+02
1.213252710592160213e+02,3.441311466220912108e-01,1.000000000000000000e+01,1.668811921965665874e+02,1.213252710592160156e+03,7.279516263552960709e+02
1.214912427022518813e+02,3.441311466220912108e-01,1.000000000000000000e+01,1.671096562717337406e+02,1.214912427022518841e+03,7.289474562135112592e+02
1.216572143452877555e+02,3.441311466220912108e-01,1.000000000000000000e+01,1.673381203469009506e+02,1.216572143452877526e+03,7.299432860717264475e+02
1.218231859883236154e+02,3.441311466220912108e-01,1.000000000000000000e+01,1.675665844220681038e+02,1.218231859883236211e+03,7.309391159299416358e+02
1.219891576313594754e+02,3.441311466220912108e-01,1.000000000000000000e+01,1.677950484972352569e+02,1.219891576313594669e+03,7.319349457881568242e+02
1.221551292743953354e+02,3.441311466220912108e-01,1.000000000000000000e+01,1.680235125724024385e+02,1.221551292743953354e+03,7.329307756463720125e+02
1.223211009174311954e+02,3.441311466220912108e-01,1.000000000000000000e+01,1.682519766475696201e+02,1.223211009174312039e+03,7.339266055045870871e+02
1.224870725604670696e+02,3.441311466220912108e-01,1.000000000000000000e+01,1.684804407227367733e+02,1.224870725604670724e+03,7.349224353628023891e+02
1.226530442035029296e+02,3.441311466220912108e-01,1.000000000000000000e+01,1.687089047979039549e+02,1.226530442035029409e+03,7.359182652210174638e+02
1.228190158465387896e+02,3.441311466220912108e-01,1.000000000000000000e+01,1.689373688730711081e+02,1.228190158465387867e+03,7.369140950792326521e+02
1.229849874895746495e+02,3.441311466220912108e-01,1.000000000000000000e+01,1.691658329482382896e+02,1.229849874895746552e+03,7.379099249374478404e+02
1.231509591326105237e+02,3.441311466220912108e-01,1.000000000000000000e+01,1.693942970234054712e+02,1.231509591326105237e+03,7.389057547956631424e+02
1.233169307756463837e+02,3.441311466220912108e-01,1.000000000000000000e+01,1.696227610985726528e+02,1.233169307756463695e+03,7.399015846538782171e+02
1.234829024186822437e+02,3.441311466220912108e-01,1.000000000000000000e+01,1.698512251737398060e+02,1.234829024186822608e+03,7.408974145120934054e+02
1.236488740617181037e+02,3.441311466220912108e-01,1.000000000000000000e+01,1.700796892489069592e+02,1.236488740617181065e+03,7.418932443703085937e+02
1.238148457047539637e+02,3.441311466220912108e-01,1.000000000000000000e+01,1.703081533240741123e+02,1.238148457047539523e+03,7.428890742285236684e+02
1.239808173477898379e+02,3.441311466220912108e-01,1.000000000000000000e+01,1.705366173992413223e+02,1.239808173477898436e+03,7.438849040867389704e+02
1.241467889908256979e+02,3.441311466220912108e-01,1.000000000000000000e+01,1.707650814744084755e+02,1.241467889908256893e+03,7.448807339449540450e+02
1.243127606338615578e+02,3.441311466220912108e-01,1.000000000000000000e+01,1.709935455495756571e+02,1.243127606338615578e+03,7.458765638031693470e+02
1.244787322768974178e+02,3.441311466220912108e-01,1.000000000000000000e+01,1.712220096247428103e+02,1.244787322768974263e+03,7.468723936613844216e+02
1.246447039199332920e+02,3.441311466220912108e-01,1.000000000000000000e+01,1.714504736999099919e+02,1.246447039199332949e+03,7.478682235195997237e+02
1.248106755629691520e+02,3.441311466220912108e-01,1.000000000000000000e+01,1.716789377750771450e+02,1.248106755629691634e+03,7.488640533778147983e+02
1.249766472060050120e+02,3.441311466220912108e-01,1.000000000000000000e+01,1.719074018502443266e+02,1.249766472060050091e+03,7.498598832360299866e+02
1.251426188490408720e+02,3.441311466220912108e-01,1.000000000000000000e+01,1.721358659254115082e+02,1.251426188490408549e+03,7.508557130942451749e+02
1.253085904920767462e+02,3.441311466220912108e-01,1.000000000000000000e+01,1.723643300005786614e+02,1.253085904920767462e+03,7.518515429524604770e+02
1.254745621351126061e+02,3.441311466220912108e-01,1.000000000000000000e+01,1.725927940757458430e+02,1.254745621351126147e+03,7.528473728106755516e+02
1.256405337781484661e+02,3.441311466220912108e-01,1.000000000000000000e+01,1.728212581509130246e+02,1.256405337781484832e+03,7.538432026688907399e+02
1.258065054211843261e+02,3.441311466220912108e-01,1.000000000000000000e+01,1.730497222260801777e+02,1.258065054211843290e+03,7.548390325271059282e+02
1.259724770642201861e+02,3.441311466220912108e-01,1.000000000000000000e+01,1.732781863012473309e+02,1.259724770642201747e+03,7.558348623853210029e+02
1.261384487072560603e+02,3.441311466220912108e-01,1.000000000000000000e+01,1.735066503764145409e+02,1.261384487072560660e+03,7.568306922435363049e+02
1.263044203502919203e+02,3.441311466220912108e-01,1.000000000000000000e+01,1.737351144515816941e+02,1.263044203502919117e+03,7.578265221017513795e+02
1.264703919933277803e+02,3.441311466220912108e-01,1.000000000000000000e+01,1.739635785267488473e+02,1.264703919933277803e+03,7.588223519599666815e+02
1.266363636363636402e+02,3.441311466220912108e-01,1.000000000000000000e+01,1.741920426019160288e+02,1.266363636363636488e+03,7.598181818181817562e+02
1.268023352793995144e+02,3.441311466220912108e-01,1.000000000000000000e+01,1.744205066770832104e+02,1.268023352793995173e+03,7.608140116763970582e+02
1.269683069224353744e+02,3.441311466220912108e-01,1.000000000000000000e+01,1.746489707522503636e+02,1.269683069224353858e+03,7.618098415346121328e+02
1.271342785654712344e+02,3.441311466220912108e-01,1.000000000000000000e+01,1.748774348274175168e+02,1.271342785654712316e+03,7.628056713928274348e+02
1.273002502085070944e+02,3.441311466220912108e-01,1.000000000000000000e+01,1.751058989025846984e+02,1.273002502085070773e+03,7.638015012510425095e+02
1.274662218515429686e+02,3.441311466220912108e-01,1.000000000000000000e+01,1.753343629777518800e+02,1.274662218515429686e+03,7.647973311092578115e+02
1.276321934945788286e+02,3.441311466220912108e-01,1.000000000000000000e+01,1.755628270529190331e+02,1.276321934945788144e+03,7.657931609674728861e+02
1.277981651376146885e+02,3.441311466220912108e-01,1.000000000000000000e+01,1.757912911280862431e+02,1.277981651376147056e+03,7.667889908256880744e+02
1.279641367806505485e+02,3.441311466220912108e-01,1.000000000000000000e+01,1.760197552032533963e+02,1.279641367806505514e+03,7.677848206839032628e+02
1.281301084236864085e+02,3.441311466220912108e-01,1.000000000000000000e+01,1.762482192784205495e+02,1.281301084236863971e+03,7.687806505421183374e+02
1.282960800667222827e+02,3.441311466220912108e-01,1.000000000000000000e+01,1.764766833535877311e+02,1.282960800667222884e+03,7.697764804003336394e+02
1.284620517097581285e+02,3.441311466220912108e-01,1.000000000000000000e+01,1.767051474287548558e+02,1.284620517097581342e+03,7.707723102585487140e+02
1.286280233527940027e+02,3.441311466220912108e-01,1.000000000000000000e+01,1.769336115039220658e+02,1.286280233527940027e+03,7.717681401167640161e+02
1.287939949958298769e+02,3.441311466220912108e-01,1.000000000000000000e+01,1.771620755790892474e+02,1.287939949958298712e+03,7.727639699749792044e+02
1.289599666388657226e+02,3.441311466220912108e-01,1.000000000000000000e+01,1.773905396542564006e+02,1.289599666388657170e+03,7.737597998331942790e+02
1.291259382819015968e+02,3.441311466220912108e-01,1.000000000000000000e+01,1.776190037294235822e+02,1.291259382819016082e+03,7.747556296914094673e+02
1.292919099249374710e+02,3.441311466220912108e-01,1.000000000000000000e+01,1.778474678045907638e+02,1.292919099249374540e+03,7.757514595496247694e+02
1.294578815679733168e+02,3.441311466220912108e-01,1.000000000000000000e+01,1.780759318797579169e+02,1.294578815679732998e+03,7.767472894078398440e+02
1.296238532110091910e+02,3.441311466220912108e-01,1.000000000000000000e+01,1.783043959549250985e+02,1.296238532110091910e+03,7.777431192660551460e+02
1.297898248540450368e+02,3.441311466220912108e-01,1.000000000000000000e+01,1.785328600300922517e+02,1.297898248540450368e+03,7.787389491242702206e+02
1.299557964970809110e+02,3.441311466220912108e-01,1.000000000000000000e+01,1.787613241052594049e+02,1.299557964970809053e+03,7.797347789824854090e+02
1.301217681401167852e+02,3.441311466220912108e-01,1.000000000000000000e+01,1.789897881804266149e+02,1.301217681401167738e+03,7.807306088407005973e+02
1.302877397831526309e+02,3.441311466220912108e-01,1.000000000000000000e+01,1.792182522555937680e+02,1.302877397831526196e+03,7.817264386989156719e+02
1.304537114261885051e+02,3.441311466220912108e-01,1.000000000000000000e+01,1.794467163307609496e+02,1.304537114261885108e+03,7.827222685571309739e+02
1.306196830692243509e+02,3.441311466220912108e-01,1.000000000000000000e+01,1.796751804059280744e+02,1.306196830692243566e+03,7.837180984153460486e+02
1.307856547122602251e+02,3.441311466220912108e-01,1.000000000000000000e+01,1.799036444810952844e+02,1.307856547122602251e+03,7.847139282735613506e+02
1.309516263552960993e+02,3.441311466220912108e-01,1.000000000000000000e+01,1.801321085562624376e+02,1.309516263552960936e+03,7.857097581317765389e+02
1.311175979983319451e+02,3.441311466220912108e-01,1.000000000000000000e+01,1.803605726314295907e+02,1.311175979983319394e+03,7.867055879899917272e+02
1.312835696413678193e+02,3.441311466220912108e-01,1.000000000000000000e+01,1.805890367065968007e+02,1.312835696413678306e+03,7.877014178482068019e+02
1.314495412844036650e+02,3.441311466220912108e-01,1.000000000000000000e+01,1.808175007817639539e+02,1.314495412844036764e+03,7.886972477064218765e+02
1.316155129274395392e+02,3.441311466220912108e-01,1.000000000000000000e+01,1.810459648569311071e+02,1.316155129274395449e+03,7.896930775646371785e+02
1.317814845704754134e+02,3.441311466220912108e-01,1.000000000000000000e+01,1.812744289320983171e+02,1.317814845704754134e+03,7.906889074228524805e+02
1.319474562135112592e+02,3.441311466220912108e-01,1.000000000000000000e+01,1.815028930072654418e+02,1.319474562135112592e+03,7.916847372810675552e+02
1.321134278565471334e+02,3.441311466220912108e-01,1.000000000000000000e+01,1.817313570824326234e+02,1.321134278565471277e+03,7.926805671392827435e+02
1.322793994995830076e+02,3.441311466220912108e-01,1.000000000000000000e+01,1.819598211575998334e+02,1.322793994995829962e+03,7.936763969974979318e+02
1.324453711426188534e+02,3.441311466220912108e-01,1.000000000000000000e+01,1.821882852327669866e+02,1.324453711426188420e+03,7.946722268557130064e+02
1.326113427856547275e+02,3.441311466220912108e-01,1.000000000000000000e+01,1.824167493079341398e+02,1.326113427856547332e+03,7.956680567139283085e+02
1.327773144286905733e+02,3.441311466220912108e-01,1.000000000000000000e+01,1.826452133831012929e+02,1.327773144286905790e+03,7.966638865721433831e+02
1.329432860717264475e+02,3.441311466220912108e-01,1.000000000000000000e+01,1.828736774582685030e+02,1.329432860717264475e+03,7.976597164303586851e+02
1.331092577147623217e+02,3.441311466220912108e-01,1.000000000000000000e+01,1.831021415334356561e+02,1.331092577147623160e+03,7.986555462885738734e+02
1.332752293577981675e+02,3.441311466220912108e-01,1.000000000000000000e+01,1.833306056086028093e+02,1.332752293577981618e+03,7.996513761467889481e+02
1.334412010008340417e+02,3.441311466220912108e-01,1.000000000000000000e+01,1.835590696837699909e+02,1.334412010008340530e+03,8.006472060050041364e+02
1.336071726438698875e+02,3.441311466220912108e-01,1.000000000000000000e+01,1.837875337589371441e+02,1.336071726438698988e+03,8.016430358632192110e+02
1.337731442869057616e+02,3.441311466220912108e-01,1.000000000000000000e+01,1.840159978341043256e+02,1.337731442869057673e+03,8.026388657214345130e+02
1.339391159299416358e+02,3.441311466220912108e-01,1.000000000000000000e+01,1.842444619092715357e+02,1.339391159299416358e+03,8.036346955796498150e+02
1.341050875729774816e+02,3.441311466220912108e-01,1.000000000000000000e+01,1.844729259844386604e+02,1.341050875729774816e+03,8.046305254378648897e+02
1.342710592160133558e+02,3.441311466220912108e-01,1.000000000000000000e+01,1.847013900596058420e+02,1.342710592160133729e+03,8.056263552960800780e+02
1.344370308590492300e+02,3.441311466220912108e-01,1.000000000000000000e+01,1.849298541347730236e+02,1.344370308590492186e+03,8.066221851542952663e+02
1.346030025020850758e+02,3.441311466220912108e-01,1.000000000000000000e+01,1.851583182099401483e+02,1.346030025020850644e+03,8.076180150125103410e+02
1.347689741451209500e+02,3.441311466220912108e-01,1.000000000000000000e+01,1.853867822851073583e+02,1.347689741451209557e+03,8.086138448707256430e+02
1.349349457881567957e+02,3.441311466220912108e-01,1.000000000000000000e+01,1.856152463602745115e+02,1.349349457881568014e+03,8.096096747289407176e+02
1.351009174311926699e+02,3.441311466220912108e-01,1.000000000000000000e+01,1.858437104354416931e+02,1.351009174311926699e+03,8.106055045871560196e+02
1.352668890742285441e+02,3.441311466220912108e-01,1.000000000000000000e+01,1.860721745106088747e+02,1.352668890742285384e+03,8.116013344453713216e+02
1.354328607172643899e+02,3.441311466220912108e-01,1.000000000000000000e+01,1.863006385857760279e+02,1.354328607172643842e+03,8.125971643035862826e+02
1.355988323603002641e+02,3.441311466220912108e-01,1.000000000000000000e+01,1.865291026609432095e+02,1.355988323603002755e+03,8.135929941618014709e+02
1.357648040033361099e+02,3.441311466220912108e-01,1.000000000000000000e+01,1.867575667361103342e+02,1.357648040033361212e+03,8.145888240200166592e+02
1.359307756463719841e+02,3.441311466220912108e-01,1.000000000000000000e+01,1.869860308112775442e+02,1.359307756463719898e+03,8.155846538782318476e+02
1.360967472894078583e+02,3.441311466220912108e-01,1.000000000000000000e+01,1.872144948864446974e+02,1.360967472894078583e+03,8.165804837364471496e+02
1.362627189324437040e+02,3.441311466220912108e-01,1.000000000000000000e+01,1.874429589616118506e+02,1.362627189324437040e+03,8.175763135946622242e+02
1.364286905754795782e+02,3.441311466220912108e-01,1.000000000000000000e+01,1.876714230367790606e+02,1.364286905754795953e+03,8.185721434528774125e+02
1.365946622185154524e+02,3.441311466220912108e-01,1.000000000000000000e+01,1.878998871119462422e+02,1.365946622185154411e+03,8.195679733110927145e+02
1.367606338615512982e+02,3.441311466220912108e-01,1.000000000000000000e+01,1.881283511871133669e+02,1.367606338615512868e+03,8.205638031693076755e+02
1.369266055045871724e+02,3.441311466220912108e-01,1.000000000000000000e+01,1.883568152622805769e+02,1.369266055045871781e+03,8.215596330275229775e+02
1.370925771476230182e+02,3.441311466220912108e-01,1.000000000000000000e+01,1.885852793374477301e+02,1.370925771476230238e+03,8.225554628857380521e+02
1.372585487906588924e+02,3.441311466220912108e-01,1.000000000000000000e+01,1.888137434126148833e+02,1.372585487906588924e+03,8.235512927439533541e+02
1.374245204336947666e+02,3.441311466220912108e-01,1.000000000000000000e+01,1.890422074877820933e+02,1.374245204336947609e+03,8.245471226021685425e+02
1.375904920767306123e+02,3.441311466220912108e-01,1.000000000000000000e+01,1.892706715629492464e+02,1.375904920767306066e+03,8.255429524603836171e+02
1.377564637197664865e+02,3.441311466220912108e-01,1.000000000000000000e+01,1.894991356381163996e+02,1.377564637197664979e+03,8.265387823185988054e+02
1.379224353628023323e+02,3.441311466220912108e-01,1.000000000000000000e+01,1.897275997132835528e+02,1.379224353628023437e+03,8.275346121768138801e+02
1.380884070058382065e+02,3.441311466220912108e-01,1.000000000000000000e+01,1.899560637884507344e+02,1.380884070058381894e+03,8.285304420350291821e+02
1.382543786488740807e+02,3.441311466220912108e-01,1.000000000000000000e+01,1.901845278636179160e+02,1.382543786488740807e+03,8.295262718932444841e+02
1.384203502919099265e+02,3.441311466220912108e-01,1.000000000000000000e+01,1.904129919387850691e+02,1.384203502919099265e+03,8.305221017514595587e+02
1.385863219349458006e+02,3.441311466220912108e-01,1.000000000000000000e+01,1.906414560139522791e+02,1.385863219349458177e+03,8.315179316096748607e+02
1.387522935779816748e+02,3.441311466220912108e-01,1.000000000000000000e+01,1.908699200891194323e+02,1.387522935779816635e+03,8.325137614678899354e+02
1.389182652210175206e+02,3.441311466220912108e-01,1.000000000000000000e+01,1.910983841642865855e+02,1.389182652210175092e+03,8.335095913261050100e+02
1.390842368640533948e+02,3.441311466220912108e-01,1.000000000000000000e+01,1.913268482394537955e+02,1.390842368640534005e+03,8.345054211843203120e+02
1.392502085070892406e+02,3.441311466220912108e-01,1.000000000000000000e+01,1.915553123146209487e+02,1.392502085070892463e+03,8.355012510425353867e+02
1.394161801501251148e+02,3.441311466220912108e-01,1.000000000000000000e+01,1.917837763897881018e+02,1.394161801501251148e+03,8.364970809007506887e+02
1.395821517931609890e+02,3.441311466220912108e-01,1.000000000000000000e+01,1.920122404649552834e+02,1.395821517931609833e+03,8.374929107589658770e+02
1.397481234361968347e+02,3.441311466220912108e-01,1.000000000000000000e+01,1.922407045401224366e+02,1.397481234361968291e+03,8.384887406171809516e+02
1.399140950792327089e+02,3.441311466220912108e-01,1.000000000000000000e+01,1.924691686152896182e+02,1.399140950792327203e+03,8.394845704753962536e+02
1.400800667222685547e+02,3.441311466220912108e-01,1.000000000000000000e+01,1.926976326904567713e+02,1.400800667222685661e+03,8.404804003336112146e+02
1.402460383653044289e+02,3.441311466220912108e-01,1.000000000000000000e+01,1.929260967656239529e+02,1.402460383653044119e+03,8.414762301918265166e+02
1.404120100083403031e+02,3.441311466220912108e-01,1.000000000000000000e+01,1.931545608407911345e+02,1.404120100083403031e+03,8.424720600500418186e+02
1.405779816513761489e+02,3.441311466220912108e-01,1.000000000000000000e+01,1.933830249159582877e+02,1.405779816513761489e+03,8.434678899082568932e+02
1.407439532944120231e+02,3.441311466220912108e-01,1.000000000000000000e+01,1.936114889911254693e+02,1.407439532944120174e+03,8.444637197664720816e+02
1.409099249374478973e+02,3.441311466220912108e-01,1.000000000000000000e+01,1.938399530662926509e+02,1.409099249374478859e+03,8.454595496246872699e+02
1.410758965804837430e+02,3.441311466220912108e-01,1.000000000000000000e+01,1.940684171414598040e+02,1.410758965804837317e+03,8.464553794829023445e+02
1.412418682235196172e+02,3.441311466220912108e-01,1.000000000000000000e+01,1.942968812166269856e+02,1.412418682235196229e+03,8.474512093411176465e+02
1.414078398665554630e+02,3.441311466220912108e-01,1.000000000000000000e+01,1.945253452917941104e+02,1.414078398665554687e+03,8.484470391993327212e+02
1.415738115095913372e+02,3.441311466220912108e-01,1.000000000000000000e+01,1.947538093669613204e+02,1.415738115095913372e+03,8.494428690575480232e+02
1.417397831526272114e+02,3.441311466220912108e-01,1.000000000000000000e+01,1.949822734421285020e+02,1.417397831526272057e+03,8.504386989157632115e+02
1.419057547956630572e+02,3.441311466220912108e-01,1.000000000000000000e+01,1.952107375172956552e+02,1.419057547956630515e+03,8.514345287739783998e+02
1.420717264386989314e+02,3.441311466220912108e-01,1.000000000000000000e+01,1.954392015924628367e+02,1.420717264386989427e+03,8.524303586321934745e+02
1.422376980817347771e+02,3.441311466220912108e-01,1.000000000000000000e+01,1.956676656676299899e+02,1.422376980817347885e+03,8.534261884904085491e+02
1.424036697247706513e+02,3.441311466220912108e-01,1.000000000000000000e+01,1.958961297427971431e+02,1.424036697247706570e+03,8.544220183486238511e+02
1.425696413678065255e+02,3.441311466220912108e-01,1.000000000000000000e+01,1.961245938179643531e+02,1.425696413678065255e+03,8.554178482068391531e+02
1.427356130108423713e+02,3.441311466220912108e-01,1.000000000000000000e+01,1.963530578931315063e+02,1.427356130108423713e+03,8.564136780650542278e+02
1.429015846538782455e+02,3.441311466220912108e-01,1.000000000000000000e+01,1.965815219682986594e+02,1.429015846538782398e+03,8.574095079232694161e+02
1.430675562969140913e+02,3.441311466220912108e-01,1.000000000000000000e+01,1.968099860434658126e+02,1.430675562969141083e+03,8.584053377814844907e+02
1.432335279399499655e+02,3.441311466220912108e-01,1.000000000000000000e+01,1.970384501186330226e+02,1.432335279399499541e+03,8.594011676396997927e+02
1.433994995829858397e+02,3.441311466220912108e-01,1.000000000000000000e+01,1.972669141938002042e+02,1.433994995829858453e+03,8.603969974979149811e+02
1.435654712260216854e+02,3.441311466220912108e-01,1.000000000000000000e+01,1.974953782689673289e+02,1.435654712260216911e+03,8.613928273561300557e+02
1.437314428690575596e+02,3.441311466220912108e-01,1.000000000000000000e+01,1.977238423441345390e+02,1.437314428690575596e+03,8.623886572143453577e+02
1.438974145120934338e+02,3.441311466220912108e-01,1.000000000000000000e+01,1.979523064193016921e+02,1.438974145120934281e+03,8.633844870725605460e+02
1.440633861551292796e+02,3.441311466220912108e-01,1.000000000000000000e+01,1.981807704944688453e+02,1.440633861551292739e+03,8.643803169307756207e+02
1.442293577981651538e+02,3.441311466220912108e-01,1.000000000000000000e+01,1.984092345696360553e+02,1.442293577981651651e+03,8.653761467889908090e+02
1.443953294412009996e+02,3.441311466220912108e-01,1.000000000000000000e+01,1.986376986448031801e+02,1.443953294412010109e+03,8.663719766472058836e+02
1.445613010842368737e+02,3.441311466220912108e-01,1.000000000000000000e+01,1.988661627199703616e+02,1.445613010842368794e+03,8.673678065054211856e+02
1.447272727272727479e+02,3.441311466220912108e-01,1.000000000000000000e+01,1.990946267951375717e+02,1.447272727272727479e+03,8.683636363636364877e+02
1.448932443703085937e+02,3.441311466220912108e-01,1.000000000000000000e+01,1.993230908703046964e+02,1.448932443703085937e+03,8.693594662218515623e+02
1.450592160133444679e+02,3.441311466220912108e-01,1.000000000000000000e+01,1.995515549454718780e+02,1.450592160133444622e+03,8.703552960800667506e+02
1.452251876563803137e+02,3.441311466220912108e-01,1.000000000000000000e+01,1.997800190206390312e+02,1.452251876563803307e+03,8.713511259382819389e+02
1.453911592994161879e+02,3.441311466220912108e-01,1.000000000000000000e+01,2.000084830958062128e+02,1.453911592994161765e+03,8.723469557964970136e+02
1.455571309424520621e+02,3.441311466220912108e-01,1.000000000000000000e+01,2.002369471709733943e+02,1.455571309424520678e+03,8.733427856547123156e+02
1.457231025854879078e+02,3.441311466220912108e-01,1.000000000000000000e+01,2.004654112461405475e+02,1.457231025854879135e+03,8.743386155129273902e+02
1.458890742285237820e+02,3.441311466220912108e-01,1.000000000000000000e+01,2.006938753213077291e+02,1.458890742285237820e+03,8.753344453711426922e+02
1.460550458715596562e+02,3.441311466220912108e-01,1.000000000000000000e+01,2.009223393964749107e+02,1.460550458715596505e+03,8.763302752293579942e+02
1.462210175145955020e+02,3.441311466220912108e-01,1.000000000000000000e+01,2.011508034716420639e+02,1.462210175145954963e+03,8.773261050875729552e+02
1.463869891576313762e+02,3.441311466220912108e-01,1.000000000000000000e+01,2.013792675468092455e+02,1.463869891576313876e+03,8.783219349457881435e+02
1.465529608006672220e+02,3.441311466220912108e-01,1.000000000000000000e+01,2.016077316219763986e+02,1.465529608006672333e+03,8.793177648040033318e+02
1.467189324437030962e+02,3.441311466220912108e-01,1.000000000000000000e+01,2.018361956971435802e+02,1.467189324437031019e+03,8.803135946622185202e+02
1.468849040867389704e+02,3.441311466220912108e-01,1.000000000000000000e+01,2.020646597723107618e+02,1.468849040867389704e+03,8.813094245204338222e+02
1.470508757297748161e+02,3.441311466220912108e-01,1.000000000000000000e+01,2.022931238474779150e+02,1.470508757297748161e+03,8.823052543786488968e+02
1.472168473728106903e+02,3.441311466220912108e-01,1.000000000000000000e+01,2.025215879226450966e+02,1.472168473728107074e+03,8.833010842368640851e+02
1.473828190158465361e+02,3.441311466220912108e-01,1.000000000000000000e+01,2.027500519978122497e+02,1.473828190158465304e+03,8.842969140950791598e+02
1.475487906588824103e+02,3.441311466220912108e-01,1.000000000000000000e+01,2.029785160729794029e+02,1.475487906588823989e+03,8.852927439532943481e+02
1.477147623019182845e+02,3.441311466220912108e-01,1.000000000000000000e+01,2.032069801481466129e+02,1.477147623019182902e+03,8.862885738115096501e+02
1.478807339449541303e+02,3.441311466220912108e-01,1.000000000000000000e+01,2.034354442233137661e+02,1.478807339449541359e+03,8.872844036697247248e+02
1.480467055879900045e+02,3.441311466220912108e-01,1.000000000000000000e+01,2.036639082984809477e+02,1.480467055879900045e+03,8.882802335279400268e+02
1.482126772310258787e+02,3.441311466220912108e-01,1.000000000000000000e+01,2.038923723736481293e+02,1.482126772310258730e+03,8.892760633861552151e+02
1.483786488740617244e+02,3.441311466220912108e-01,1.000000000000000000e+01,2.041208364488152824e+02,1.483786488740617187e+03,8.902718932443702897e+02
1.485446205170975986e+02,3.441311466220912108e-01,1.000000000000000000e+01,2.043493005239824640e+02,1.485446205170976100e+03,8.912677231025854780e+02
1.487105921601334444e+02,3.441311466220912108e-01,1.000000000000000000e+01,2.045777645991495888e+02,1.487105921601334558e+03,8.922635529608006664e+02
1.488765638031693186e+02,3.441311466220912108e-01,1.000000000000000000e+01,2.048062286743167988e+02,1.488765638031693015e+03,8.932593828190158547e+02
1.490425354462051928e+02,3.441311466220912108e-01,1.000000000000000000e+01,2.050346927494839520e+02,1.490425354462051928e+03,8.942552126772311567e+02
1.492085070892410386e+02,3.441311466220912108e-01,1.000000000000000000e+01,2.052631568246511051e+02,1.492085070892410386e+03,8.952510425354462313e+02
1.493744787322769128e+02,3.441311466220912108e-01,1.000000000000000000e+01,2.054916208998183151e+02,1.493744787322769298e+03,8.962468723936615334e+02
1.495404503753127585e+02,3.441311466220912108e-01,1.000000000000000000e+01,2.057200849749854399e+02,1.495404503753127528e+03,8.972427022518764943e+02
1.497064220183486327e+02,3.441311466220912108e-01,1.000000000000000000e+01,2.059485490501526215e+02,1.497064220183486214e+03,8.982385321100916826e+02
1.498723936613845069e+02,3.441311466220912108e-01,1.000000000000000000e+01,2.061770131253198315e+02,1.498723936613845126e+03,8.992343619683069846e+02
1.500383653044203527e+02,3.441311466220912108e-01,1.000000000000000000e+01,2.064054772004869847e+02,1.500383653044203584e+03,9.002301918265220593e+02
1.502043369474562269e+02,3.441311466220912108e-01,1.000000000000000000e+01,2.066339412756541378e+02,1.502043369474562269e+03,9.012260216847373613e+02
1.503703085904921011e+02,3.441311466220912108e-01,1.000000000000000000e+01,2.068624053508213478e+02,1.503703085904920954e+03,9.022218515429525496e+02
1.505362802335279468e+02,3.441311466220912108e-01,1.000000000000000000e+01,2.070908694259885010e+02,1.505362802335279412e+03,9.032176814011677379e+02
1.507022518765638210e+02,3.441311466220912108e-01,1.000000000000000000e+01,2.073193335011556542e+02,1.507022518765638324e+03,9.042135112593829263e+02
1.508682235195996668e+02,3.441311466220912108e-01,1.000000000000000000e+01,2.075477975763228073e+02,1.508682235195996782e+03,9.052093411175978872e+02
1.510341951626355410e+02,3.441311466220912108e-01,1.000000000000000000e+01,2.077762616514899889e+02,1.510341951626355467e+03,9.062051709758131892e+02
1.512001668056714152e+02,3.441311466220912108e-01,1.000000000000000000e+01,2.080047257266571705e+02,1.512001668056714152e+03,9.072010008340284912e+02
1.513661384487072610e+02,3.441311466220912108e-01,1.000000000000000000e+01,2.082331898018243237e+02,1.513661384487072610e+03,9.081968306922435659e+02
1.515321100917431352e+02,3.441311466220912108e-01,1.000000000000000000e+01,2.084616538769915053e+02,1.515321100917431295e+03,9.091926605504587542e+02
1.516980817347789809e+02,3.441311466220912108e-01,1.000000000000000000e+01,2.086901179521586585e+02,1.516980817347789753e+03,9.101884904086738288e+02
1.518640533778148551e+02,3.441311466220912108e-01,1.000000000000000000e+01,2.089185820273258400e+02,1.518640533778148438e+03,9.111843202668890171e+02
1.520300250208507293e+02,3.441311466220912108e-01,1.000000000000000000e+01,2.091470461024930501e+02,1.520300250208507350e+03,9.121801501251043192e+02
1.521959966638865751e+02,3.441311466220912108e-01,1.000000000000000000e+01,2.093755101776601748e+02,1.521959966638865808e+03,9.131759799833193938e+02
1.523619683069224493e+02,3.441311466220912108e-01,1.000000000000000000e+01,2.096039742528273564e+02,1.523619683069224493e+03,9.141718098415346958e+02
1.525279399499583235e+02,3.441311466220912108e-01,1.000000000000000000e+01,2.098324383279945380e+02,1.525279399499583178e+03,9.151676396997498841e+02
1.526939115929941693e+02,3.441311466220912108e-01,1.000000000000000000e+01,2.100609024031616912e+02,1.526939115929941636e+03,9.161634695579650725e+02
1.528598832360300435e+02,3.441311466220912108e-01,1.000000000000000000e+01,2.102893664783288727e+02,1.528598832360300548e+03,9.171592994161802608e+02
1.530258548790658892e+02,3.441311466220912108e-01,1.000000000000000000e+01,2.105178305534960259e+02,1.530258548790659006e+03,9.181551292743952217e+02
1.531918265221017634e+02,3.441311466220912108e-01,1.000000000000000000e+01,2.107462946286632075e+02,1.531918265221017691e+03,9.191509591326105237e+02
1.533577981651376376e+02,3.441311466220912108e-01,1.000000000000000000e+01,2.109747587038303891e+02,1.533577981651376376e+03,9.201467889908258257e+02
1.535237698081734834e+02,3.441311466220912108e-01,1.000000000000000000e+01,2.112032227789975423e+02,1.535237698081734834e+03,9.211426188490409004e+02
1.536897414512093576e+02,3.441311466220912108e-01,1.000000000000000000e+01,2.114316868541647239e+02,1.536897414512093519e+03,9.221384487072560887e+02
1.538557130942452034e+02,3.441311466220912108e-01,1.000000000000000000e+01,2.116601509293318770e+02,1.538557130942451977e+03,9.231342785654712770e+02
1.540216847372810776e+02,3.441311466220912108e-01,1.000000000000000000e+01,2.118886150044990586e+02,1.540216847372810662e+03,9.241301084236864654e+02
1.541876563803169518e+02,3.441311466220912108e-01,1.000000000000000000e+01,2.121170790796662402e+02,1.541876563803169574e+03,9.251259382819016537e+02
1.543536280233527975e+02,3.441311466220912108e-01,1.000000000000000000e+01,2.123455431548333650e+02,1.543536280233528032e+03,9.261217681401167283e+02
1.545195996663886717e+02,3.441311466220912108e-01,1.000000000000000000e+01,2.125740072300005750e+02,1.545195996663886717e+03,9.271175979983320303e+02
1.546855713094245175e+02,3.441311466220912108e-01,1.000000000000000000e+01,2.128024713051677281e+02,1.546855713094245175e+03,9.281134278565471050e+02
1.548515429524603917e+02,3.441311466220912108e-01,1.000000000000000000e+01,2.130309353803348813e+02,1.548515429524603860e+03,9.291092577147622933e+02
1.550175145954962659e+02,3.441311466220912108e-01,1.000000000000000000e+01,2.132593994555020913e+02,1.550175145954962773e+03,9.301050875729774816e+02
1.551834862385321117e+02,3.441311466220912108e-01,1.000000000000000000e+01,2.134878635306692445e+02,1.551834862385321230e+03,9.311009174311926699e+02
1.553494578815679859e+02,3.441311466220912108e-01,1.000000000000000000e+01,2.137163276058363977e+02,1.553494578815679915e+03,9.320967472894078583e+02
1.555154295246038600e+02,3.441311466220912108e-01,1.000000000000000000e+01,2.139447916810036077e+02,1.555154295246038600e+03,9.330925771476231603e+02
1.556814011676397058e+02,3.441311466220912108e-01,1.000000000000000000e+01,2.141732557561707324e+02,1.556814011676397058e+03,9.340884070058382349e+02
1.558473728106755800e+02,3.441311466220912108e-01,1.000000000000000000e+01,2.144017198313379140e+02,1.558473728106755743e+03,9.350842368640534232e+02
1.560133444537114258e+02,3.441311466220912108e-01,1.000000000000000000e+01,2.146301839065050672e+02,1.560133444537114201e+03,9.360800667222686116e+02
1.561793160967473000e+02,3.441311466220912108e-01,1.000000000000000000e+01,2.148586479816722772e+02,1.561793160967473113e+03,9.370758965804837999e+02
1.563452877397831742e+02,3.441311466220912108e-01,1.000000000000000000e+01,2.150871120568394304e+02,1.563452877397831799e+03,9.380717264386989882e+02
1.565112593828190199e+02,3.441311466220912108e-01,1.000000000000000000e+01,2.153155761320065835e+02,1.565112593828190256e+03,9.390675562969140628e+02
1.566772310258548941e+02,3.441311466220912108e-01,1.000000000000000000e+01,2.155440402071737935e+02,1.566772310258548941e+03,9.400633861551293649e+02
1.568432026688907399e+02,3.441311466220912108e-01,1.000000000000000000e+01,2.157725042823409183e+02,1.568432026688907399e+03,9.410592160133444395e+02
1.570091743119266141e+02,3.441311466220912108e-01,1.000000000000000000e+01,2.160009683575080999e+02,1.570091743119266084e+03,9.420550458715596278e+02
1.571751459549624883e+02,3.441311466220912108e-01,1.000000000000000000e+01,2.162294324326752815e+02,1.571751459549624997e+03,9.430508757297749298e+02
1.573411175979983341e+02,3.441311466220912108e-01,1.000000000000000000e+01,2.164578965078424346e+02,1.573411175979983454e+03,9.440467055879900045e+02
1.575070892410342083e+02,3.441311466220912108e-01,1.000000000000000000e+01,2.166863605830096162e+02,1.575070892410342140e+03,9.450425354462051928e+02
1.576730608840700825e+02,3.441311466220912108e-01,1.000000000000000000e+01,2.169148246581767978e+02,1.576730608840700825e+03,9.460383653044204948e+02
1.578390325271059282e+02,3.441311466220912108e-01,1.000000000000000000e+01,2.171432887333439510e+02,1.578390325271059282e+03,9.470341951626355694e+02
1.580050041701418024e+02,3.441311466220912108e-01,1.000000000000000000e+01,2.173717528085111326e+02,1.580050041701417967e+03,9.480300250208507578e+02
1.581709758131776482e+02,3.441311466220912108e-01,1.000000000000000000e+01,2.176002168836782857e+02,1.581709758131776425e+03,9.490258548790658324e+02
1.583369474562135224e+02,3.441311466220912108e-01,1.000000000000000000e+01,2.178286809588454673e+02,1.583369474562135110e+03,9.500216847372810207e+02
1.585029190992493966e+02,3.441311466220912108e-01,1.000000000000000000e+01,2.180571450340126489e+02,1.585029190992494023e+03,9.510175145954963227e+02
1.586688907422852424e+02,3.441311466220912108e-01,1.000000000000000000e+01,2.182856091091798021e+02,1.586688907422852481e+03,9.520133444537113974e+02
1.588348623853211166e+02,3.441311466220912108e-01,1.000000000000000000e+01,2.185140731843469837e+02,1.588348623853211166e+03,9.530091743119266994e+02
1.590008340283569623e+02,3.441311466220912108e-01,1.000000000000000000e+01,2.187425372595141084e+02,1.590008340283569623e+03,9.540050041701417740e+02
1.591668056713928365e+02,3.441311466220912108e-01,1.000000000000000000e+01,2.189710013346813184e+02,1.591668056713928308e+03,9.550008340283569623e+02
1.593327773144287107e+02,3.441311466220912108e-01,1.000000000000000000e+01,2.191994654098485000e+02,1.593327773144287221e+03,9.559966638865722643e+02
1.594987489574645565e+02,3.441311466220912108e-01,1.000000000000000000e+01,2.194279294850156532e+02,1.594987489574645679e+03,9.569924937447873390e+02
1.596647206005004307e+02,3.441311466220912108e-01,1.000000000000000000e+01,2.196563935601828348e+02,1.596647206005004364e+03,9.579883236030025273e+02
1.598306922435363049e+02,3.441311466220912108e-01,1.000000000000000000e+01,2.198848576353500164e+02,1.598306922435363049e+03,9.589841534612178293e+02
1.599966638865721507e+02,3.441311466220912108e-01,1.000000000000000000e+01,2.201133217105171695e+02,1.599966638865721507e+03,9.599799833194329040e+02
1.601626355296080249e+02,3.441311466220912108e-01,1.000000000000000000e+01,2.203417857856843511e+02,1.601626355296080192e+03,9.609758131776480923e+02
1.603286071726438706e+02,3.441311466220912108e-01,1.000000000000000000e+01,2.205702498608515043e+02,1.603286071726438649e+03,9.619716430358631669e+02
1.604945788156797448e+02,3.441311466220912108e-01,1.000000000000000000e+01,2.207987139360186575e+02,1.604945788156797335e+03,9.629674728940784689e+02
1.606605504587156190e+02,3.441311466220912108e-01,1.000000000000000000e+01,2.210271780111858675e+02,1.606605504587156247e+03,9.639633027522936572e+02
1.608265221017514648e+02,3.441311466220912108e-01,1.000000000000000000e+01,2.212556420863530207e+02,1.608265221017514705e+03,9.649591326105087319e+02
1.609924937447873390e+02,3.441311466220912108e-01,1.000000000000000000e+01,2.214841061615202022e+02,1.609924937447873390e+03,9.659549624687240339e+02
1.611584653878231848e+02,3.441311466220912108e-01,1.000000000000000000e+01,2.217125702366873270e+02,1.611584653878231848e+03,9.669507923269391085e+02
1.613244370308590590e+02,3.441311466220912108e-01,1.000000000000000000e+01,2.219410343118545370e+02,1.613244370308590533e+03,9.679466221851542969e+02
1.614904086738949331e+02,3.441311466220912108e-01,1.000000000000000000e+01,2.221694983870216902e+02,1.614904086738949445e+03,9.689424520433695989e+02
1.616563803169307789e+02,3.441311466220912108e-01,1.000000000000000000e+01,2.223979624621888433e+02,1.616563803169307903e+03,9.699382819015846735e+02
1.618223519599666531e+02,3.441311466220912108e-01,1.000000000000000000e+01,2.226264265373560249e+02,1.618223519599666588e+03,9.709341117597998618e+02
1.619883236030025273e+02,3.441311466220912108e-01,1.000000000000000000e+01,2.228548906125232065e+02,1.619883236030025273e+03,9.719299416180151638e+02
1.621542952460383731e+02,3.441311466220912108e-01,1.000000000000000000e+01,2.230833546876903597e+02,1.621542952460383731e+03,9.729257714762302385e+02
1.623202668890742473e+02,3.441311466220912108e-01,1.000000000000000000e+01,2.233118187628575697e+02,1.623202668890742416e+03,9.739216013344454268e+02
1.624862385321100930e+02,3.441311466220912108e-01,1.000000000000000000e+01,2.235402828380246945e+02,1.624862385321100874e+03,9.749174311926605014e+02
1.626522101751459672e+02,3.441311466220912108e-01,1.000000000000000000e+01,2.237687469131918760e+02,1.626522101751459559e+03,9.759132610508758034e+02
1.628181818181818414e+02,3.441311466220912108e-01,1.000000000000000000e+01,2.239972109883590861e+02,1.628181818181818471e+03,9.769090909090909918e+02
1.629841534612176872e+02,3.441311466220912108e-01,1.000000000000000000e+01,2.242256750635262108e+02,1.629841534612176929e+03,9.779049207673060664e+02
1.631501251042535614e+02,3.441311466220912108e-01,1.000000000000000000e+01,2.244541391386933924e+02,1.631501251042535614e+03,9.789007506255213684e+02
1.633160967472894072e+02,3.441311466220912108e-01,1.000000000000000000e+01,2.246826032138605456e+02,1.633160967472894072e+03,9.798965804837364431e+02
1.634820683903252814e+02,3.441311466220912108e-01,1.000000000000000000e+01,2.249110672890277272e+02,1.634820683903252757e+03,9.808924103419516314e+02
1.636480400333611556e+02,3.441311466220912108e-01,1.000000000000000000e+01,2.251395313641949087e+02,1.636480400333611669e+03,9.818882402001669334e+02
1.638140116763970013e+02,3.441311466220912108e-01,1.000000000000000000e+01,2.253679954393620619e+02,1.638140116763970127e+03,9.828840700583820080e+02
1.639799833194328755e+02,3.441311466220912108e-01,1.000000000000000000e+01,2.255964595145292435e+02,1.639799833194328812e+03,9.838798999165971964e+02
1.641459549624687497e+02,3.441311466220912108e-01,1.000000000000000000e+01,2.258249235896964251e+02,1.641459549624687497e+03,9.848757297748124984e+02
1.643119266055045955e+02,3.441311466220912108e-01,1.000000000000000000e+01,2.260533876648635783e+02,1.643119266055045955e+03,9.858715596330275730e+02
1.644778982485404697e+02,3.441311466220912108e-01,1.000000000000000000e+01,2.262818517400307599e+02,1.644778982485404640e+03,9.868673894912427613e+02
1.646438698915763155e+02,3.441311466220912108e-01,1.000000000000000000e+01,2.265103158151979130e+02,1.646438698915763098e+03,9.878632193494578360e+02
1.648098415346121897e+02,3.441311466220912108e-01,1.000000000000000000e+01,2.267387798903650946e+02,1.648098415346121783e+03,9.888590492076731380e+02
1.649758131776480639e+02,3.441311466220912108e-01,1.000000000000000000e+01,2.269672439655322762e+02,1.649758131776480695e+03,9.898548790658883263e+02
1.651417848206839096e+02,3.441311466220912108e-01,1.000000000000000000e+01,2.271957080406994294e+02,1.651417848206839153e+03,9.908507089241034009e+02
1.653077564637197838e+02,3.441311466220912108e-01,1.000000000000000000e+01,2.274241721158666110e+02,1.653077564637197838e+03,9.918465387823187029e+02
1.654737281067556296e+02,3.441311466220912108e-01,1.000000000000000000e+01,2.276526361910337641e+02,1.654737281067556296e+03,9.928423686405337776e+02
1.656396997497915038e+02,3.441311466220912108e-01,1.000000000000000000e+01,2.278811002662009457e+02,1.656396997497914981e+03,9.938381984987489659e+02
1.658056713928273780e+02,3.441311466220912108e-01,1.000000000000000000e+01,2.281095643413681273e+02,1.658056713928273894e+03,9.948340283569642679e+02
1.659716430358632238e+02,3.441311466220912108e-01,1.000000000000000000e+01,2.283380284165352805e+02,1.659716430358632351e+03,9.958298582151793426e+02
1.661376146788990980e+02,3.441311466220912108e-01,1.000000000000000000e+01,2.285664924917024621e+02,1.661376146788991036e+03,9.968256880733945309e+02
1.663035863219349437e+02,3.441311466220912108e-01,1.000000000000000000e+01,2.287949565668695868e+02,1.663035863219349494e+03,9.978215179316096055e+02
1.664695579649708179e+02,3.441311466220912108e-01,1.000000000000000000e+01,2.290234206420367968e+02,1.664695579649708179e+03,9.988173477898249075e+02
1.666355296080066921e+02,3.441311466220912108e-01,1.000000000000000000e+01,2.292518847172039784e+02,1.666355296080066864e+03,9.998131776480400958e+02
1.668015012510425379e+02,3.441311466220912108e-01,1.000000000000000000e+01,2.294803487923711032e+02,1.668015012510425322e+03,1.000809007506255170e+03
1.669674728940784121e+02,3.441311466220912108e-01,1.000000000000000000e+01,2.297088128675383132e+02,1.669674728940784007e+03,1.001804837364470472e+03
1.671334445371142863e+02,3.441311466220912108e-01,1.000000000000000000e+01,2.299372769427054948e+02,1.671334445371142920e+03,1.002800667222685661e+03
1.672994161801501320e+02,3.441311466220912108e-01,1.000000000000000000e+01,2.301657410178726195e+02,1.672994161801501377e+03,1.003796497080900735e+03
1.674653878231860062e+02,3.441311466220912108e-01,1.000000000000000000e+01,2.303942050930398295e+02,1.674653878231860062e+03,1.004792326939116037e+03
1.676313594662218520e+02,3.441311466220912108e-01,1.000000000000000000e+01,2.306226691682069543e+02,1.676313594662218520e+03,1.005788156797331112e+03
1.677973311092577262e+02,3.441311466220912108e-01,1.000000000000000000e+01,2.308511332433741359e+02,1.677973311092577205e+03,1.006783986655546414e+03
1.679633027522936004e+02,3.441311466220912108e-01,1.000000000000000000e+01,2.310795973185413459e+02,1.679633027522936118e+03,1.007779816513761602e+03
1.681292743953294462e+02,3.441311466220912108e-01,1.000000000000000000e+01,2.313080613937084706e+02,1.681292743953294575e+03,1.008775646371976677e+03
1.682952460383653204e+02,3.441311466220912108e-01,1.000000000000000000e+01,2.315365254688756522e+02,1.682952460383653261e+03,1.009771476230191865e+03
1.684612176814011661e+02,3.441311466220912108e-01,1.000000000000000000e+01,2.317649895440428054e+02,1.684612176814011718e+03,1.010767306088406940e+03
1.686271893244370403e+02,3.441311466220912108e-01,1.000000000000000000e+01,2.319934536192099870e+02,1.686271893244370403e+03,1.011763135946622242e+03
1.687931609674729145e+02,3.441311466220912108e-01,1.000000000000000000e+01,2.322219176943771686e+02,1.687931609674729089e+03,1.012758965804837430e+03
1.689591326105087603e+02,3.441311466220912108e-01,1.000000000000000000e+01,2.324503817695443217e+02,1.689591326105087546e+03,1.013754795663052505e+03
1.691251042535446345e+02,3.441311466220912108e-01,1.000000000000000000e+01,2.326788458447115033e+02,1.691251042535446231e+03,1.014750625521267807e+03
1.692910758965805087e+02,3.441311466220912108e-01,1.000000000000000000e+01,2.329073099198786849e+02,1.692910758965805144e+03,1.015746455379482995e+03
1.694570475396163545e+02,3.441311466220912108e-01,1.000000000000000000e+01,2.331357739950458381e+02,1.694570475396163602e+03,1.016742285237698070e+03
1.696230191826522287e+02,3.441311466220912108e-01,1.000000000000000000e+01,2.333642380702130197e+02,1.696230191826522287e+03,1.017738115095913372e+03
1.697889908256880744e+02,3.441311466220912108e-01,1.000000000000000000e+01,2.335927021453801729e+02,1.697889908256880744e+03,1.018733944954128447e+03
1.699549624687239486e+02,3.441311466220912108e-01,1.000000000000000000e+01,2.338211662205473544e+02,1.699549624687239429e+03,1.019729774812343635e+03
1.701209341117598228e+02,3.441311466220912108e-01,1.000000000000000000e+01,2.340496302957145360e+02,1.701209341117598342e+03,1.020725604670558937e+03
1.702869057547956686e+02,3.441311466220912108e-01,1.000000000000000000e+01,2.342780943708816892e+02,1.702869057547956800e+03,1.021721434528774012e+03
1.704528773978315428e+02,3.441311466220912108e-01,1.000000000000000000e+01,2.345065584460488708e+02,1.704528773978315485e+03,1.022717264386989200e+03
1.706188490408673886e+02,3.441311466220912108e-01,1.000000000000000000e+01,2.347350225212160240e+02,1.706188490408673943e+03,1.023713094245204275e+03
1.707848206839032628e+02,3.441311466220912108e-01,1.000000000000000000e+01,2.349634865963832056e+02,1.707848206839032628e+03,1.024708924103419577e+03
1.709507923269391370e+02,3.441311466220912108e-01,1.000000000000000000e+01,2.351919506715503871e+02,1.709507923269391313e+03,1.025704753961634879e+03
1.711167639699749827e+02,3.441311466220912108e-01,1.000000000000000000e+01,2.354204147467175403e+02,1.711167639699749770e+03,1.026700583819849953e+03
1.712827356130108569e+02,3.441311466220912108e-01,1.000000000000000000e+01,2.356488788218847219e+02,1.712827356130108456e+03,1.027696413678065028e+03
1.714487072560467311e+02,3.441311466220912108e-01,1.000000000000000000e+01,2.358773428970519035e+02,1.714487072560467368e+03,1.028692243536280330e+03
1.716146788990825769e+02,3.441311466220912108e-01,1.000000000000000000e+01,2.361058069722190567e+02,1.716146788990825826e+03,1.029688073394495405e+03
1.717806505421184511e+02,3.441311466220912108e-01,1.000000000000000000e+01,2.363342710473862383e+02,1.717806505421184511e+03,1.030683903252710707e+03
1.719466221851542969e+02,3.441311466220912108e-01,1.000000000000000000e+01,2.365627351225533630e+02,1.719466221851542969e+03,1.031679733110925781e+03
1.721125938281901711e+02,3.441311466220912108e-01,1.000000000000000000e+01,2.367911991977205730e+02,1.721125938281901654e+03,1.032675562969141083e+03
1.722785654712260452e+02,3.441311466220912108e-01,1.000000000000000000e+01,2.370196632728877546e+02,1.722785654712260566e+03,1.033671392827356158e+03
1.724445371142618910e+02,3.441311466220912108e-01,1.000000000000000000e+01,2.372481273480548793e+02,1.724445371142619024e+03,1.034667222685571232e+03
1.726105087572977652e+02,3.441311466220912108e-01,1.000000000000000000e+01,2.374765914232220894e+02,1.726105087572977709e+03,1.035663052543786534e+03
1.727764804003336110e+02,3.441311466220912108e-01,1.000000000000000000e+01,2.377050554983892425e+02,1.727764804003336167e+03,1.036658882402001609e+03
1.729424520433694852e+02,3.441311466220912108e-01,1.000000000000000000e+01,2.379335195735563957e+02,1.729424520433694852e+03,1.037654712260216911e+03
1.731084236864053594e+02,3.441311466220912108e-01,1.000000000000000000e+01,2.381619836487236057e+02,1.731084236864053537e+03,1.038650542118432213e+03
1.732743953294412051e+02,3.441311466220912108e-01,1.000000000000000000e+01,2.383904477238907305e+02,1.732743953294411995e+03,1.039646371976647288e+03
1.734403669724770793e+02,3.441311466220912108e-01,1.000000000000000000e+01,2.386189117990579120e+02,1.734403669724770680e+03,1.040642201834862362e+03
1.736063386155129535e+02,3.441311466220912108e-01,1.000000000000000000e+01,2.388473758742251221e+02,1.736063386155129592e+03,1.041638031693077664e+03
1.737723102585487993e+02,3.441311466220912108e-01,1.000000000000000000e+01,2.390758399493922752e+02,1.737723102585488050e+03,1.042633861551292739e+03
1.739382819015846735e+02,3.441311466220912108e-01,1.000000000000000000e+01,2.393043040245594284e+02,1.739382819015846735e+03,1.043629691409508041e+03
1.741042535446205193e+02,3.441311466220912108e-01,1.000000000000000000e+01,2.395327680997265816e+02,1.741042535446205193e+03,1.044625521267723116e+03
1.742702251876563935e+02,3.441311466220912108e-01,1.000000000000000000e+01,2.397612321748937632e+02,1.742702251876563878e+03,1.045621351125938418e+03
1.744361968306922677e+02,3.441311466220912108e-01,1.000000000000000000e+01,2.399896962500609447e+02,1.744361968306922790e+03,1.046617180984153492e+03
1.746021684737281134e+02,3.441311466220912108e-01,1.000000000000000000e+01,2.402181603252280979e+02,1.746021684737281021e+03,1.047613010842368567e+03
1.747681401167639876e+02,3.441311466220912108e-01,1.000000000000000000e+01,2.404466244003952795e+02,1.747681401167639933e+03,1.048608840700583869e+03
1.749341117597998334e+02,3.441311466220912108e-01,1.000000000000000000e+01,2.406750884755624327e+02,1.749341117597998391e+03,1.049604670558798944e+03
1.751000834028357076e+02,3.441311466220912108e-01,1.000000000000000000e+01,2.409035525507296143e+02,1.751000834028357076e+03,1.050600500417014246e+03
1.752660550458715818e+02,3.441311466220912108e-01,1.000000000000000000e+01,2.411320166258967959e+02,1.752660550458715761e+03,1.051596330275229548e+03
1.754320266889074276e+02,3.441311466220912108e-01,1.000000000000000000e+01,2.413604807010639490e+02,1.754320266889074219e+03,1.052592160133444622e+03
1.755979983319433018e+02,3.441311466220912108e-01,1.000000000000000000e+01,2.415889447762311306e+02,1.755979983319433131e+03,1.053587989991659924e+03
1.757639699749791475e+02,3.441311466220912108e-01,1.000000000000000000e+01,2.418174088513982838e+02,1.757639699749791362e+03,1.054583819849874999e+03
1.759299416180150217e+02,3.441311466220912108e-01,1.000000000000000000e+01,2.420458729265654654e+02,1.759299416180150274e+03,1.055579649708090074e+03
1.760959132610508959e+02,3.441311466220912108e-01,1.000000000000000000e+01,2.422743370017326470e+02,1.760959132610508959e+03,1.056575479566305376e+03
1.762618849040867417e+02,3.441311466220912108e-01,1.000000000000000000e+01,2.425028010768998001e+02,1.762618849040867417e+03,1.057571309424520450e+03
1.764278565471226159e+02,3.441311466220912108e-01,1.000000000000000000e+01,2.427312651520669817e+02,1.764278565471226102e+03,1.058567139282735752e+03
1.765938281901584901e+02,3.441311466220912108e-01,1.000000000000000000e+01,2.429597292272341633e+02,1.765938281901585015e+03,1.059562969140950827e+03
1.767597998331943359e+02,3.441311466220912108e-01,1.000000000000000000e+01,2.431881933024013165e+02,1.767597998331943472e+03,1.060558798999165901e+03
1.769257714762302101e+02,3.441311466220912108e-01,1.000000000000000000e+01,2.434166573775684981e+02,1.769257714762302157e+03,1.061554628857381203e+03
1.770917431192660558e+02,3.441311466220912108e-01,1.000000000000000000e+01,2.436451214527356512e+02,1.770917431192660615e+03,1.062550458715596278e+03
1.772577147623019300e+02,3.441311466220912108e-01,1.000000000000000000e+01,2.438735855279028328e+02,1.772577147623019300e+03,1.063546288573811580e+03
1.774236864053378042e+02,3.441311466220912108e-01,1.000000000000000000e+01,2.441020496030700144e+02,1.774236864053377985e+03,1.064542118432026882e+03
1.775896580483736500e+02,3.441311466220912108e-01,1.000000000000000000e+01,2.443305136782371676e+02,1.775896580483736443e+03,1.065537948290241957e+03
1.777556296914095242e+02,3.441311466220912108e-01,1.000000000000000000e+01,2.445589777534043492e+02,1.777556296914095128e+03,1.066533778148457031e+03
1.779216013344453700e+02,3.441311466220912108e-01,1.000000000000000000e+01,2.447874418285715024e+02,1.779216013344453586e+03,1.067529608006672106e+03
1.780875729774812442e+02,3.441311466220912108e-01,1.000000000000000000e+01,2.450159059037386839e+02,1.780875729774812498e+03,1.068525437864887408e+03
1.782535446205171183e+02,3.441311466220912108e-01,1.000000000000000000e+01,2.452443699789058655e+02,1.782535446205171183e+03,1.069521267723102710e+03
1.784195162635529641e+02,3.441311466220912108e-01,1.000000000000000000e+01,2.454728340540730187e+02,1.784195162635529641e+03,1.070517097581317785e+03
1.785854879065888383e+02,3.441311466220912108e-01,1.000000000000000000e+01,2.457012981292402003e+02,1.785854879065888326e+03,1.071512927439533087e+03
1.787514595496247125e+02,3.441311466220912108e-01,1.000000000000000000e+01,2.459297622044073819e+02,1.787514595496247011e+03,1.072508757297748161e+03
1.789174311926605583e+02,3.441311466220912108e-01,1.000000000000000000e+01,2.461582262795745351e+02,1.789174311926605696e+03,1.073504587155963236e+03
1.790834028356964325e+02,3.441311466220912108e-01,1.000000000000000000e+01,2.463866903547416882e+02,1.790834028356964382e+03,1.074500417014178538e+03
1.792493744787322782e+02,3.441311466220912108e-01,1.000000000000000000e+01,2.466151544299088414e+02,1.792493744787322839e+03,1.075496246872393613e+03
1.794153461217681524e+02,3.441311466220912108e-01,1.000000000000000000e+01,2.468436185050760230e+02,1.794153461217681524e+03,1.076492076730608915e+03
1.795813177648040266e+02,3.441311466220912108e-01,1.000000000000000000e+01,2.470720825802432330e+02,1.795813177648040210e+03,1.077487906588824217e+03
1.797472894078398724e+02,3.441311466220912108e-01,1.000000000000000000e+01,2.473005466554103577e+02,1.797472894078398667e+03,1.078483736447039291e+03
1.799132610508757466e+02,3.441311466220912108e-01,1.000000000000000000e+01,2.475290107305775678e+02,1.799132610508757352e+03,1.079479566305254366e+03
1.800792326939115924e+02,3.441311466220912108e-01,1.000000000000000000e+01,2.477574748057446925e+02,1.800792326939115810e+03,1.080475396163469441e+03
1.802452043369474666e+02,3.441311466220912108e-01,1.000000000000000000e+01,2.479859388809118741e+02,1.802452043369474723e+03,1.081471226021684743e+03
1.804111759799833408e+02,3.441311466220912108e-01,1.000000000000000000e+01,2.482144029560790557e+02,1.804111759799833408e+03,1.082467055879900045e+03
1.805771476230191865e+02,3.441311466220912108e-01,1.000000000000000000e+01,2.484428670312462089e+02,1.805771476230191865e+03,1.083462885738115119e+03
1.807431192660550607e+02,3.441311466220912108e-01,1.000000000000000000e+01,2.486713311064133904e+02,1.807431192660550550e+03,1.084458715596330421e+03
1.809090909090909349e+02,3.441311466220912108e-01,1.000000000000000000e+01,2.488997951815805720e+02,1.809090909090909463e+03,1.085454545454545496e+03
1.810750625521267807e+02,3.441311466220912108e-01,1.000000000000000000e+01,2.491282592567477252e+02,1.810750625521267921e+03,1.086450375312760571e+03
1.812410341951626549e+02,3.441311466220912108e-01,1.000000000000000000e+01,2.493567233319149068e+02,1.812410341951626606e+03,1.087446205170975873e+03
1.814070058381985007e+02,3.441311466220912108e-01,1.000000000000000000e+01,2.495851874070820600e+02,1.814070058381985064e+03,1.088442035029190947e+03
1.815729774812343749e+02,3.441311466220912108e-01,1.000000000000000000e+01,2.498136514822492416e+02,1.815729774812343749e+03,1.089437864887406249e+03
1.817389491242702491e+02,3.441311466220912108e-01,1.000000000000000000e+01,2.500421155574164231e+02,1.817389491242702434e+03,1.090433694745621551e+03
1.819049207673060948e+02,3.441311466220912108e-01,1.000000000000000000e+01,2.502705796325835763e+02,1.819049207673060891e+03,1.091429524603836626e+03
1.820708924103419690e+02,3.441311466220912108e-01,1.000000000000000000e+01,2.504990437077507579e+02,1.820708924103419577e+03,1.092425354462051700e+03
1.822368640533778148e+02,3.441311466220912108e-01,1.000000000000000000e+01,2.507275077829179111e+02,1.822368640533778034e+03,1.093421184320266775e+03
1.824028356964136890e+02,3.441311466220912108e-01,1.000000000000000000e+01,2.509559718580850927e+02,1.824028356964136947e+03,1.094417014178482077e+03
1.825688073394495632e+02,3.441311466220912108e-01,1.000000000000000000e+01,2.511844359332522743e+02,1.825688073394495632e+03,1.095412844036697379e+03
1.827347789824854090e+02,3.441311466220912108e-01,1.000000000000000000e+01,2.514129000084194274e+02,1.827347789824854090e+03,1.096408673894912454e+03
1.829007506255212832e+02,3.441311466220912108e-01,1.000000000000000000e+01,2.516413640835866090e+02,1.829007506255212775e+03,1.097404503753127756e+03
1.830667222685571573e+02,3.441311466220912108e-01,1.000000000000000000e+01,2.518698281587537906e+02,1.830667222685571687e+03,1.098400333611342830e+03
1.832326939115930031e+02,3.441311466220912108e-01,1.000000000000000000e+01,2.520982922339209438e+02,1.832326939115930145e+03,1.099396163469557905e+03
1.833986655546288773e+02,3.441311466220912108e-01,1.000000000000000000e+01,2.523267563090881254e+02,1.833986655546288830e+03,1.100391993327773207e+03
1.835646371976647231e+02,3.441311466220912108e-01,1.000000000000000000e+01,2.525552203842552785e+02,1.835646371976647288e+03,1.101387823185988282e+03
1.837306088407005973e+02,3.441311466220912108e-01,1.000000000000000000e+01,2.527836844594224601e+02,1.837306088407005973e+03,1.102383653044203584e+03
1.838965804837364715e+02,3.441311466220912108e-01,1.000000000000000000e+01,2.530121485345896417e+02,1.838965804837364658e+03,1.103379482902418886e+03
1.840625521267723173e+02,3.441311466220912108e-01,1.000000000000000000e+01,2.532406126097567949e+02,1.840625521267723116e+03,1.104375312760633960e+03
1.842285237698081914e+02,3.441311466220912108e-01,1.000000000000000000e+01,2.534690766849239765e+02,1.842285237698081801e+03,1.105371142618849035e+03
1.843944954128440372e+02,3.441311466220912108e-01,1.000000000000000000e+01,2.536975407600911012e+02,1.843944954128440259e+03,1.106366972477064337e+03
1.845604670558799114e+02,3.441311466220912108e-01,1.000000000000000000e+01,2.539260048352583112e+02,1.845604670558799171e+03,1.107362802335279412e+03
1.847264386989157856e+02,3.441311466220912108e-01,1.000000000000000000e+01,2.541544689104254928e+02,1.847264386989157856e+03,1.108358632193494714e+03
1.848924103419516314e+02,3.441311466220912108e-01,1.000000000000000000e+01,2.543829329855926176e+02,1.848924103419516314e+03,1.109354462051709788e+03
1.850583819849875056e+02,3.441311466220912108e-01,1.000000000000000000e+01,2.546113970607598276e+02,1.850583819849874999e+03,1.110350291909925090e+03
1.852243536280233798e+02,3.441311466220912108e-01,1.000000000000000000e+01,2.548398611359270092e+02,1.852243536280233911e+03,1.111346121768140165e+03
1.853903252710592255e+02,3.441311466220912108e-01,1.000000000000000000e+01,2.550683252110941339e+02,1.853903252710592369e+03,1.112341951626355240e+03
1.855562969140950997e+02,3.441311466220912108e-01,1.000000000000000000e+01,2.552967892862613439e+02,1.855562969140951054e+03,1.113337781484570542e+03
1.857222685571309455e+02,3.441311466220912108e-01,1.000000000000000000e+01,2.555252533614284687e+02,1.857222685571309512e+03,1.114333611342785616e+03
1.858882402001668197e+02,3.441311466220912108e-01,1.000000000000000000e+01,2.557537174365956503e+02,1.858882402001668197e+03,1.115329441201000918e+03
1.860542118432026939e+02,3.441311466220912108e-01,1.000000000000000000e+01,2.559821815117628603e+02,1.860542118432026882e+03,1.116325271059216220e+03
1.862201834862385397e+02,3.441311466220912108e-01,1.000000000000000000e+01,2.562106455869300135e+02,1.862201834862385340e+03,1.117321100917431295e+03
1.863861551292744139e+02,3.441311466220912108e-01,1.000000000000000000e+01,2.564391096620971666e+02,1.863861551292744025e+03,1.118316930775646370e+03
1.865521267723102596e+02,3.441311466220912108e-01,1.000000000000000000e+01,2.566675737372643198e+02,1.865521267723102483e+03,1.119312760633861672e+03
1.867180984153461338e+02,3.441311466220912108e-01,1.000000000000000000e+01,2.568960378124315298e+02,1.867180984153461395e+03,1.120308590492076746e+03
1.868840700583820080e+02,3.441311466220912108e-01,1.000000000000000000e+01,2.571245018875986830e+02,1.868840700583820080e+03,1.121304420350292048e+03
1.870500417014178538e+02,3.441311466220912108e-01,1.000000000000000000e+01,2.573529659627658361e+02,1.870500417014178538e+03,1.122300250208507123e+03
1.872160133444537280e+02,3.441311466220912108e-01,1.000000000000000000e+01,2.575814300379330462e+02,1.872160133444537223e+03,1.123296080066722425e+03
1.873819849874895738e+02,3.441311466220912108e-01,1.000000000000000000e+01,2.578098941131001425e+02,1.873819849874895681e+03,1.124291909924937499e+03
1.875479566305254480e+02,3.441311466220912108e-01,1.000000000000000000e+01,2.580383581882673525e+02,1.875479566305254593e+03,1.125287739783152574e+03
1.877139282735613222e+02,3.441311466220912108e-01,1.000000000000000000e+01,2.582668222634345625e+02,1.877139282735613278e+03,1.126283569641367876e+03
1.878798999165971679e+02,3.441311466220912108e-01,1.000000000000000000e+01,2.584952863386016588e+02,1.878798999165971736e+03,1.127279399499582951e+03
1.880458715596330421e+02,3.441311466220912108e-01,1.000000000000000000e+01,2.587237504137688688e+02,1.880458715596330421e+03,1.128275229357798253e+03
1.882118432026689163e+02,3.441311466220912108e-01,1.000000000000000000e+01,2.589522144889360789e+02,1.882118432026689106e+03,1.129271059216013555e+03
1.883778148457047621e+02,3.441311466220912108e-01,1.000000000000000000e+01,2.591806785641031752e+02,1.883778148457047564e+03,1.130266889074228629e+03
1.885437864887406363e+02,3.441311466220912108e-01,1.000000000000000000e+01,2.594091426392703852e+02,1.885437864887406477e+03,1.131262718932443931e+03
1.887097581317764821e+02,3.441311466220912108e-01,1.000000000000000000e+01,2.596376067144375384e+02,1.887097581317764707e+03,1.132258548790658779e+03
1.888757297748123563e+02,3.441311466220912108e-01,1.000000000000000000e+01,2.598660707896046915e+02,1.888757297748123619e+03,1.133254378648874081e+03
1.890417014178482304e+02,3.441311466220912108e-01,1.000000000000000000e+01,2.600945348647719015e+02,1.890417014178482304e+03,1.134250208507089383e+03
1.892076730608840762e+02,3.441311466220912108e-01,1.000000000000000000e+01,2.603229989399390547e+02,1.892076730608840762e+03,1.135246038365304457e+03
1.893736447039199504e+02,3.441311466220912108e-01,1.000000000000000000e+01,2.605514630151062079e+02,1.893736447039199447e+03,1.136241868223519759e+03
1.895396163469557962e+02,3.441311466220912108e-01,1.000000000000000000e+01,2.607799270902733610e+02,1.895396163469557905e+03,1.137237698081734834e+03
1.897055879899916704e+02,3.441311466220912108e-01,1.000000000000000000e+01,2.610083911654405711e+02,1.897055879899916818e+03,1.138233527939949909e+03
1.898715596330275446e+02,3.441311466220912108e-01,1.000000000000000000e+01,2.612368552406077242e+02,1.898715596330275503e+03,1.139229357798165211e+03
1.900375312760633904e+02,3.441311466220912108e-01,1.000000000000000000e+01,2.614653193157748774e+02,1.900375312760633960e+03,1.140225187656380285e+03
1.902035029190992645e+02,3.441311466220912108e-01,1.000000000000000000e+01,2.616937833909420874e+02,1.902035029190992645e+03,1.141221017514595587e+03
1.903694745621351387e+02,3.441311466220912108e-01,1.000000000000000000e+01,2.619222474661092406e+02,1.903694745621351331e+03,1.142216847372810889e+03
1.905354462051709845e+02,3.441311466220912108e-01,1.000000000000000000e+01,2.621507115412763937e+02,1.905354462051709788e+03,1.143212677231025964e+03
1.907014178482068587e+02,3.441311466220912108e-01,1.000000000000000000e+01,2.623791756164436038e+02,1.907014178482068473e+03,1.144208507089241039e+03
1.908673894912427045e+02,3.441311466220912108e-01,1.000000000000000000e+01,2.626076396916107569e+02,1.908673894912426931e+03,1.145204336947456341e+03
1.910333611342785787e+02,3.441311466220912108e-01,1.000000000000000000e+01,2.628361037667779101e+02,1.910333611342785844e+03,1.146200166805671415e+03
1.911993327773144529e+02,3.441311466220912108e-01,1.000000000000000000e+01,2.630645678419451201e+02,1.911993327773144529e+03,1.147195996663886717e+03
1.913653044203502986e+02,3.441311466220912108e-01,1.000000000000000000e+01,2.632930319171122733e+02,1.913653044203502986e+03,1.148191826522101792e+03
1.915312760633861728e+02,3.441311466220912108e-01,1.000000000000000000e+01,2.635214959922794264e+02,1.915312760633861672e+03,1.149187656380317094e+03
1.916972477064220186e+02,3.441311466220912108e-01,1.000000000000000000e+01,2.637499600674465796e+02,1.916972477064220129e+03,1.150183486238532168e+03
1.918632193494578928e+02,3.441311466220912108e-01,1.000000000000000000e+01,2.639784241426137896e+02,1.918632193494579042e+03,1.151179316096747243e+03
1.920291909924937670e+02,3.441311466220912108e-01,1.000000000000000000e+01,2.642068882177809428e+02,1.920291909924937727e+03,1.152175145954962545e+03
1.921951626355296128e+02,3.441311466220912108e-01,1.000000000000000000e+01,2.644353522929480960e+02,1.921951626355296185e+03,1.153170975813177620e+03
1.923611342785654870e+02,3.441311466220912108e-01,1.000000000000000000e+01,2.646638163681153060e+02,1.923611342785654870e+03,1.154166805671392922e+03
1.925271059216013612e+02,3.441311466220912108e-01,1.000000000000000000e+01,2.648922804432824591e+02,1.925271059216013555e+03,1.155162635529608224e+03
1.926930775646372069e+02,3.441311466220912108e-01,1.000000000000000000e+01,2.651207445184496123e+02,1.926930775646372012e+03,1.156158465387823298e+03
1.928590492076730811e+02,3.441311466220912108e-01,1.000000000000000000e+01,2.653492085936168223e+02,1.928590492076730698e+03,1.157154295246038373e+03
1.930250208507089269e+02,3.441311466220912108e-01,1.000000000000000000e+01,2.655776726687839755e+02,1.930250208507089155e+03,1.158150125104253448e+03
1.931909924937448011e+02,3.441311466220912108e-01,1.000000000000000000e+01,2.658061367439511287e+02,1.931909924937448068e+03,1.159145954962468750e+03
1.933569641367806753e+02,3.441311466220912108e-01,1.000000000000000000e+01,2.660346008191183387e+02,1.933569641367806753e+03,1.160141784820684052e+03
1.935229357798165211e+02,3.441311466220912108e-01,1.000000000000000000e+01,2.662630648942854350e+02,1.935229357798165211e+03,1.161137614678899126e+03
1.936889074228523953e+02,3.441311466220912108e-01,1.000000000000000000e+01,2.664915289694526450e+02,1.936889074228523896e+03,1.162133444537114428e+03
1.938548790658882410e+02,3.441311466220912108e-01,1.000000000000000000e+01,2.667199930446197982e+02,1.938548790658882353e+03,1.163129274395329503e+03
1.940208507089241152e+02,3.441311466220912108e-01,1.000000000000000000e+01,2.669484571197870082e+02,1.940208507089241266e+03,1.164125104253544578e+03
1.941868223519599894e+02,3.441311466220912108e-01,1.000000000000000000e+01,2.671769211949541614e+02,1.941868223519599951e+03,1.165120934111759880e+03
1.943527939949958352e+02,3.441311466220912108e-01,1.000000000000000000e+01,2.674053852701213145e+02,1.943527939949958409e+03,1.166116763969974954e+03
1.945187656380317094e+02,3.441311466220912108e-01,1.000000000000000000e+01,2.676338493452884677e+02,1.945187656380317094e+03,1.167112593828190256e+03
1.946847372810675836e+02,3.441311466220912108e-01,1.000000000000000000e+01,2.678623134204556777e+02,1.946847372810675779e+03,1.168108423686405558e+03
1.948507089241034294e+02,3.441311466220912108e-01,1.000000000000000000e+01,2.680907774956228309e+02,1.948507089241034237e+03,1.169104253544620633e+03
1.950166805671393035e+02,3.441311466220912108e-01,1.000000000000000000e+01,2.683192415707899841e+02,1.950166805671392922e+03,1.170100083402835708e+03
1.951826522101751493e+02,3.441311466220912108e-01,1.000000000000000000e+01,2.685477056459571372e+02,1.951826522101751380e+03,1.171095913261050782e+03
1.953486238532110235e+02,3.441311466220912108e-01,1.000000000000000000e+01,2.687761697211243472e+02,1.953486238532110292e+03,1.172091743119266084e+03
1.955145954962468977e+02,3.441311466220912108e-01,1.000000000000000000e+01,2.690046337962915004e+02,1.955145954962468977e+03,1.173087572977481386e+03
1.956805671392827435e+02,3.441311466220912108e-01,1.000000000000000000e+01,2.692330978714586536e+02,1.956805671392827435e+03,1.174083402835696461e+03
1.958465387823186177e+02,3.441311466220912108e-01,1.000000000000000000e+01,2.694615619466258636e+02,1.958465387823186120e+03,1.175079232693911763e+03
1.960125104253544635e+02,3.441311466220912108e-01,1.000000000000000000e+01,2.696900260217930168e+02,1.960125104253544578e+03,1.176075062552126838e+03
1.961784820683903376e+02,3.441311466220912108e-01,1.000000000000000000e+01,2.699184900969601699e+02,1.961784820683903490e+03,1.177070892410341912e+03
1.963444537114262118e+02,3.441311466220912108e-01,1.000000000000000000e+01,2.701469541721273799e+02,1.963444537114262175e+03,1.178066722268557214e+03
1.965104253544620576e+02,3.441311466220912108e-01,1.000000000000000000e+01,2.703754182472945331e+02,1.965104253544620633e+03,1.179062552126772289e+03
1.966763969974979318e+02,3.441311466220912108e-01,1.000000000000000000e+01,2.706038823224616863e+02,1.966763969974979318e+03,1.180058381984987591e+03
1.968423686405338060e+02,3.441311466220912108e-01,1.000000000000000000e+01,2.708323463976288963e+02,1.968423686405338003e+03,1.181054211843202893e+03
1.970083402835696518e+02,3.441311466220912108e-01,1.000000000000000000e+01,2.710608104727960495e+02,1.970083402835696461e+03,1.182050041701417967e+03
1.971743119266055260e+02,3.441311466220912108e-01,1.000000000000000000e+01,2.712892745479632026e+02,1.971743119266055146e+03,1.183045871559633042e+03
1.973402835696413717e+02,3.441311466220912108e-01,1.000000000000000000e+01,2.715177386231303558e+02,1.973402835696413604e+03,1.184041701417848344e+03
1.975062552126772459e+02,3.441311466220912108e-01,1.000000000000000000e+01,2.717462026982975658e+02,1.975062552126772516e+03,1.185037531276063419e+03
1.976722268557131201e+02,3.441311466220912108e-01,1.000000000000000000e+01,2.719746667734647190e+02,1.976722268557131201e+03,1.186033361134278721e+03
1.978381984987489659e+02,3.441311466220912108e-01,1.000000000000000000e+01,2.722031308486318721e+02,1.978381984987489659e+03,1.187029190992493795e+03
1.980041701417848401e+02,3.441311466220912108e-01,1.000000000000000000e+01,2.724315949237990822e+02,1.980041701417848344e+03,1.188025020850709097e+03
1.981701417848206859e+02,3.441311466220912108e-01,1.000000000000000000e+01,2.726600589989662353e+02,1.981701417848206802e+03,1.189020850708924172e+03
1.983361134278565601e+02,3.441311466220912108e-01,1.000000000000000000e+01,2.728885230741333885e+02,1.983361134278565714e+03,1.190016680567139247e+03
1.985020850708924343e+02,3.441311466220912108e-01,1.000000000000000000e+01,2.731169871493005985e+02,1.985020850708924399e+03,1.191012510425354549e+03
1.986680567139282800e+02,3.441311466220912108e-01,1.000000000000000000e+01,2.733454512244677517e+02,1.986680567139282857e+03,1.192008340283569623e+03
1.988340283569641542e+02,3.441311466220912108e-01,1.000000000000000355e+01,2.735739152996349048e+02,1.988340283569641542e+03,1.193004170141784925e+03
1.990000000000000000e+02,3.441311466220912108e-01,1.000000000000000355e+01,2.738023793748020580e+02,1.990000000000000000e+03,1.194000000000000000e+03
