t,node1_u,node1_w,node1_x,node1_c1,node1_c2,node1_z,node1_h,node2_u,node2_w,node2_x,node2_c1,node2_c2,node2_z,node2_h
0.0,0.98275,0.98275,0.01225,0.0,0.0,0.0,0.0,0.9775,0.9775,0.0,0.0,0.008749999999999999,0.0,0.0
0.005,0.9817292453121891,0.9827624119184971,0.01102064751083647,0.0010331666063075821,8.539232777561996e-05,1.8094795812907102e-05,1.7373212158332016e-06,0.9776671157397985,0.9783872002730399,0.0001677266664894288,0.0007200845332298272,0.007131438461512051,0.0007435173233061468,1.456164975473598e-08
0.01,0.9809175849449653,0.9827035701063577,0.010012343157728466,0.0017859851613918531,0.0002264989884156796,4.5794720922864756e-05,3.2649870942988545e-06,0.9778626241708311,0.9790656311592061,0.00048795346509428216,0.0012030069883537586,0.0058776624900709565,0.0012688799278625894,7.438274867518493e-08
0.015,0.9802692628821266,0.9826008656403367,0.00918065157402346,0.0023316027582094574,0.0003929531683363056,8.539797435417626e-05,4.6180440253068474e-06,0.9780566454632922,0.9795875779649128,0.0008918481274170339,0.0015309325015839038,0.00490115005607242,0.0016307934422159923,1.9471152167764236e-07
0.02,0.979749037382982,0.9824730353012369,0.008492014029998017,0.0027239979182541608,0.0005653686139109742,0.00013669861061968292,5.824934903822203e-06,0.9782316969086909,0.9799908414611825,0.001332855594143339,0.00175914455244302,0.004137190964526994,0.001870700526233673,3.8204421279827427e-07
0.025,0.9793295459959096,0.9823326992996544,0.00792066217424719,0.0030031533037440062,0.0007318852544498921,0.0001981280719852284,6.909009325504804e-06,0.9783785536087419,0.9803029431362512,0.0017801844319609017,0.0019243895274440625,0.0035375565358224236,0.0020200915711744904,6.371302579486034e-07
0.03,0.9789893871394322,0.9821881745866005,0.00744646631649449,0.0031987874471674947,0.0008857383588980084,0.0002674888213241873,7.889621529172842e-06,0.9784933736015411,0.9805440957846031,0.0022141437046412867,0.0020507221829837684,0.0030659840265334793,0.002102942762765027,9.570814923898148e-07
0.035,0.9787117123271593,0.9820447689706043,0.007053430415263354,0.003333056643444532,0.001023555812092338,0.0003424111628846766,8.78293941887133e-06,0.9785757154094438,0.9807292995172509,0.002622802444915372,0.0021535841077151593,0.0026949508489379713,0.002137524155102664,1.3368408206546926e-06
0.04,0.9784831841275573,0.9819057032771861,0.006728634874013841,0.003422519149628831,0.0011441723355883904,0.0004206241410652027,9.60255006714208e-06,0.9786271842671703,0.9808698198931864,0.002999597801641208,0.0022426356259068136,0.0024033646018986814,0.0021377500432638,1.770193264863212e-06
0.045,0.9782931975614416,0.9817727670798964,0.006461489528195809,0.003479569518455215,0.0012478099232159708,0.0005001033484625343,1.0359920889531603e-05,0.9786505198718228,0.9809742304685881,0.003341625363826965,0.002323710596647274,0.0021749031935928936,0.002114194661989472,2.250450700942182e-06
0.05,0.9781332926078836,0.9816467835737329,0.006243201665576098,0.003513490965852009,0.0013355170496693262,0.0005791389077505692,1.1064757441910536e-05,0.9786489928365344,0.981049148729523,0.003648420944679273,0.0024001558928544255,0.001996816815352519,0.002074861387557313,2.7709047294156184e-06
0.055,0.9779967061287822,0.981527937869088,0.006066393005273114,0.0035312317403098283,0.0014087900206615237,0.0006563531588312483,1.1725286514391016e-05,0.9786260156085772,0.9810997567304255,0.003921096465057832,0.002473741121707588,0.001859057998227491,0.0020257694155273813,3.3251156488119227e-06
0.06,0.9778780266915695,0.9814160074617246,0.005924820266462772,0.0035379807701612477,0.0014693220639065369,0.0007306881108369429,1.234848417231594e-05,0.9785849012121601,0.9811301704535599,0.0041617313465807495,0.0025452692412555955,0.0017536457069254792,0.001971403895241549,3.907086471425816e-06
0.065,0.9777729257590977,0.9813105228175717,0.005813167731403751,0.003537597058484528,0.0015188413967093888,0.0008013760096947869,1.2940262757912806e-05,0.9785287227193541,0.9811437031912805,0.004372947867592985,0.0026149804717809826,0.0016741964050180761,0.0019150634927031535,4.51135714663534e-06
0.07,0.9776779462986379,0.9812108780407071,0.00572689018130279,0.003532931742083102,0.001559010842186645,0.0008679018126787632,1.3505626548226098e-05,0.9784602403682096,0.9811430545734934,0.004557618941135585,0.0026828142051429156,0.0016155749572186369,0.0018591301110807976,5.133044232227473e-06
0.075,0.9775903350350785,0.9811164059884803,0.005662091328150138,0.0035260709534174766,0.0015913695508697583,0.0009299631967636207,1.4048802938299479e-05,0.9783818731407554,0.9811304474109203,0.004718670916246788,0.00274857427003027,0.0015736319695958635,0.0018052790939919274,5.767844115917269e-06
0.08,0.977507908231123,0.9810264281627503,0.0056154275069624626,0.0035185199316486115,0.0016173031087613374,0.0009874315474786004,1.4573354106011627e-05,0.9782956986904003,0.9811077278750711,0.004858954267372105,0.0028120291845539925,0.0015450038494075307,0.0017546436148563004,6.412012669716873e-06
0.085,0.9774289434356844,0.9809402867779207,0.0055840295111791996,0.0035113433422619797,0.0016380324492909213,0.0010403158875132415,1.5082272891904536e-05,0.9782034706084574,0.9810764398992109,0.004981162575024563,0.0028729692906566983,0.0015269586273291538,0.0017079436141235864,7.062330316121362e-06
0.09,0.9773520918021186,0.980857364334243,0.005565437935196284,0.0035052725321537727,0.001654614788324862,0.001088730814947143,1.557806536896081e-05,0.9781066453628794,0.9810378812324491,0.005087785500805968,0.0029312358694927668,0.0015172757870757464,0.0016655869188905534,7.716059076098351e-06
0.095,0.977276306637103,0.9807770945155098,0.005557548588520088,0.003500787878438532,0.0016679519663273933,0.001132868795043322,1.6062822307404213e-05,0.9780064139401541,0.9809931464873012,0.005181085465933056,0.0029867325470881675,0.0015141513401858919,0.0016277486255990834,8.370895870670726e-06
0.1,0.9772007850334936,0.9806989671521756,0.0055585657749151135,0.0034981821187185834,0.0016788029801223052,0.0011729768112844147,1.653828104909598e-05,0.9779037348327503,0.9809431607910913,0.005263090541792914,0.0030394259583201035,0.0015161220666952788,0.001594433280080986,9.024925149770298e-06
0.105,0.9771249200437484,0.9806225291916447,0.005566961776941374,0.003497609147936443,0.001687798581803182,0.0012093371138146396,1.7005879159928303e-05,0.9777993663311007,0.9808887066272665,0.00533559822760695,0.0030893402961783153,0.0015220043685382123,0.0015655234631390697,9.67657273208609e-06
0.11,0.9770482615240742,0.9805473830914261,0.005581441536479943,0.0034991215673936885,0.0016954564653479155,0.001242251698287768,1.746680079691385e-05,0.9776938967796822,0.9808304455838714,0.005400186153059716,0.0031365488042258516,0.0015308445789524116,0.0015408175311333997,1.0324562245388244e-05
0.115,0.9769704840214984,0.9804731835965783,0.0056009116134682155,0.0035026995751228753,0.0017021961786197676,0.0012720300605519848,1.792201680738497e-05,0.977587772191079,0.9807689363111974,0.005458227041644196,0.0031811641201805346,0.001541878195458729,0.0015200587709041015,1.0967874760317235e-05
0.12,0.9768913604879854,0.980399633595155,0.005624452848741956,0.0035082731072130285,0.0017083531885645812,0.0012989797843703183,1.8372319296079715e-05,0.9774813208878859,0.9807046495498268,0.0055109059706615095,0.0032233286620285333,0.001554496260725476,0.001502957700225096,1.1605712023477096e-05
0.125,0.9768107408428598,0.9803264795490465,0.005651296329975354,0.003515738706229845,0.0017141917553299899,0.0013233995198839617,1.8818351271988146e-05,0.9773747750760324,0.980637980822324,0.005559238494481859,0.003263205746414293,0.0015682175679110869,0.0014892089122762954,1.2237463488788743e-05
0.13,0.9767285345050969,0.9802535068006457,0.005680802198659285,0.003524972295590614,0.0017199165114612563,0.0013455739477027692,1.9260632062678298e-05,0.9772682895125421,0.9805692612842944,0.0056040887982863824,0.003300971771902195,0.001582665549595118,0.0014785036073653448,1.2862676982943379e-05
0.135,0.9766446962355753,0.9801805349775792,0.0057124410172544665,0.00353583874204366,0.001725682693119168,0.001365770369679099,1.9699578990677423e-05,0.9771619574382849,0.9804987670507009,0.005646187238736974,0.0033368096125862955,0.0015975490509129214,0.0014705387024003054,1.3481032885135194e-05
0.14,0.9765592147283324,0.9801074136391432,0.0057457774485353335,0.0035481989108482586,0.001731605048433229,0.0013842366008826562,2.0135525766847132e-05,0.9770558240113879,0.9804267272365573,0.00568614685430293,0.0033709032253531764,0.001612646339946379,0.0014650232526246991,1.4092321616293357e-05
0.145,0.9764721034676762,0.9800340182379448,0.00578045598543645,0.0035619147703065306,0.0017377655112928011,0.0014011998900240268,2.0568738045007264e-05,0.9769498975216789,0.9803533309158969,0.005724478646191114,0.0034034333944000608,0.001627791803258629,0.0014616827736322988,1.4696424142315526e-05
0.15,0.976383393461729,0.9799602464456376,0.005816188538869139,0.003576852983947114,0.0017442197338781594,0.0014168666275445492,2.0999426496098864e-05,0.9768441586453526,0.9802787331400131,0.005761605489140826,0.003434574494841049,0.0016428649055356907,0.0014602619437709247,1.5293295232307203e-05
0.155,0.9762931275110512,0.9798860148425954,0.005852743643480683,0.0035928873315830404,0.0017510026078502402,0.0014314226606857606,2.1427757772013368e-05,0.9767385680143494,0.9802030601612479,0.005797874699063233,0.0034644921470772996,0.0016577810242556486,0.0014605260537540316,1.5882949139708158e-05
0.16,0.976201355748795,0.9798112559861032,0.005889937156723809,0.003609900237347691,0.0017581328688626864,0.0014450340367893303,2.1853863612035602e-05,0.9766330723186739,0.9801264139379249,0.0058335692091038656,0.003493341619428148,0.0016724838950257744,0.0014622615255682394,1.6465447489672446e-05
0.165,0.9761081322101918,0.979735915834333,0.005927624263992289,0.0036277836241811285,0.0017656169080215451,0.001457848046278848,2.2277848376069022e-05,0.9765276091741993,0.980048876019315,0.005868917441424509,0.003521266845291376,0.0016869393972893045,0.0014652757449171655,1.7040889082433505e-05
0.17,0.9760135122375345,0.9796599514998882,0.005965692629439645,0.003646439262394089,0.0017734518991212459,0.0014699944658674341,2.2699795241627243e-05,0.9764221109527053,0.9799705108916762,0.0059041019709836235,0.003548399939145072,0.001701130462556039,0.0014693963943524992,1.7609401361427455e-05
0.17500000000000002,0.9759175505650923,0.9795833292952436,0.006004056524082095,0.0036657787301922003,0.0017816283441752152,0.0014815869434640467,2.3119771281605294e-05,0.9763165077426649,0.9798913688689346,0.0059392671226944,0.0035748611264422837,0.0017150529131346643,0.0014744704092367654,1.8171133305737416e-05
0.18,0.9758202999353833,0.9795060230906176,0.006042651947344054,0.0036857231552754883,0.001790132095856087,0.0014927243631981113,2.3537831521950404e-05,0.9762107295922721,0.979811488510206,0.005974525395155438,0.003600758918105065,0.001728712139432658,0.0014803627954646996,1.872624964748374e-05
0.185,0.9757218101616205,0.9794280128682714,0.006081432378511182,0.0037062027066925773,0.0017989459872021288,0.001503492315258248,2.395402226900997e-05,0.9761047081608598,0.9797308987521219,0.006009963180222863,0.0036261905914317092,0.0017421203772882967,0.00148695518814729,1.927492605783745e-05
0.19,0.9756221274981774,0.9793492835502109,0.006120365357041843,0.0037271560520756564,0.001808051083597339,0.0015139644100001534,2.4368383685866083e-05,0.9759983779125045,0.9796496206372137,0.006045645429677578,0.0036512427248772787,0.0017552945949527007,0.0014941445016200016,1.9817345335235072e-05
0.195,0.9755212943014631,0.9792698239713392,0.00615942951099705,0.003748529669918867,0.0018174276621101045,0.0015242036406503418,2.4780951869359175e-05,0.9758916769075228,0.9795676688402064,0.006081619798777404,0.003675991932850493,0.0017682547881961938,0.0015018414335850956,2.0353694287724676e-05
0.2,0.9754193488754083,0.9791896260457764,0.006198612158704123,0.0037702771704112253,0.001827055939758071,0.0015342636098492782,2.519176042956106e-05,0.9757845473020185,0.9794850529141235,0.00611792004270294,0.0037005056122704385,0.001781022678375437,0.0015099690737115604,2.0884161303805547e-05
0.20500000000000002,0.9753163254591953,0.9791086840757163,0.006237907331285018,0.003792358616564555,0.0018369166124149914,0.0015441896638879631,2.5600841698948863e-05,0.9756769356218685,0.9794017783322401,0.006154568864990961,0.003724842710535468,0.001793620710618892,0.0015184615772299386,2.140893444479631e-05
0.21,0.9752122543281284,0.9790269941788888,0.00627731414290239,0.003814739850804376,0.0018469912385404633,0.0015540199463804658,2.6008227639679783e-05,0.9755687928529766,0.979317847361324,0.006191580309572713,0.003749054508510038,0.0018060712974870107,0.0015272628978800207,2.1928199973992895e-05
0.215,0.9751071619850847,0.9789445538194533,0.006316835461920296,0.003837391834412857,0.0018572624917574474,0.0015637863746220141,2.6413950496807878e-05,0.9754600743790167,0.9792332597882452,0.006228961753126117,0.0037731854093896,0.0018183962709842762,0.0015363255825398112,2.244214127026521e-05
0.22,0.9750010713783204,0.9788613614367939,0.006356476863791898,0.0038602900585180946,0.0018677143228799352,0.0015735154809986376,2.6818043255838313e-05,0.9753507398497029,0.979148013501726,0.006266715501903957,0.003797273652182799,0.0018306164921915752,0.0015456097159686794,2.295093802014682e-05
0.225,0.9748940021673701,0.978777416143422,0.006396245782810561,0.003883413976096767,0.0018783320410226021,0.001583229190907825,2.7220539942647573e-05,0.9752407529604774,0.9790621049758562,0.006304840118264158,0.003821352015537206,0.0018427515918192996,0.0015550819236044898,2.3454765663528655e-05
0.23,0.9747859709967723,0.9786927174882679,0.006436150850447572,0.003906746491540814,0.0018891023395756395,0.0015929455011016338,2.7621475802544735e-05,0.9751300811963016,0.9789755296564717,0.006343331480222886,0.0038454484603272017,0.0018548198097346883,0.001564714487966335,2.3953795024883918e-05
0.23500000000000001,0.9746769917765444,0.9786072652714206,0.006476201380037365,0.0039302734949217336,0.0019000132783989474,0.0016026790806119848,2.8020887385220687e-05,0.9750186955455504,0.9788882822714011,0.006382183631024423,0.0038695867260063925,0.001866837912958592,0.001574484552686598,2.444819209935489e-05
0.24,0.9745670759596724,0.9785210594020661,0.006516406973801401,0.0039539834424396755,0.001911054234179994,0.0016124417976875816,2.8418812558148175e-05,0.9749065701994207,0.9788003570758593,0.006421389449649599,0.0038937868765928346,0.0018788211740123576,0.0015843734132733524,2.493811796176836e-05
0.245,0.974456232800365,0.9784340997913925,0.006556777228477323,0.003977866991073805,0.0019222158346063017,0.0016222431690480418,2.8815290473593235e-05,0.9747936822612866,0.9787117480433041,0.006460941171304738,0.003918065782170511,0.0018907833870282322,0.0015943659045889224,2.5423728746192416e-05
0.25,0.9743444696114749,0.9783463862737948,0.006597321520577736,0.00400191666236645,0.0019334898710559097,0.0016320907621178407,2.9210361490895177e-05,0.9746800114441002,0.9786224490140647,0.00650083079051839,0.003942437570116189,0.0019027369245792078,0.001604449842514787,2.5905175723495058e-05
0.255,0.974231791997747,0.9782579185515976,0.006638048857413919,0.004026126553897443,0.0019448692068594184,0.0016419905332102115,2.9604067077460594e-05,0.974565539788563,0.9785324538059385,0.006541050359638446,0.003966914017525935,0.001914692812756376,0.0016146155480624969,2.6382605417953027e-05
0.26,0.9741182040668293,0.978168696157106,0.006678967776476508,0.004050492090323967,0.0019563476848153635,0.0016519471138349746,2.9996449697037646e-05,0.9744502514021836,0.9784417562961837,0.006581592208798159,0.003991504894149353,0.001926660816870989,0.00162485543915891,2.6856159745590103e-05
0.265,0.9740037086381174,0.978078718432283,0.006720086293493103,0.004075009794213138,0.001967920022505439,0.0016619640661887556,3.038755267897944e-05,0.9743341321923291,0.9783503504771465,0.006622449091642703,0.004016218284965337,0.001938649551901804,0.0016351636581425045,2.7325976245471446e-05
0.27,0.9738883073821973,0.9779879845082289,0.0067614118506630905,0.004099677126079205,0.001979581746849893,0.001672044064734387,3.077742011724359e-05,0.9742171696908205,0.9782582305029812,0.006663614311736044,0.004041060812307502,0.0019506665461018482,0.0016455358104741523,2.779218811162087e-05
0.275,0.9737720010147677,0.9778964933083677,0.006802951329426895,0.004124492293647993,0.0019913290800203996,0.0016821890977986064,3.116609672250366e-05,0.9740993527944091,0.9781653907084956,0.006705081765320153,0.004066037914232243,0.001962718376703766,0.0016559686589245378,2.8254924529326808e-05
0.28,0.9736547894384829,0.9778042435528441,0.0068447110662596825,0.004149454114409409,0.0020031588540906048,0.0016924006116289803,3.1553627703784195e-05,0.9739806715733391,0.9780718256195264,0.006746845963684625,0.004091154046331751,0.0019748107725654786,0.00166645990355403,2.871431090478441e-05
0.28500000000000003,0.9735366718347843,0.977711233756115,0.006886696850771013,0.004174561921379218,0.0020150684587980573,0.0017026796119056207,3.19400586731703e-05,0.9738611171487624,0.9779775299664628,0.006788902069128701,0.00411641281784355,0.001986948673435382,0.001677008029588255,2.9170468893412843e-05
0.29,0.9734176467904856,0.9776174622413427,0.006928913968645919,0.004199815450905898,0.002027055757374396,0.0017130267754301928,3.232543552862879e-05,0.9737406815158325,0.9778824986777666,0.00683124587035363,0.0041418171620760886,0.001999136337727286,0.0016876121298697588,2.9623516671557935e-05
0.295,0.9732977124054804,0.9775229271583192,0.006971367253023459,0.004225214752887942,0.002039119010925468,0.0017234425360869172,3.270980435638104e-05,0.9736193573904021,0.9777867268662623,0.006873873737567481,0.004167369476001146,0.0020113774427366854,0.0016982717640511835,3.007356923427288e-05
0.3,0.9731768663414171,0.9774276264830992,0.007014061088945572,0.004250760141731256,0.0020512568487704606,0.001733927136934411,3.309321134907279e-05,0.9734971381409618,0.9776902098333655,0.0069167826359708895,0.004193071692543387,0.002023675119018117,0.0017089868791670163,3.0520738313511e-05
0.305,0.9730551059168497,0.9773315580419305,0.0070569994798596455,0.004276452125130181,0.002063468195952969,0.0017444806932122225,3.34757027230865e-05,0.9733740176491606,0.9775929430452315,0.006959970051717946,0.004218925396209413,0.0020360320511587007,0.0017197576998926422,3.0965132740536545e-05
0.31,0.9729324281639126,0.9772347195239414,0.007100186084835237,0.004302291360078367,0.0020757522304208553,0.0017551032322426139,3.385732465165268e-05,0.9732499902258391,0.977494922119811,0.007003433953177772,0.004244931894109374,0.0020484505365293516,0.0017305846600581892,3.140685858815932e-05
0.315,0.9728088298584365,0.977137108482678,0.007143624228579904,0.004328278624291252,0.002088108362283637,0.0017657947226155553,3.4238123187883254e-05,0.9731250505654307,0.9773961428252821,0.007047172789650095,0.004271092259987703,0.0020609325109353883,0.0017414683563579873,3.1846019056257386e-05
0.32,0.9726843076062367,0.9770387223751161,0.007187317000740753,0.004354414768929373,0.0021005361585632676,0.0017765551042180185,3.4618144261032285e-05,0.9729991936163368,0.9772966010367466,0.00709118535471917,0.004297407420545114,0.002073479662747122,0.0017524094809540187,3.228271522364965e-05
0.325,0.9725588578145791,0.9769395585309879,0.007231267190540243,0.004380700716458857,0.002113035374566102,0.001787384305532318,3.49974335295143e-05,0.9728724146193571,0.9771962927680445,0.00713547089628294,0.004323878148821547,0.002086093376972586,0.001763408809756012,3.271704513379549e-05
0.33,0.9724324767917081,0.9768396142111581,0.007275477428148132,0.004407137419500134,0.0021256058611803055,0.0017982822575844104,3.5376036465050456e-05,0.9727447089590436,0.9770952141070741,0.007180028907878749,0.004350505148163581,0.0020987748822992535,0.0017744671500086375,3.3149105094768084e-05
0.335,0.97230516071845,0.9767388865798974,0.007319950126697731,0.004433725861497783,0.0021382475942306437,0.0018092489067093188,3.5753998210357425e-05,0.9726160722006449,0.9769933612433881,0.007224859226074381,0.004377289042875136,0.0021115251996967196,0.001785585333829961,3.357898881800189e-05
0.34,0.9721769056990099,0.9766373727360712,0.0073646875585878825,0.004460467037111848,0.0021509606259544223,0.0018202842194106627,3.613136361885573e-05,0.9724865000127951,0.9768907304326754,0.007269961917139614,0.004404230420011102,0.002124345220177352,0.001796764193935821,3.4006788093032076e-05
0.34500000000000003,0.9720477077652501,0.9765350697123631,0.007409691857736002,0.004487361947163786,0.0021637450812669362,0.0018313881878092195,3.650817720897015e-05,0.9723559881580859,0.9767873179957276,0.007315337277902615,0.004431329837771587,0.002137235709314673,0.0018080045549802807,3.443259265766872e-05
0.35000000000000003,0.9719175628890597,0.9764319744785815,0.007454965035445176,0.004514411589572733,0.0021766011452656066,0.0018425608369874685,3.6884483089660825e-05,0.9722245324675558,0.9766831203103661,0.007360985818248687,0.004458587842939141,0.0021501973258207362,0.001819307218977418,3.4856490069715663e-05
0.355,0.9717864670095498,0.9763280839700995,0.007500509034501634,0.0045416169606007995,0.002189529036570917,0.0018538022102542056,3.726032515719231e-05,0.9720921288112795,0.9765781337866949,0.0074069081664513954,0.004486004975543072,0.0021632306687191186,0.0018306729755924952,3.5278566721258893e-05
0.36,0.9716544160099125,0.976223395050296,0.007546325674852681,0.004568979040434659,0.0022025290278366244,0.001865112400845043,3.76357466627995e-05,0.9719587731027195,0.9764723548898551,0.00745310518111142,0.004513581787262322,0.0021763362359955643,0.0018421025666774673,3.569890605860175e-05
0.365,0.9715214057595523,0.9761179045630527,0.007592416746102308,0.004596498803551688,0.0022156014043060532,0.0018764915167276649,3.801079065487084e-05,0.9718244612622096,0.9763657800980166,0.007499577780523997,0.0045413188359326095,0.0021895145013944846,0.0018535967187655455,3.611759065937572e-05
0.37,0.9713874321014042,0.9760116093150347,0.007638783977603659,0.004624177213681797,0.0022287464763639984,0.0018879396940068571,3.83854998142823e-05,0.9716891892261557,0.9762584059159732,0.007546326999738937,0.004569216689942297,0.002202765890256145,0.0018651561296217543,3.65347014890955e-05
0.375,0.971252490849293,0.9759045060645558,0.007685429037695395,0.0046520152153143165,0.002241964576528141,0.0018994571095952324,3.8759916182948713e-05,0.9715529529262869,0.9761502288714001,0.007593354008100002,0.004597275945237009,0.0022160907820261487,0.001876781450105226,3.6950317018187035e-05
0.38,0.9711165778079364,0.9757965915541102,0.007732353578544938,0.004680013746225448,0.0022552560426654985,0.0019110439538985219,3.913408155972804e-05,0.9714157482881779,0.9760412454967171,0.007640660014670092,0.004625497208661988,0.0022294895444090667,0.001888473314951884,3.736451481981135e-05
0.385,0.9709796887707631,0.9756878625062645,0.0077795592235758776,0.004708173735552998,0.0022686212229457003,0.0019227004351699347,3.950803750800388e-05,0.9712775712388149,0.9759314523367177,0.007688246288741636,0.0046538810980246295,0.002242962523461064,0.0019002323386259979,3.777737149673766e-05
0.39,0.9708418195041667,0.9755783155943013,0.007827047561172914,0.004736496090186316,0.002282060474751959,0.0019344268038870571,3.98818246956321e-05,0.9711384176679142,0.9758208459398631,0.007736114206229375,0.004682428272069749,0.0022565100415750422,0.001912059082908447,3.818896052681556e-05
0.395,0.9707029657709972,0.9754679474855623,0.007874820177357494,0.004764981714616834,0.0022955741559260224,0.001946223315165983,4.0255483667373926e-05,0.9709982834590598,0.9757094228535885,0.00778426515353785,0.004711139394648522,0.0022701324196158328,0.0019239541037117704,3.859935497946913e-05
0.4,0.9705631233282551,0.9753567548352234,0.007922878646569055,0.004793631507020284,0.0023091626274067615,0.0019580902356485753,4.0629054768557386e-05,0.9708571644889687,0.9755971796286884,0.007832700547481525,0.0047400151398385585,0.002283829970573978,0.001935917942681944,3.900862719294007e-05
0.405,0.9704222879119884,0.9752447342625561,0.007971224530767049,0.004822446350619695,0.002322826251870206,0.001970027860335617,4.100257758059707e-05,0.9707150565952813,0.9754841128086448,0.007881421866780557,0.0047690562134813964,0.0022976029995342927,0.0019479511054985548,3.941684698355169e-05
0.41000000000000003,0.9702804552463753,0.9751318823683164,0.00801985939004163,0.00485142712199307,0.0023365653914909964,0.001982036497357575,4.137609125594893e-05,0.970571955591774,0.975370218929435,0.0079304306159487,0.004798263337778069,0.0023114518106595386,0.001960054081022475,3.9824082798984896e-05
0.41500000000000004,0.9701376210462688,0.9750181957411311,0.008068784786350649,0.004880574694914504,0.002350380407640957,0.0019941164615469285,4.174963464704205e-05,0.9704278572753295,0.9752554945193892,0.00797972831181453,0.004827637244175877,0.00232537670903974,0.0019722273499047345,4.0230402170831894e-05
0.42,0.9699937810341597,0.9749036709736209,0.008118002272217354,0.004909889939513468,0.00236427166324428,0.00200626807108024,4.2123246756922814e-05,0.9702827574524061,0.9751399361172906,0.008029316480649562,0.00485717866499976,0.002339377994758473,0.001984471387670266,4.063587298024725e-05
0.425,0.9698489308922521,0.9747883046074747,0.008167513412525041,0.004939373715274887,0.0023782395165321004,0.002018491670689867,4.249696529080022e-05,0.9701366518557056,0.9750235402262798,0.008079196694839459,0.00488688837068859,0.0023534559743180784,0.0019967866376998556,4.1040559185355314e-05
0.43,0.9697030662959922,0.9746720931761779,0.008217319774524893,0.004969026880237936,0.002392284324964849,0.002030787609072064,4.287082774330981e-05,0.9699895362059242,0.9749063033433847,0.008129370533540943,0.004916767137574064,0.002367610955448615,0.002009173538633392,4.144452411346056e-05
0.435,0.9695561829176558,0.9745550332099857,0.008267422926965253,0.004998850292382185,0.0024064064457413764,0.002043156235894275,4.324487152498995e-05,0.9698414062191446,0.9747882219626703,0.008179839577624517,0.0049468157436384505,0.002381843246473961,0.002021632528207448,4.1847830852344946e-05
0.44,0.9694082764213962,0.9744371212281596,0.008317824440988443,0.005028844806815836,0.002420606234854584,0.0020555979071752483,4.361913376365013e-05,0.9696922575953637,0.9746692925709208,0.008230605418738398,0.00497703497566898,0.0023961531570322703,0.002034164036394485,4.225054162432553e-05
0.445,0.9692593424584467,0.9743183537336797,0.00836852589314598,0.005059011275285454,0.0024348840462093727,0.002068112987226542,4.399365115446729e-05,0.9695420860103663,0.9745495116426186,0.00828166966207463,0.005007425632363238,0.002410540999333699,0.0020467684835404456,4.265271735128783e-05
0.45,0.9691093766448445,0.9741987271941366,0.008419528877233911,0.005089350549344493,0.0024492402307401922,0.0020807018504380385,4.436845946561914e-05,0.969390887089251,0.9744288756190695,0.008333033930451258,0.005037988529928609,0.002425007092368421,0.002059446281021746,4.30544163255796e-05
0.455,0.9689583745966269,0.9740782380771209,0.008470834987048285,0.0051198634805464105,0.002463675139381495,0.0020933648711996206,4.474359446528341e-05,0.9692386564571167,0.9743073809415799,0.008384699846686333,0.005068724484572468,0.00243955175512661,0.0020721978402148044,4.3455696839548565e-05
0.46,0.9688063319081823,0.9739568828303412,0.008522445826550354,0.005150550922211245,0.0024781891222491236,0.0021061024275252243,4.511909142309404e-05,0.9690853897127129,0.974185024031923,0.00843666904188992,0.005099634319318455,0.0024541753095101196,0.0020850235710537335,4.385661583328891e-05
0.465,0.9686532442074651,0.9738346579294396,0.008574362984661991,0.005181413722026935,0.0024927825291895223,0.0021189148957233414,4.549498627435304e-05,0.9689310824889513,0.9740618013408848,0.008488943138537115,0.005130718852041039,0.002468878074358297,0.002097923880055933,4.425723195461716e-05
0.47000000000000003,0.9684991070609215,0.9737115597932461,0.008626588080372888,0.005212452732377043,0.002507455707100011,0.0021318026626993046,4.5871313507507845e-05,0.9687757303432473,0.973937709263107,0.008541523782717816,0.005161978919966483,0.0024836603768789577,0.002110899169827026,4.4657599916136126e-05
0.47500000000000003,0.9683439160081924,0.9735875848163267,0.008679122745345892,0.0052436688081867406,0.002522209001981342,0.0021447661193449083,4.6248107003933703e-05,0.9686193288012273,0.9738127441691207,0.008594412630206487,0.00519341536799941,0.002498522547696899,0.00212394984200824,4.505777279583023e-05
0.48,0.9681876665889184,0.9734627293932472,0.00873196861124385,0.0052750628043811984,0.002537042759834267,0.0021578056565519465,4.662540064500586e-05,0.968461873388518,0.9736869024294573,0.008647611336777583,0.005225029041044438,0.002513464917436918,0.0021370762982408035,4.545780367168391e-05
0.485,0.9680303543427405,0.9733369899185738,0.008785127309729615,0.00530663557588559,0.0025519573266595385,0.0021709216652122136,4.700322831209957e-05,0.9683033596307462,0.9735601804146481,0.00870112155820556,0.005256820784006187,0.0025284878167238117,0.0021502789401659445,4.58577456216816e-05
0.49,0.9678719747805932,0.973210362761593,0.008838600485471478,0.005338387981052226,0.0025669530480639654,0.0021841145395301844,4.7381623283110195e-05,0.9681437830222978,0.97343257447012,0.008754944960593617,0.005288791447925877,0.0025435915785858463,0.0021635581703175494,4.625765015795666e-05
0.495,0.9677125234443673,0.9730828443168243,0.008892389771393101,0.005370320872509355,0.002582030268270829,0.0021973846726938795,4.776061936502546e-05,0.9679831390857022,0.9733040809663664,0.008809083200126033,0.005320941880767112,0.0025587765352969704,0.002176914387070634,4.665757004227797e-05
0.5,0.9675519958033004,0.9729544309156094,0.00894649683307071,0.0054024351123613005,0.0025971893309669077,0.0022107324651735255,4.814024887319275e-05,0.9678214232671221,0.9731746962109619,0.008863537958751238,0.0053532729439419,0.0025740430241046105,0.0021903479930648643,4.705755421719013e-05
0.505,0.9673903873097911,0.9728251188746997,0.009000923343507316,0.005434731564960982,0.0026124305797940828,0.0022241583190729017,4.852054378198169e-05,0.9676586309950979,0.9730444164969723,0.008918310924343979,0.0053857855019757,0.0025893913834107384,0.002203859391915386,4.7457650755223034e-05
0.51,0.9672276934162376,0.9726949045108466,0.009055670975705936,0.0054672110946613174,0.0026277543583942365,0.0022376626364957867,4.8901536065761915e-05,0.9674947576981703,0.9729132381174637,0.008973403784778998,0.005418480419393967,0.002604821951617325,0.0022174489872373434,4.785790772890655e-05
0.515,0.9670639095750386,0.9725637841408016,0.009110741402669582,0.0054998745658152255,0.00264316101040925,0.0022512458195459596,4.9283257698903024e-05,0.9673297988048799,0.9727811573655023,0.00902881822793104,0.00545135856072216,0.002620335067126342,0.0022311171826458827,4.8258373210770574e-05
0.52,0.9668990312053922,0.9724317540525744,0.009166136311936994,0.005532722847234542,0.0026586508794735355,0.0022649082734773015,4.9665740008973424e-05,0.9671637497100506,0.9726481705057823,0.009084555954116115,0.005484420795830817,0.0026359310698202106,0.0022448643843157225,4.8659093670288644e-05
0.525,0.9667330537622972,0.9722988105641985,0.009221857377247893,0.005565756801953627,0.002674224308071593,0.0022786504012630823,5.0049014925748905e-05,0.9669966058425311,0.9725142738322419,0.00914061865023848,0.005517667989809045,0.00265161029882725,0.0022586909950506437,4.906011696459079e-05
0.53,0.9665659726195213,0.9721649499238122,0.009277906307352797,0.005598977304343197,0.002689881639073752,0.002292472613038781,5.0433112840066124e-05,0.9668283625504435,0.9723794635700725,0.00919700803421217,0.005551101019726647,0.0026673730959025387,0.002272597424783947,4.946148720338333e-05
0.535,0.966397783142571,0.9720301683724568,0.009334284814527782,0.0056323852299380315,0.0027056232154080992,0.0023063753196579675,5.0818063987277527e-05,0.9666590151736908,0.9722437359374867,0.009253725827076904,0.005584720763892833,0.0026832198030889774,0.0022865840841519054,4.986324811801151e-05
0.54,0.9662284806969532,0.971894462151174,0.009390994611048926,0.005665981454272906,0.00272144938000272,0.002320358931974213,5.120389860273557e-05,0.9664885590521762,0.9721070871526968,0.009310773749872403,0.005618528100616818,0.0026991507624294676,0.0023006513837907925,5.026544343982059e-05
0.545,0.9660580606481746,0.971757827501005,0.009448037409192303,0.005699766852882599,0.0027373604757857015,0.0023344238608410867,5.159064692179268e-05,0.9663169895258028,0.9719695134339151,0.00936815352363839,0.005652523908207815,0.002715166315966909,0.002314799734336881,5.066811690015584e-05
0.55,0.9658865183246198,0.9716202606308927,0.009505414937397462,0.005733742306324902,0.002753356845748399,0.0023485705205359853,5.19783384966214e-05,0.9661443018978874,0.9718310109679082,0.009425866884310545,0.005686709070115749,0.0027312668064616587,0.002329029549914192,5.107131060773546e-05
0.555,0.9657138490946052,0.9714817577836604,0.009563128908113568,0.005767908689107134,0.0027694388320194017,0.002362799322356997,5.236700353278799e-05,0.9659704915103902,0.9716915759744068,0.009483915551990968,0.0057210844641107286,0.002747452575968684,0.00234334124129887,5.1475068136422236e-05
0.56,0.9655400482406199,0.9713423151281743,0.009621181070723787,0.005802266887606349,0.0027856067771288625,0.0023771106852114466,5.2756670705776584e-05,0.9657955536214433,0.9715512046009191,0.009542301281847085,0.005755650979569252,0.0027637239676437733,0.002357735227390857,5.1879429499231417e-05
0.5650000000000001,0.9653651110440878,0.971201928832384,0.009679573175066444,0.005836817788347972,0.0028018610236136034,0.0023915050280999737,5.314736867214405e-05,0.9656194834881373,0.9714098929940583,0.009601025829477406,0.00579040950601379,0.002780081324658976,0.0023722119271890473,5.2284434665084534e-05
0.5700000000000001,0.9651890327864335,0.9710605950642391,0.009738306970979861,0.005871562277857428,0.0028182019140104452,0.0024059827700232176,5.353912608844725e-05,0.9654422763675627,0.9712676373004374,0.009660090950480437,0.005825360932966812,0.002796524990186342,0.0023867717596923323,5.26901236029031e-05
0.5750000000000001,0.9650118087443879,0.970918309987629,0.009797384210357446,0.0059065012432929645,0.0028346297908564853,0.0024205443304099908,5.393197153170429e-05,0.9652639275122379,0.9711244336627121,0.009719498402464222,0.005860506150565604,0.002813055307407045,0.0024014151443485566,5.3096536103545056e-05
0.58,0.9648334341727813,0.9707750697473334,0.009856806654930373,0.005941635574603832,0.0028511449965477873,0.002435190130873609,5.4325933182028496e-05,0.9650844321532861,0.9709802782048799,0.009779249952399947,0.005895846051684583,0.002829672619545822,0.002416142502905537,5.350371103773288e-05
0.585,0.9646539043419596,0.9706308705011112,0.00991657606054122,0.005976966159203247,0.0028677478729630286,0.0024499205920878475,5.47210394370548e-05,0.9649037855369363,0.9708351670635761,0.009839347361237658,0.0059313815267299065,0.002846377269421535,0.0024309542561475983,5.391168772476412e-05
0.59,0.9644732144533807,0.9704857083470514,0.009976694213401553,0.006012493893722269,0.0028844387618692274,0.002464736141077897,5.511731752632624e-05,0.9647219828423421,0.9706890963172955,0.00989979241969746,0.00596711347504294,0.0028631695998271737,0.0024458508315210042,5.432050287552268e-05
0.595,0.9642913597085025,0.9703395793832429,0.010037162899722939,0.006048219674791959,0.002901218005033402,0.002479637204868951,5.5514794679385906e-05,0.9645390192486567,0.9705420620445329,0.009960586918499461,0.00600304279596505,0.0028800499535557257,0.0024608326564720196,5.473019320089249e-05
0.6,0.9641083353087829,0.9701924797077748,0.01009798390571694,0.006084144399043377,0.002918085944222572,0.0024946242104862014,5.591349812577687e-05,0.9643548899350335,0.9703940603237828,0.01002173264836377,0.006039170388837602,0.0028970186734001797,0.002475900158446909,5.51407954117575e-05
0.605,0.9639241364465295,0.9700444054107656,0.01015915902175689,0.006120268964287477,0.0029350429211164476,0.002509697585829889,5.6313454946038335e-05,0.9641695900717044,0.9702450872257705,0.010083231404133931,0.006075497154153731,0.002914076102062816,0.0024910537657895273,5.555234589727019e-05
0.61,0.9637387583067071,0.9698953525757191,0.010220690041814424,0.006156594269063499,0.0029520892771682495,0.002524857759762026,5.671469207283722e-05,0.9639831148217837,0.970095138814786,0.010145084984095535,0.006112023993089466,0.0029312225820645396,0.00250629390787251,5.5964880696561985e-05
0.615,0.9635521960666596,0.9697453172790644,0.010282578764192196,0.006193121212456149,0.0029692253532595707,0.0025401051623428613,5.7117236279502246e-05,0.9637954593410202,0.9699442111482527,0.010207295190760073,0.006148751807318835,0.0029484584553731586,0.0025216210153241577,5.6378435482115234e-05
0.62,0.9633644448527849,0.9695942955528103,0.01034482701053385,0.006229850700076612,0.0029864514896917596,0.0025554402285386246,5.752111351148584e-05,0.9636066187354938,0.9697923002402966,0.010269863849802705,0.006185681504888634,0.002965784063341323,0.0025370355237936512,5.6793044146084395e-05
0.625,0.9631754997914805,0.9694422834289655,0.010407436602483028,0.00626678363753607,0.003003768026766163,0.002570863393315545,5.7926349714240464e-05,0.963416588111284,0.9696394021050444,0.010332792786898592,0.006222813993845659,0.0029831997473216843,0.0025525378689301723,5.720874058062394e-05
0.63,0.962985356009144,0.9692892769395388,0.01047040936168337,0.0063039209304457085,0.0030211753047841286,0.0025863750916398517,5.8332970833218555e-05,0.9632253625744704,0.9694855127566225,0.010396083827722896,0.006260150182236708,0.003000705848666894,0.002568128486382902,5.762555867788833e-05
0.635,0.9627940086196992,0.9691352721055828,0.010533747115734474,0.0063412634859345215,0.003038673663770646,0.002601975759734087,5.874100261694375e-05,0.9630329372189518,0.9693306281984667,0.010459738803879383,0.006297690979599028,0.003018302708442305,0.0025838078130702,5.804353191849596e-05
0.64,0.96260145274007,0.9689802649504895,0.010597451691119773,0.006378812210470381,0.003056263443620453,0.002617665833876784,5.9150470831302394e-05,0.9628393071416258,0.9691747444363312,0.010523759545815818,0.0063354372947889,0.0030359906675935396,0.0025995762860010463,5.8462693790608247e-05
0.645,0.9624076834632411,0.9688242514762132,0.010661524926618636,0.006416568013022821,0.0030739449832007807,0.002633445753191057,5.956140083888671e-05,0.9626444674160622,0.9690178574550805,0.010588147896215046,0.006373390039101151,0.0030537700660152557,0.002615434345065287,5.8883076929524456e-05
0.65,0.9622126958460716,0.9686672276529626,0.010725968678389966,0.006454531806941796,0.0030917186205083515,0.0026493159604398207,5.997381743478259e-05,0.962448413080544,0.968859963208599,0.010652905715072897,0.006411550128137407,0.00307164124269673,0.00263138243382084,5.930471279109665e-05
0.655,0.9620164849454204,0.9685091894509471,0.010790784802592669,0.006492704505577262,0.0031095846935398877,0.0026652768983859865,6.038774541407594e-05,0.9622511391733537,0.9687010576507713,0.010718034862385201,0.006449918477499297,0.003089604536627238,0.002647420995825626,5.9727632831176905e-05
0.66,0.9618190458181465,0.9683501328403752,0.01085597515538565,0.006531087022279174,0.0031275435402921114,0.0026813290097924686,6.0803209571852636e-05,0.9620526407327744,0.9685411367354816,0.010783537198147789,0.006488496002788448,0.003107660286796056,0.002663550474637563,6.015186850561728e-05
0.665,0.9616203735063019,0.9681900537783135,0.010921541600431801,0.006569680272061868,0.003145595498192871,0.002697472739006325,6.122023447391344e-05,0.9618529127826111,0.9683801964037768,0.010849414589835632,0.006527283621246369,0.003125808831610634,0.002679771315401925,6.05774508050455e-05
0.67,0.9614204630618048,0.9680289482302039,0.010987485996794399,0.0066084851684492865,0.0031637409048001774,0.0027137085297861516,6.163884480862474e-05,0.9616519503563827,0.9682182326049262,0.010915668900329993,0.006566282248623582,0.003144050509613419,0.002696083962694407,6.10044109428745e-05
0.675,0.9612193095022592,0.9678668121306745,0.011053810221789624,0.006647502628465505,0.0031819800958645455,0.002730036829919224,6.205906471655218e-05,0.9614497484540813,0.9680552412581147,0.010982302010709268,0.006605492804113002,0.003162385657507164,0.0027124888651257747,6.143277902021085e-05
0.68,0.9610169078210925,0.9677036413929,0.011120516165078795,0.006686733571857528,0.0032003134061593837,0.0027464580897566,6.248091796671718e-05,0.9612463020520513,0.9678912182615661,0.011049315814358964,0.006644916209593717,0.003180814610996699,0.002728986473871325,6.18625843893968e-05
0.685,0.9608132530117327,0.9675394319300552,0.011187605716323231,0.0067261789183723575,0.0032187411704581014,0.002762972759649335,6.290442832814111e-05,0.9610416061266378,0.9677261595135042,0.011116712204664593,0.006684553386944816,0.003199337705786855,0.002745577240106354,6.229385640277462e-05
0.6900000000000001,0.9606083400676075,0.9673741796553147,0.011255080765184253,0.006765839587757,0.0032372637235341074,0.002779581289948486,6.33296195698454e-05,0.9608356556541854,0.9675600609121529,0.011184493075011659,0.0067244052580453855,0.0032179552775824624,0.0027622616150061578,6.272662441268655e-05
0.6950000000000001,0.9604021639599158,0.9672078804619144,0.011322943213356721,0.006805716502048314,0.0032558813988806646,0.0027962841334906938,6.375651512156859e-05,0.9606284455892845,0.9673929183362405,0.011252660330780435,0.0067644727470333905,0.003236667660790981,0.002779040052226281,6.316091710353854e-05
0.7000000000000001,0.9601947196898254,0.9670405302695283,0.011391194946673918,0.006845810579752556,0.0032745945314852035,0.002813081740334918,6.418513884167666e-05,0.9604199709159111,0.9672247276903836,0.011321215861544436,0.006804756774549376,0.003255475191332349,0.002795913002662582,6.359676397801799e-05
0.705,0.959986002210813,0.9668721249545503,0.011459837878084652,0.006886122743786839,0.0032934034528630794,0.0028299745663448016,6.461551384102673e-05,0.9602102265713931,0.9670554848368946,0.011390161583908365,0.006845258265577856,0.0032743782016165365,0.0028128809230015353,6.403419307004718e-05
0.71,0.9597760064556765,0.9667026603748075,0.011528873931873776,0.006926653919180329,0.0033123084932630844,0.0028469630696942956,6.504766291554052e-05,0.9599992074728181,0.9668851856199298,0.011459499425776445,0.006885978147187554,0.0032933770227713847,0.0028299442722332794,6.44732317970415e-05
0.715,0.9595647273572141,0.9665321323881271,0.01159830503232614,0.006967405030962188,0.003331309982934009,0.0028640477085573506,6.548160886113979e-05,0.9597869085372737,0.9667138258836455,0.01152923131505289,0.0069269173464471916,0.003312471985924734,0.002847103509347951,6.491390757641632e-05
0.72,0.9593521598482239,0.9663605368523364,0.011668133103726589,0.007008377004161579,0.0033504082521246445,0.002881228941107917,6.591737447374621e-05,0.9595733246818475,0.9665414014721982,0.011599359179641913,0.006968076790425492,0.003331663422204425,0.002864359093335689,6.535624782558703e-05
0.725,0.9591382988601654,0.9661878696240375,0.011738360071172467,0.007049570763921054,0.0033696036309578924,0.002898507225682857,6.635498252843297e-05,0.9593584508223177,0.9663679082285461,0.011669884948257356,0.007009457406302661,0.0033509516626114145,0.002881711483348882,6.580027992223598e-05
0.73,0.9589231392977389,0.966014126535178,0.011808987875938998,0.0070909872374880795,0.003388896447061818,0.0029158830241283267,6.679445537590045e-05,0.9591422818482928,0.9661933419715439,0.01174081056573717,0.007051060123324999,0.0033703370356308613,0.002899161142038445,6.624603042448374e-05
0.735,0.9587066761001496,0.9658393034485793,0.01188001843947646,0.007132627348478458,0.00340828703066216,0.0029333567949056875,6.72358158744628e-05,0.9589248126831871,0.9660176985502673,0.01181213795717123,0.00709288586715349,0.0033898198723686913,0.002916708528690114,6.669352684253248e-05
0.74,0.9584889041459554,0.9656633961713623,0.011951453720639564,0.0071744920254554825,0.0034277757059538003,0.002950929004017251,6.767908593043407e-05,0.9587060381910848,0.9658409737593219,0.01188386908492224,0.0071349355683098595,0.0034094004978546884,0.0029343541100997367,6.714279487471802e-05
0.745,0.9582698183137144,0.9654864005106483,0.012023295678283027,0.007216582196982451,0.0034473627971316196,0.0029686001174653296,6.812428745012833e-05,0.9584859532360701,0.9656631633933136,0.0119560059113529,0.007177210157315834,0.003429079237118635,0.002952098353063164,6.75938602193761e-05
0.75,0.958049413481984,0.9653083122735583,0.012095546271261562,0.007258898791622656,0.0034670486283904997,0.002986370601252234,6.857144233985961e-05,0.9582645526822269,0.9654842632468482,0.012028550398825912,0.00721971056469314,0.0034488564151903137,0.002969941724376245,6.80467485748425e-05
0.755,0.9578276845293223,0.9651291272672134,0.012168207458429885,0.0073014427379393945,0.0034868335239253228,0.0030042409213802764,6.902057250594196e-05,0.9580418313936394,0.9653042691145316,0.01210150450970398,0.007262437720963505,0.003468732357099508,0.0029878846908348283,6.850148563945298e-05
0.76,0.957604626322463,0.9649488412875586,0.012241281206919415,0.007344214965143837,0.0035067178062014016,0.0030222115455146364,6.947169965667854e-05,0.9578177842228445,0.9651231767800502,0.012174870214595205,0.0073053925572766415,0.0034887073861364646,0.003005927720890332,6.895809674225434e-05
0.765,0.9573802337358339,0.9647674501374246,0.012314769478484266,0.007387216401638764,0.0035267017987835486,0.003040282940824416,6.992484562147057e-05,0.9575924060299003,0.9649409820338182,0.012248649478757437,0.00734857600398826,0.0035087818266973506,0.0030240712825050707,6.941660742350272e-05
0.77,0.9571545016263455,0.9645849496024584,0.01238867424860968,0.007430447976160851,0.003546785821850107,0.0030584555775565537,7.03800319131642e-05,0.95736569165779,0.9647576806494763,0.012322844281131055,0.007391988991756315,0.003528955999775796,0.0030423158467080204,6.987704263116635e-05
0.775,0.9569274248285802,0.9644013354471549,0.012462997508741155,0.007473910618622586,0.003566970192132991,0.0030767299290945962,7.083727966731834e-05,0.9571376359276965,0.9645732683800032,0.012397456616555454,0.007435632452376171,0.0035492302228999004,0.003060661887650354,7.033942661270522e-05
0.78,0.95669899817712,0.9642166034360088,0.012537741250324181,0.007517605258936459,0.0035872552263641138,0.0030951064688220895,7.129661001949193e-05,0.9569082336608031,0.9643877409783773,0.01247248847987002,0.007479507317643195,0.003569604813597762,0.0030791098794832436,7.080378361557939e-05
0.785,0.9564692165065474,0.9640307493335148,0.012612907464804257,0.007561532827014959,0.0036076412412753903,0.0031135856701225806,7.175804410524387e-05,0.956677479678293,0.9642010941975772,0.012547941865914144,0.007523614519352753,0.003590080089397481,0.003097660296357862,7.127013788724885e-05
0.79,0.9562380746514447,0.9638437689041679,0.012688498143626875,0.007605694252770577,0.0036281285535987333,0.003132168006379615,7.22216030601331e-05,0.956445368801349,0.9640133237905811,0.012623818769527216,0.0075679549893002095,0.003610656367827156,0.003116313612425383,7.17385136751736e-05
0.795,0.9560055674303637,0.9636556578964223,0.012764515292074327,0.007650090466105765,0.003648717476246932,0.0031508539538269657,7.26873077089682e-05,0.9562118958355673,0.9638244254947356,0.012700121199330084,0.007612529659236019,0.0036313339625786236,0.003135070304674507,7.220893465765697e-05
0.8,0.9557716896806311,0.9634664120769288,0.012840960899178782,0.007694722396344844,0.003669408326611777,0.003169643986301732,7.315517924354244e-05,0.9559770556047833,0.9636343950650936,0.012776851147768912,0.007657339460377694,0.003652113191844448,0.0031539308477151096,7.268142517008664e-05
0.805,0.9555364362075409,0.9632760271798652,0.012917836983643122,0.0077395909723711985,0.0036902014133345126,0.003188538583474621,7.362523820307601e-05,0.9557408429017377,0.9634432282250965,0.012854010636838758,0.007702385323425859,0.003672994365029501,0.003172895721962628,7.315600836166229e-05
0.81,0.9552998018129578,0.9630844989359741,0.012995145567233201,0.007784697123063174,0.003711097044182991,0.0032075382256039073,7.409750505862928e-05,0.9555032525158396,0.9632509206948413,0.0129316016915849,0.007747668179068188,0.003693977790661398,0.0031919654084171254,7.363270725766472e-05
0.8150000000000001,0.9550617812987462,0.9628918230759986,0.013072888671714866,0.007830041777299117,0.0037320955269250647,0.003226643392947866,7.45720002812626e-05,0.9552642792364984,0.9630574681944246,0.013009626337052622,0.007793188957992359,0.0037150637772677543,0.0032111403880786668,7.411154488337473e-05
0.8200000000000001,0.9548223694667709,0.9626979953306818,0.013151068318853964,0.00787562586395737,0.0037531971693285852,0.0032458545657647725,7.504874434203636e-05,0.9550239178531231,0.9628628664439435,0.013088086598287207,0.007838948590886047,0.003736252633376184,0.0032304211419473153,7.459254426407312e-05
0.8250000000000001,0.9545815611156013,0.9625030114270329,0.013229686534743145,0.007921450311477935,0.0037744022775416364,0.0032651722251334165,7.55277576199277e-05,0.9547821631519648,0.962667111159886,0.013166984504641188,0.007884948007986402,0.0037575446658886166,0.0032498081518391913,7.507572826053995e-05
0.8300000000000001,0.9543393510408561,0.9623068670888858,0.013308745347736049,0.007967516048075919,0.0037957111571631143,0.0032845968530734386,7.60090604480598e-05,0.954539009916383,0.9624701980556203,0.013246322087723835,0.007931188139302185,0.0037789401811560448,0.0032693019005105724,7.556111964511092e-05
0.835,0.9540957340377103,0.9621095580388151,0.013388246788146046,0.008013824001150947,0.0038171241128018246,0.003304128932550535,7.649267313205384e-05,0.954294452929328,0.9622721228432879,0.013326101381101876,0.00797766991402427,0.003800439484538077,0.0032889028716636634,7.604874113709915e-05
0.84,0.953850704887604,0.9619110799835151,0.013468192905478989,0.008060375095957027,0.003838641441667464,0.0033237689501293176,7.697861557266583e-05,0.9540484869606212,0.9620728812197008,0.013406324437447326,0.008024394259143613,0.0038220428739688143,0.00330861155257969,7.653861473417972e-05
0.845,0.9536042583719774,0.9617114286296797,0.013548585749240723,0.00810717025774816,0.0038602634409697287,0.003343517392374398,7.746690767065177e-05,0.9538011067800836,0.9618724688816711,0.0134869933094322,0.008071362101651167,0.003843750647382357,0.0033284284305398776,7.703076243402771e-05
0.85,0.9533563892722705,0.9615105996840032,0.013629427368937101,0.008154210411778356,0.0038819904079183147,0.0033633747458503864,7.795756932676761e-05,0.9535523071575362,0.961670881526011,0.01356811004972851,0.008118574368537888,0.0038655631027128055,0.003348353992825452,7.752520623431817e-05
0.855,0.9531070923699236,0.9613085888531797,0.013710719814073968,0.008201496483301618,0.003903822639722918,0.0033833414971218938,7.84506204417694e-05,0.9533020828628005,0.9614681148495325,0.013649676711008274,0.008166031986794728,0.003887480537894261,0.003368388726717639,7.802196813272617e-05
0.86,0.9528563624427555,0.9611053918368604,0.013792465148562303,0.008249029394150398,0.003925760426356659,0.0034034181352699893,7.894608061170911e-05,0.9530504286625539,0.9612641645424358,0.013731695360273551,0.008213735879944315,0.003909503243601588,0.003388533121997007,7.852106959259425e-05
0.865,0.9526041942701036,0.9609010043423771,0.013874665412847148,0.00829681007231885,0.003947804070668559,0.0034236051462659058,7.944396994387169e-05,0.9527973393241692,0.9610590263018617,0.013814168041196501,0.008261686977754491,0.003931631523426051,0.0034087876653658656,7.902253296465279e-05
0.87,0.9523505826281289,0.9606954220663741,0.013957322673988075,0.008344839438290478,0.00396995386129107,0.0034439030212022903,7.99443080074015e-05,0.9525428096126899,0.9608526958150269,0.013897096823930574,0.008309886202398633,0.003953865666701607,0.003429152848617926,7.952637965681998e-05
0.875,0.9520955222912897,0.9604886407011943,0.014040439009150136,0.008393118409949694,0.003992210081575101,0.003464312252900119,8.044711415926375e-05,0.952286834291792,0.9606451687651486,0.01398048378868138,0.008358334473417835,0.0039762059574645695,0.003449629165263064,8.003263070590391e-05
0.88,0.9518390080340446,0.9602806559391807,0.014124016495498383,0.008441647905180904,0.004014573014871564,0.0034848333341803684,8.095240775642362e-05,0.9520294081251516,0.960436440835444,0.014064331015654529,0.008407032710353186,0.003998652679751252,0.0034702171088111583,8.054130714871263e-05
0.885,0.9515810346308521,0.9600714634726758,0.014208057210197867,0.008490428841868522,0.004037042944531367,0.0035054667578640155,8.146020815584627e-05,0.9517705258764448,0.9602265077091302,0.014148640585055633,0.008455981832745776,0.00402120611759797,0.003490917172772085,8.105243002205426e-05
0.89,0.9513215968561703,0.9598610589940227,0.014292563230413639,0.008539462137896959,0.004059620153905422,0.0035262130167720363,8.197053471449694e-05,0.9515101823093477,0.9600153650694244,0.014233414577090299,0.008505182760136698,0.004043866555041036,0.003511729850655722,8.156602036273683e-05
0.895,0.9510606894844582,0.9596494381955644,0.01437753663331075,0.008588748711150621,0.004082304926344637,0.0035470726037254074,8.24834067893408e-05,0.9512483721875364,0.9598030085995437,0.014318655071964139,0.008554636412067041,0.004066634276116765,0.0035326556359719457,8.208209920756843e-05
0.9,0.9507983072990388,0.9594365967721477,0.014462979508545136,0.00863828947315327,0.0041050975359142134,0.003568046013688563,8.299884346828755e-05,0.9509850902840037,0.9595894339856128,0.014404364162295912,0.008604343701668469,0.0040895095555521736,0.0035536950243565037,8.260068713014028e-05
0.905,0.950534445062366,0.9592225304070764,0.01454889393112136,0.008688085344754551,0.0041279982702030924,0.003589133740815267,8.351686420233389e-05,0.9507203313502302,0.9593746369016424,0.014490543926171745,0.008654305551471156,0.004112492681633306,0.0035748485106623065,8.312180531949621e-05
0.91,0.9502690975552003,0.9590072347909083,0.014635281995566811,0.00873813723575207,0.004151007401202735,0.0036103362825652846,8.403748803347287e-05,0.9504540901567005,0.9591586130295185,0.01457719646107858,0.008704522872876628,0.004135583927011517,0.0035961165930206928,8.364547426317073e-05
0.915,0.9500022595653819,0.9587907056169895,0.014722145804226351,0.008788446051651454,0.004174125194712231,0.0036316541375726263,8.45607338321819e-05,0.9501863614812714,0.9589413580541756,0.014664323872269512,0.008754996572962382,0.0041587835581302635,0.0036174997707255456,8.417171415464672e-05
0.92,0.9497339258807515,0.9585729385786661,0.014809487459444848,0.008839012697958322,0.0041973519165306675,0.0036530878044713053,8.50866204689384e-05,0.9499171401018001,0.9587228676605482,0.01475192826499763,0.008805727558805912,0.004182091841433001,0.00363899854307075,8.470054518740703e-05
0.925,0.9494640912891492,0.958353929369284,0.014897309063567166,0.008889838080178295,0.004220687832457134,0.0036746377818953325,8.561516681421979e-05,0.9496464207961434,0.9585031375335706,0.014840011744516032,0.00885671673748472,0.004205509043363184,0.003660613409350189,8.523198755493451e-05
0.93,0.9491927505784158,0.9581336736821894,0.014985612718938173,0.008940923103816997,0.00424413320829072,0.0036963045684787208,8.614639173850346e-05,0.9493741983421582,0.9582821633581774,0.01492857641607781,0.008907965016076302,0.0042290354303642684,0.0036823448688577468,8.576606145071204e-05
0.935,0.9489198985363914,0.9579121672107281,0.015074400527902735,0.008992268674380048,0.004267688309830513,0.003718088662855482,8.668031411226685e-05,0.9491004675177016,0.958059940819303,0.015017624384936056,0.008959473301658152,0.0042526712688797106,0.003704193420887308,8.630278706822243e-05
0.9400000000000001,0.9486455299719021,0.9576894056607246,0.015163674601274822,0.00904387568886558,0.004291353392811559,0.0037399905649885966,8.721695260073511e-05,0.9488252231219894,0.9578364656146893,0.015107157764743065,0.009011242492756274,0.004276416815267718,0.0037261595660459993,8.684218425430414e-05
0.9450000000000001,0.948369639655497,0.957465384711595,0.015253437042524692,0.009095745056140888,0.004315128726769739,0.0037620107755685223,8.775632612692082e-05,0.9485484599154593,0.9576117334152308,0.015197178661908027,0.00906327349982743,0.004300272339717269,0.003748243805691984,8.738427328349576e-05
0.9500000000000001,0.9480922223960069,0.957240100066403,0.015343689968307263,0.009147877670438884,0.004339014564189204,0.003784149797218085,8.829845329697216e-05,0.9482701726974188,0.9573857399159867,0.015287689195912847,0.00911556721862364,0.0043242380953315675,0.0037704466430905814,8.792907389731609e-05
0.9550000000000001,0.9478132730173983,0.9570135474376666,0.015434435500340122,0.009200274420310935,0.004363011150887324,0.003806408133158905,8.884335258705848e-05,0.9479903562825512,0.9571584808216825,0.015378691491256117,0.00916812453918661,0.004348314328533133,0.003792768582095472,8.847660561875374e-05
0.96,0.9475327863436379,0.956785722537904,0.015525675760340847,0.009252936194308406,0.004387118732681467,0.003828786286612601,8.939104247334911e-05,0.9477090054855406,0.9569299518370437,0.01547018767243643,0.009220946351558042,0.004372501285744486,0.003815210126560334,8.90268879707973e-05
0.965,0.9472507571986926,0.9565566210796329,0.015617412870027027,0.009305863880982663,0.004411337555389005,0.003851284760800793,8.994154143201338e-05,0.9474261151210707,0.9567001486667956,0.015562179863952382,0.009274033545779646,0.004396799213388149,0.0038377717803388493,8.95799404764354e-05
0.97,0.9469671804065288,0.9563262387753717,0.01570964895111624,0.009359058368885072,0.004435667864827305,0.0038739040589450993,9.049486793922065e-05,0.9471416800038251,0.9564690670156639,0.015654670190302568,0.009327387011893125,0.0044212083578866425,0.003860454047284696,9.01357826586566e-05
0.975,0.9466820507911134,0.9560945713376384,0.015802386125326074,0.009412520546566995,0.004460109906813738,0.0038966446842671402,9.105104047114023e-05,0.9468556949484878,0.956236702588374,0.015747660775985578,0.009381007639940181,0.004445728965662485,0.003883257431251554,9.069443404044952e-05
0.98,0.9463953632201845,0.9558616145082314,0.015895626521288023,0.009466251288088838,0.004484663912232346,0.003919507140931927,9.161007728014552e-05,0.9465681548139524,0.9560030511193146,0.015841153752325768,0.009434896305415932,0.0044703612681782495,0.003906182437016825,9.12559137742635e-05
0.985,0.946107112478338,0.9556273639694622,0.015989372262413426,0.009520251491166015,0.0045093301359192565,0.003942491934868264,9.217199695770378e-05,0.9462790543752734,0.9557681082827812,0.01593515124557407,0.009489053907561273,0.004495105520892401,0.0039292295711554496,9.182024156586982e-05
0.99,0.9458172934436618,0.9553918154680353,0.016083625482953286,0.009574522024415045,0.0045341088030398016,0.003965599572552614,9.273681768292331e-05,0.9459883885018269,0.955531869818185,0.016029655392650378,0.009543481316411216,0.004519961949541186,0.003952399340751625,9.238743644280706e-05
0.995,0.9455259010001316,0.9551549647547143,0.016178388317837522,0.009629063754624103,0.00455900013689178,0.0039888305604844,9.330455760822381e-05,0.9456961520689304,0.9552943314690432,0.016124668331142518,0.009598179400165554,0.00454493077799001,0.003975692252910032,9.295751738869716e-05
1.0,0.9452329300317224,0.9549168075802624,0.01627366290199605,0.009683877548581363,0.00458400436077299,0.004012185405163045,9.38752348860249e-05,0.945402339951901,0.9550554889788727,0.01622019219863832,0.009653149027024075,0.004570012230104279,0.003999108814735348,9.353050338716208e-05
1.0050000000000001,0.9449383754224097,0.9546773396954434,0.016369451370358796,0.009738964273075001,0.004609121697981231,0.004035664613087973,9.444886766874627e-05,0.9451069470260561,0.9548153380911907,0.01631622913272561,0.009708391065186575,0.004595206529749403,0.004022649533332252,9.410641342182376e-05
1.01,0.9446422320561686,0.9544365568510208,0.01646575585785567,0.00979432479489319,0.004634352371814299,0.004059268690758604,9.502547410880754e-05,0.9448099681667129,0.9545738745495139,0.016412781270992213,0.009763906382852839,0.004620513900790786,0.004046314915805423,9.468526647630414e-05
1.0150000000000001,0.9443444948299443,0.9541944548071006,0.01656257849952897,0.009849959977197176,0.004659696602231135,0.004082998144505579,9.560507232258968e-05,0.9445113982622357,0.9543310941067694,0.016509850751121404,0.009819695844585138,0.004645934563749924,0.00407010546908697,9.526708147650236e-05
1.02,0.944045158665348,0.9539510293401623,0.01665992143333751,0.009905870674854957,0.004685154601337391,0.0041068534816106365,9.618768033115524e-05,0.9442112322258479,0.9540869925324238,0.016607439713673296,0.009875760306627028,0.004671468731283078,0.004094021701051547,9.585187719200004e-05
1.025,0.9437442184172574,0.9537062761767887,0.01675778680019941,0.009962057759571806,0.004710726596479846,0.004130835212072221,9.677331632392023e-05,0.9439094649036681,0.9538415655457279,0.016705550302250544,0.009932100642110642,0.004697116631312319,0.0041180641223096705,9.643967265831055e-05
1.03,0.9434416690558011,0.953460191126751,0.016856176741709743,0.010018522070990299,0.00473641278552602,0.004154943844310069,9.736199818035016e-05,0.9436060912577364,0.9535948089496992,0.01680418466098549,0.009988717692013337,0.00472287846223654,0.004142233241860228,9.703048641535518e-05
1.035,0.9431375055511074,0.9532127699998203,0.016955093399463564,0.010075264448753007,0.00476221336634343,0.004179179886743913,9.795374377991052e-05,0.943301106250093,0.9533467185473552,0.016903344934010456,0.01004561229731246,0.0047487544224546294,0.004166529568702108,9.762433700305513e-05
1.04,0.9428317228733051,0.9529640086057676,0.017054538915055956,0.010132285732502515,0.004788128536799596,0.004203543847793491,9.854857100206684e-05,0.9429945048427781,0.9530972901417136,0.017003033265457795,0.010102785298985369,0.0047747447103654835,0.004190953611834202,9.822124296133167e-05
1.045,0.9425243159925225,0.952713902754364,0.017154515430081965,0.010189586761881388,0.004814158494762034,0.004228036235878535,9.914649772628459e-05,0.942686281997832,0.9528465195357918,0.01710325179945983,0.010160237538009414,0.00480084952436799,0.004215505880255394,9.882122283010603e-05
1.05,0.9422152798788882,0.9524624482553806,0.017255025086136674,0.010247168376532213,0.004840303438098267,0.00425265755941878,9.97475418320293e-05,0.9423764326772948,0.9525944025326073,0.01720400268014891,0.01021796985536195,0.004827069062861046,0.004240186882964578,9.94242951492995e-05
1.055,0.9419046095428807,0.9522096409483609,0.01735607002263289,0.010305031405519853,0.004866563555701264,0.004277408325932542,0.00010035172112272774,0.9420649518837281,0.9523409349650969,0.017305288049435513,0.010275983081417877,0.004853403515257328,0.004264997128050465,0.00010003047834123319
1.06,0.9415922999557055,0.9519554766418095,0.017457652384925835,0.010363176686143487,0.0048929390430978315,0.004302289045757188,0.00010095905344932126,0.9417518345803028,0.9520861126350583,0.01740711005520253,0.010334278054804347,0.004879853077612133,0.004289937126427873,0.00010063979089604483
1.065,0.9412783461041221,0.9516999511545078,0.017559774319844155,0.010421605050424956,0.004919430091105209,0.004327300230174513,0.00010156955663208575,0.9414370757458124,0.9518299313546251,0.017509470846790942,0.010392855608861272,0.004906417941266722,0.0043150073899530395,0.00010125225125446566
1.07,0.9409627430725342,0.9514430603775929,0.017662437968387103,0.010480317305097724,0.004946036869130862,0.004352442388035574,0.00010218324831487991,0.941120670457096,0.9515723870086298,0.01761237256761902,0.010451716551582021,0.004933098276125139,0.004340208428030805,0.00010186787758557229
1.075,0.9406454859453456,0.9511848002022019,0.017765645471553907,0.010539314256895242,0.004972759546582247,0.00437771602819142,0.00010280014614156232,0.9408026137909924,0.9513134754819045,0.017715817361105023,0.010510861690959963,0.004959894252091415,0.0043655407500660095,0.00010248668805844126
1.08,0.9403265698069597,0.9509251665194719,0.017869398970343807,0.01059859671255097,0.004999598292866827,0.004403121659493107,0.00010342026775599168,0.9404829008243405,0.9510531926592812,0.01781980737066723,0.010570291834988466,0.004986806039069591,0.004391004865463494,0.00010310870084214918
1.085,0.9400059897417804,0.95066415522054,0.017973700605756038,0.010658165478798363,0.005026553277392064,0.004428659790791684,0.00010404363080202655,0.9401615266339791,0.9507915344255926,0.017924344739723895,0.0106300077916609,0.005013833806963703,0.004416601283628096,0.00010373393410577258
1.09,0.9396837408342112,0.9504017621965435,0.018078552518789846,0.010718021362370881,0.005053624669565419,0.004454330930938206,0.00010467025292352563,0.939838486296747,0.9505284966656705,0.0180294316116933,0.010690010368970635,0.00504097772567779,0.004442330513964659,0.00010436240601838807
1.095,0.9393598182448746,0.9501379833956859,0.01818395684318387,0.010778165150849629,0.005080812623585547,0.004480135586659065,0.00010530015165838947,0.9395137749659447,0.9502640753216199,0.018135070122674273,0.010750300355722029,0.005068237949890051,0.004468193063740527,0.00010499413459230151
1.1,0.9390342170146985,0.9498728146736767,0.01828991572924872,0.010838597659016453,0.00510811731472016,0.004506074270780679,0.00010593334468704687,0.9391873876748481,0.9499982662427725,0.018241262425420405,0.010810878567970892,0.005095614655371813,0.0044941894463416355,0.00010562913804251115
1.105,0.9387069323049171,0.9496062519760866,0.018396431316371954,0.010899319671207471,0.005135538893955264,0.004532147493130477,0.0001065698495321205,0.9388593195774051,0.9497310653686306,0.01834801066167287,0.010871745791271788,0.005123107993587023,0.0045203201721356395,0.00010626743435155004
1.11,0.9383779593443067,0.9493382912993763,0.018503505736952565,0.010960331955107561,0.005163077499103978,0.004558355761366374,0.0001072096836266154,0.938529565895311,0.9494624686897617,0.01845531696613381,0.010932902794496728,0.005150718102812148,0.004546585749309643,0.00010690904137050403
1.115,0.938047293361643,0.9490689286400069,0.018611141123389515,0.011021635278401587,0.005190733267979412,0.004584699583146277,0.00010785286440353639,0.9381981218502611,0.9491924721967331,0.01856318347350535,0.010994350346517712,0.005178445121323651,0.004572986686050744,0.00010755397695045885
1.12,0.9377149295857021,0.948798159994439,0.018719339608081795,0.01108323040877442,0.005218506338394687,0.004611179466128103,0.0001084994092958885,0.9378649826639509,0.9489210718801122,0.01867161231848962,0.011056089216206752,0.005206289187397998,0.004599523490546047,0.00010820225894250037
1.125,0.93738086324526,0.9485259813591336,0.018828103323428377,0.011145118113910928,0.0052463968481629136,0.0046377959179697585,0.0001091493357366766,0.9375301435580757,0.9486482637304664,0.01878060563578875,0.011118120172435847,0.005234250439311654,0.00462619667098265,0.00010885390519771431
1.1300000000000001,0.9370450895690926,0.9482523887305513,0.018937434401828247,0.011207299161495984,0.0052744049350972105,0.004664549446329159,0.00010980266115890566,0.9371935997543309,0.948374043738363,0.018890165560104876,0.01118044398407701,0.005262329015341085,0.004653006735547655,0.00010950893356718652
1.135,0.936707603852793,0.9479773781549217,0.01904733496868314,0.011269774302165886,0.005302530724050868,0.004691440557500629,0.00011045940291908645,0.9368553465414023,0.9480984079442842,0.019000294219099358,0.011243061402926567,0.005290525040790757,0.004679954191055377,0.00011016736179274706
1.1400000000000001,0.9363684013365616,0.9477009456343545,0.01915780716013271,0.01133254429782987,0.00533077434796368,0.004718469761728077,0.00011111957842523446,0.936515379152473,0.9478213523445,0.019110993751200796,0.011305973192071493,0.005318838649060199,0.004707039548276356,0.00011082920768273853
1.145,0.9360274773875933,0.9474230872675014,0.019268853095900755,0.011395609879944864,0.005359135916813485,0.004745637564813667,0.00011178320495190023,0.936173692948019,0.9475428730320741,0.019222266278345237,0.011369180084099258,0.005347269950565373,0.004734263313522951,0.00011149448886020255
1.1500000000000001,0.9356848273860795,0.9471437991628775,0.019380474894046536,0.01145897177683466,0.005387615538220253,0.004772944472117562,0.00011245029975970493,0.9358302833015447,0.9472629661099601,0.01933411392079623,0.01143268280845928,0.005375819053362137,0.0047616259926638125,0.00011216322292876218
1.155,0.9353404467122118,0.9468630774289983,0.019492674672629304,0.01152263071682303,0.005416213319803958,0.004800390988999919,0.0001131208801092696,0.9354851455865544,0.9469816276811117,0.019446538798817317,0.011496482094600961,0.005404486065506343,0.004789128091567581,0.00011283542749204032
1.16,0.9349943307461818,0.9465809181743791,0.01960545454970832,0.011586587428233762,0.00544492936918457,0.004827977620820898,0.00011379496326121535,0.9351382751765522,0.9466988538484826,0.019559543032672037,0.011560578671973715,0.005433271095053848,0.004816770116102905,0.00011351112015366
1.165,0.9346464749280378,0.9462973175529191,0.019718816635100007,0.011650842624917593,0.0054737637834451494,0.0048557048710611605,0.00011447256641810824,0.9347896675050243,0.946414640760515,0.019673128734348448,0.0116249732555338,0.005462174239514629,0.004844552570252052,0.00011419031843897926
1.17,0.9342968746237126,0.9460122716603213,0.01983276305226206,0.01171539703664483,0.005502716670886092,0.004883573247484203,0.00011515370684884313,0.9344393179312079,0.9461289845073437,0.019787298029511565,0.01168966657617874,0.005491195607626136,0.004872475962287891,0.00011487303995758245
1.175,0.9339455253479036,0.9457257767054715,0.019947295903509944,0.01178025135760385,0.005531788113968235,0.00491158325288612,0.0001158384016833871,0.9340872219634004,0.945841881292534,0.019902053022606093,0.01175465932917632,0.005520335282264947,0.004900540795499496,0.00011555930213412361
1.18,0.9335924226387,0.9454378289151218,0.020062417287714598,0.011845406276457592,0.005560978191153487,0.004939735389207191,0.0001165266680297031,0.9337333751333371,0.945553327337556,0.020017395814619924,0.011819952204261358,0.005549593342305329,0.00492874757231753,0.00011624912236403292
1.185,0.933237562034191,0.9451484245160243,0.020178129303746982,0.011910862481869004,0.005590286980903761,0.0049680301583877,0.00011721852299575415,0.9333777729727536,0.94526331886388,0.020133328506540968,0.011885545891168681,0.0055789698666215545,0.004957096795172659,0.00011694251804274068
1.19,0.9328809390724655,0.944857559734931,0.020294434050478035,0.011976620662501025,0.0056197145616809635,0.004996468062367925,0.00011791398368950322,0.9330204110133854,0.9449718520929765,0.020249853199357116,0.011951441079633102,0.005608464934087888,0.004985588966495546,0.00011763950656567708
1.195,0.932522549354382,0.9445652308465556,0.02041133361691735,0.012042681492209016,0.005649261001559319,0.005025049600865806,0.00011861306716392978,0.9326612848498458,0.944678923294368,0.02036697198416543,0.012017638444563888,0.005638078613183046,0.0050142245864883885,0.00011834010525787296
1.2,0.9321623884053615,0.9442714340660374,0.020528830107191327,0.01210904566071109,0.005678926379369755,0.005053775278157089,0.0001193157905353431,0.9323003900011991,0.9443845286779095,0.020484686967210838,0.012084138676751831,0.005667810983151141,0.005043004159917825,0.00011904433152064023
1.205,0.9318004519063362,0.9439761657274514,0.020646925600822628,0.012175713821150272,0.005708710748295321,0.005082645592981435,0.00012002217078730922,0.9319377221422792,0.9440886645726076,0.020603000230063687,0.012150942430369684,0.005697662097569691,0.0050719281859997805,0.00011975220258697282
1.21,0.9314367355747674,0.943679422192942,0.02076562217133037,0.012242686618209545,0.005738614155613347,0.00511166104263937,0.00012073222487195814,0.9315732769845103,0.9437913273355893,0.020721913848274175,0.01221805035112008,0.005727632004106058,0.005100997162507597,0.00012046373565014578
1.215,0.9310712351281165,0.9433811998246536,0.0208849218922337,0.012309964696571911,0.00576863664860117,0.005140822124431428,0.00012144596974141998,0.9312070502393166,0.9434925133239815,0.02084142989739254,0.01228546308470567,0.00575772075042761,0.0051302115872146215,0.00012117894790343424
1.22,0.930703946283845,0.9430814949847307,0.02100482683705174,0.012377548700920355,0.0057987782745361205,0.005170129335658133,0.00012216342234782474,0.9308390376181224,0.9431922188949109,0.020961550452968988,0.012353181276829089,0.005787928384201706,0.005159571957894194,0.00012189785654011324
1.225,0.9303348648241562,0.9427803040850993,0.02112533906807283,0.012445439260977643,0.005829039070553852,0.005199583171114004,0.00012288459958992583,0.930469234897188,0.9428904404553645,0.021082277579296513,0.012421205558216809,0.005818254942947205,0.005189078769808238,0.00012262047868838414
1.23,0.9299639864569262,0.9424776234786788,0.02124646066356157,0.012513637021786912,0.005859419083816313,0.00522918413027512,0.00012360951842730036,0.9300976377783546,0.942587174353246,0.021203613356670693,0.012489536574931496,0.00584870047421651,0.005218732522905737,0.00012334683154636072
1.235,0.9295913070482124,0.9421734496398526,0.0213681936746323,0.012582142591674351,0.005889918336548046,0.005258932706730444,0.00012433819569157749,0.9297242421218678,0.9422824170581089,0.021325559838173642,0.01255817493628102,0.005879265000608594,0.005248533711235758,0.00012407693215710878
1.24,0.9292168225171695,0.9418677790840071,0.02149054014289935,0.012650956566871624,0.005920536842806643,0.005288829391853059,0.00012507064817097888,0.9293490438411454,0.9419761650805718,0.021448119067366427,0.012627121239466072,0.005909948536550023,0.00527848282662718,0.00012481079751134623
1.245,0.9288405287829524,0.9415606083265289,0.02161350210997708,0.012720079543610405,0.005951274616649701,0.005318874677016053,0.0001258068926537263,0.9289720388496054,0.9416684149312534,0.021571293087810126,0.012696376081687355,0.00594075109646737,0.0053085803609088855,0.00012554844459979108
1.25,0.9284624217647158,0.9412519338828045,0.02173708161747982,0.012789512118122362,0.005982131672134814,0.00534906905359251,0.00012654694592804144,0.928593223060666,0.9413591631207724,0.0216950839430658,0.012765940060145559,0.005971672694787202,0.005338826805909755,0.00012628989041316114
1.2550000000000001,0.9280824974472609,0.9409417523189626,0.021861280694709297,0.01285925487173536,0.0060131080135323745,0.005379413010232638,0.00012729082472947686,0.9282125924534728,0.9410484062105573,0.02181949366435842,0.012835813757123593,0.006002713336143045,0.00536922265073107,0.00012703515188069404
1.26,0.927700751745174,0.9406300601450939,0.021986101387024632,0.012929308399953373,0.006044203654080464,0.005409907040208938,0.00012803854585130336,0.9278301429368832,0.9407361407059377,0.021944524298991762,0.01290599776909326,0.006033873034141934,0.005399768389100761,0.00012778424599541063
1.2650000000000001,0.9273171807288464,0.9403168539912828,0.022111545711287543,0.012999673262469693,0.006075418583400687,0.005440551630828465,0.00012879012596393185,0.9274458705757485,0.940422363232393,0.022070177865717133,0.012976492656683204,0.006065151778761142,0.0054304645087703855,0.00012853718960724702
1.27,0.9269317805422481,0.9400021305446696,0.022237615670263146,0.013070350002454689,0.006106752780296969,0.005471347266181845,0.00012954558167888532,0.9270597715085869,0.9401070704725324,0.022196456369163575,0.013047298963983897,0.006096549549153863,0.005461311494269916,0.00012929399949796543
1.2750000000000001,0.9265445473293489,0.9396858864923946,0.022364313266716587,0.013141339163078745,0.006138206223573241,0.005502294430359708,0.00013030492960768698,0.9266718418739167,0.9397902591089644,0.022323361813960142,0.013118417235085823,0.006128066324473294,0.005492309830129329,0.00013005469244932807
1.28,0.9261554772341186,0.939368118521598,0.022491640503412978,0.01321264128751223,0.006169778892033427,0.00553339360745268,0.00013106818636185992,0.9262820778102562,0.9394719258242977,0.022450896204735872,0.013189848014079455,0.0061597020838726315,0.005523460000878599,0.00013081928524309714
1.285,0.9257645664658544,0.9390488233701406,0.02261959937005827,0.013284256904318949,0.006201470755170913,0.0055646452786872564,0.0001318353685006105,0.9258904755215202,0.9391520673519191,0.02257906153304002,0.01326159183043661,0.006191456797189615,0.0055547624881795024,0.00013158779460214673
1.29,0.9253718111714238,0.9387279977257476,0.022748191871520964,0.013356186554356383,0.00623328178999672,0.005596049929632099,0.00013260649263595862,0.9254970311491394,0.9388306803750344,0.022707859805600694,0.013333649225932455,0.0062233304417840295,0.0055862177780391965,0.00013236023730585998
1.295,0.9249772076449897,0.9384056383898018,0.02287741998435554,0.013428430744844504,0.006265211951933313,0.005627608040147611,0.00013338157526433916,0.9251017409819939,0.9385077616906344,0.022837293000785516,0.013406020708677756,0.006255322973416576,0.00561782635074755,0.00013313663000337218
1.3,0.9245807522792029,0.9380817422403298,0.02300728566514323,0.013500989961159122,0.006297261182510613,0.005659320085619548,0.00013416063280324224,0.9247046014075535,0.9381833081724378,0.02296736307695844,0.01347870676492131,0.006287434333948163,0.005649588682113809,0.00013391698925547982
1.305,0.9241824414667138,0.9377563061553577,0.023137790870465257,0.013573864688676034,0.006329429423258532,0.005691186541433661,0.00013494368167015787,0.9243056088132876,0.9378573166941627,0.02309807199248341,0.013551707880911902,0.006319664465239691,0.0056815052479472095,0.00013470133162297925
1.31,0.9237822716001729,0.9374293270129119,0.02326893755690285,0.013647055412771052,0.006361716615706991,0.005723207882975705,0.00013573073828257624,0.9239047595866658,0.9375297841295276,0.023229421705724375,0.013625024542898326,0.006352013309152068,0.005713576524056999,0.00013548967366666702
1.315,0.9233802391161684,0.9371008017251657,0.02340072767192739,0.013720562609029107,0.0063941226952991806,0.005755384583709536,0.00013652181902250042,0.9235020501591361,0.9372007073864311,0.023361414165922963,0.013698657227331325,0.0063844808014566915,0.005745802984328115,0.0001362820319084128
1.32,0.9229763404500532,0.9367707272018393,0.023533163165599214,0.013794386751817744,0.006426647596463348,0.005787717118591215,0.00013731694027662944,0.9230974769609183,0.9368700833703252,0.023494051324907384,0.013772606409443073,0.006417066876910035,0.0057781851041372135,0.00013707842287314167
1.325,0.9225705721589684,0.9364391004468269,0.023666245963509754,0.013868528287890066,0.006459291236340294,0.0058202059577580475,0.00013811611833497786,0.9226910365441316,0.9365379090809274,0.023627335110002267,0.013846872536831659,0.0064497714529737765,0.005810723354035583,0.00013787886297961257
1.33,0.9221629308876542,0.9361059185323538,0.023799977972703043,0.013942987644730965,0.006492053520127297,0.005852851567284174,0.00013891936941629824,0.9222827255485737,0.936204181586351,0.023761267429960622,0.013921456037813033,0.006482594435160626,0.005843418200506705,0.00013868336856889428
1.335,0.921753413280851,0.9357711785306451,0.02393436110022308,0.014017765249825318,0.00652493435302163,0.005885654413243728,0.0001397267097393429,0.9218725406140419,0.9358688979547094,0.023895850193535448,0.01399635734070313,0.006515535728983287,0.005876270110034055,0.0001394919559820554
1.34,0.9213420159984651,0.9354348775257764,0.0240693972497917,0.014092861527342319,0.006557933638211828,0.0059186149609959755,0.00014053815551023864,0.9214604783955114,0.935532055265976,0.024031085306153714,0.014071576870500027,0.006548595237944912,0.005909279548385513,0.00014030464154663472
1.345,0.9209287357508524,0.9350970126405659,0.02420508831514261,0.014168276889744353,0.006591051271670882,0.005951733674162494,0.0001413537228952377,0.9210465355984526,0.9351936506389045,0.024166974663240127,0.01414711504048705,0.006581772858330307,0.005942446979588561,0.00014112144154652107
1.35,0.9205135692511413,0.934757580998651,0.02434143619147161,0.014244011747540654,0.006624287147951097,0.005985011017562612,0.000142173428062551,0.9206307089311135,0.934853681193072,0.024303520161678985,0.014222972261993401,0.006615068485003783,0.0059757728688679635,0.00014194237226653372
1.355,0.9200965134025262,0.9344165798720886,0.02447844273246647,0.014320066469593086,0.006657641136359901,0.00601844744716682,0.0001429972870224649,0.9202129952919603,0.9345121441965994,0.024440723656798672,0.01429914890467392,0.006648481987574694,0.006009257672590657,0.00014276744982240027
1.36,0.9196775651082023,0.9340740065329354,0.024616109791814965,0.014396441424763535,0.006691113106204729,0.006052043418945611,0.00014382531578526568,0.919793391579459,0.934169036917608,0.024578587003927583,0.01437564533818346,0.006682013235652402,0.006042901847123585,0.00014359669032984845
1.365,0.9192567212713645,0.933729858253248,0.02475443922320486,0.01447313698191387,0.006724702926793011,0.006085799388869474,0.00014465753036123962,0.9193718946920759,0.9338243566242184,0.02471711205839411,0.014452461932176856,0.006715662098846259,0.006076705848833683,0.00014443010990460576
1.37,0.9188339788777795,0.9333841323694799,0.024893432862020518,0.014550153491730675,0.00675841045661945,0.006119715809171683,0.00014549394669084552,0.9189485016109096,0.9334781006489982,0.02485630065720366,0.014529599038122811,0.006749428435949057,0.006110670130347041,0.00014526772458837682
1.375,0.918409334848313,0.9330368261657418,0.025033092560677418,0.014627491317458961,0.006792235561353274,0.006153793136683554,0.00014633458077575092,0.9185232092521168,0.9331302662721387,0.024996154654405266,0.014607057020055847,0.006783312112931351,0.0061447951488900095,0.00014610955048610048
1.3800000000000001,0.9179827863363452,0.9326879371078671,0.025173420119395776,0.014705150771551927,0.006826178076525798,0.006188031817395488,0.00014717944841928675,0.9180960147645333,0.9327808509556886,0.025136675851799184,0.014684836191189213,0.006817312965615406,0.006179081350838217,0.0001469556034934287
1.385,0.9175543305231568,0.9323374626835492,0.02531441733205288,0.014783132160422282,0.006860237834092893,0.006222432295941902,0.00014802856540080148,0.9176669153249143,0.9324298521835728,0.025277866044836363,0.014762936858692132,0.006851430826246774,0.006213529181210131,0.000147805899480726
1.3900000000000001,0.9171239645900284,0.9319854003804815,0.025456085992526026,0.014861435790482758,0.00689441466601044,0.006256995016957219,0.00014888194749964373,0.9172359081100154,0.9320772674397158,0.025419727028967765,0.01484135932973384,0.006885665527071012,0.006248139085024226,0.00014866045431835697
1.395,0.916691685774845,0.9316317477307166,0.025598427881545382,0.014940061955901033,0.006928708397129807,0.00629172042233718,0.00014973961044517653,0.9168029903532325,0.9317230942524312,0.025562260586485214,0.014920103899231995,0.006920016893226944,0.006282911504558127,0.00014951928382449012
1.4000000000000001,0.9162574912848089,0.9312765022409636,0.025741444788939447,0.015019010956184076,0.006963118855179715,0.0063266089566931406,0.0001506015699993191,0.916368159257265,0.931367330124678,0.025705468508783073,0.014999170867446177,0.006954484752732095,0.006317846884805704,0.0001503824038501657
1.405,0.9158213784997167,0.9309196615525187,0.025885138465395804,0.015098283052831347,0.006997645845740037,0.0063616610569744965,0.00015146784177383848,0.9159314121975154,0.9310099726940912,0.025849352548077815,0.015078560496608842,0.006989068911448906,0.006352945663092225,0.00015124983008953444
1.41,0.9153833448988585,0.9305612233847772,0.026029510638283238,0.01517787848594787,0.007032289162002958,0.006396877155205485,0.00015233844129198718,0.9154927466489416,0.9306510196764556,0.025993914433246407,0.015158273027546774,0.007023769162848299,0.006388208271814089,0.00015212157814452744
1.415,0.9149433879615246,0.9302011854571343,0.02617456303497053,0.015257797495638659,0.007067048597160663,0.006432257683410343,0.00015321338407701783,0.9150521600865018,0.930290468787556,0.026139155893165823,0.01523830870108675,0.007058585300401199,0.0064236351433676975,0.00015299766361707575
1.42,0.9145015051915328,0.9298395455082731,0.026320297376915592,0.015338040316769348,0.00710192394143597,0.006467803072374445,0.00015409268562956613,0.914609650009695,0.9299283177624763,0.026285078650797468,0.015318667752813668,0.0070935171146083555,0.006459226708909769,0.00015387810208574617
1.425,0.9140576941390146,0.9294763013125128,0.02646671537560379,0.015418607173527102,0.007136914978867207,0.0065035137512768505,0.00015497636141134313,0.9141652139643641,0.9295645643719606,0.026431684419119875,0.01539935040762867,0.007128564389784582,0.006494983397988779,0.00015476290908827254
1.43,0.913611952387037,0.9291114506686975,0.026613818736571523,0.015499498281689368,0.0071720214885191555,0.006539390148969656,0.00015586442685945896,0.9137188495293078,0.9291992064112953,0.026578974905154498,0.015480356882019552,0.0071637269052706514,0.006530905639824735,0.00015565210013630766
1.435,0.9131642777330501,0.9287449915442001,0.02676160911374659,0.015580713811178724,0.007207243223468021,0.006575432683552777,0.00015675689721330726,0.9132705544978263,0.9288322418443923,0.026726951764273397,0.015561687346597698,0.007199004414411926,0.006566993852878346,0.00015654569053736572
1.44,0.9127146679745044,0.9283769219063936,0.026910088161056767,0.01566225393191773,0.007242579936790006,0.006611641773126121,0.00015765378771228147,0.9128203266632205,0.9284636686351634,0.026875616651848618,0.015643341971974478,0.007234396670553761,0.006603248455610318,0.00015744369559896079
1.445,0.9122631209088503,0.9280072397226509,0.02705925753242986,0.01574411881382897,0.007278031381561317,0.006648017835789603,0.0001585551135957752,0.9123681638187906,0.9280934847475204,0.027024971223252224,0.015725320928761274,0.007269903427041515,0.006639669866481361,0.000158346130628607
1.45,0.9118096344397763,0.9276359430437204,0.02720911885598023,0.015826308603972335,0.007313597298121834,0.006684561284468161,0.00015946089000309205,0.9119140638641293,0.9277216882287949,0.027175017108023652,0.015807624364696956,0.007305524424481375,0.006676258498773876,0.00015925301083093417
1.455,0.9113542063878766,0.9272630298532691,0.027359673782733813,0.015908823465420753,0.007349277435453844,0.0067212725379015275,0.00016037113216099802,0.9114580246156982,0.9273482770592074,0.027325755958625922,0.015890252443540313,0.007341259412124719,0.006713014771586908,0.0001601643514994444
1.46,0.9108968348641862,0.9268884983634692,0.027510923892197548,0.015991663499311113,0.007385071508157084,0.006758152000201642,0.00016128585501865727,0.9110000441805423,0.9269732494475994,0.027477189355952253,0.015973205267088196,0.00737710810483292,0.006749939089383085,0.00016108016764298372
1.465,0.9104375180046208,0.9265123468061035,0.027662870757703677,0.016074828801510597,0.007420979227910041,0.006795200074191243,0.00016220507350131946,0.9105401206905984,0.9265966036224331,0.027629318874716875,0.016056482931865533,0.007413070214545435,0.006787031855335103,0.00016200047424588156
1.47,0.9099762539450962,0.9261345734129549,0.02781551595258442,0.016158319467886376,0.007457000306391195,0.006832417162693057,0.00016312880253423407,0.9100782522778043,0.9262183378121708,0.027782146089633995,0.01614008553439723,0.007449145453201711,0.006824293472615651,0.00016292528629246715
1.475,0.9095130408819232,0.9257551764633426,0.027968861035024176,0.016242135581447128,0.007493134448278486,0.006869803665478112,0.00016405705698314447,0.9096144371345187,0.9258384502928331,0.027935672560260093,0.01622401315834478,0.007485333525739371,0.006861724341344056,0.0001638546187063067
1.48,0.9090478770045282,0.9253741542298034,0.028122907566890665,0.016326277225302922,0.007529381358115794,0.00690735998393847,0.0001649898517278644,0.9091486734462183,0.9254569393336591,0.028089899849833858,0.016308265887471075,0.007521634136962537,0.006899324863260265,0.00016478848642467592
1.485,0.9085807607067639,0.924991505145471,0.028277657059139392,0.016410744438734658,0.007565740716555924,0.006945086509468353,0.00016592720144746267,0.9086809596028943,0.9250738033645578,0.02824482947064828,0.016392843761693598,0.007558046967780333,0.006937095430100807,0.00016572690417994749
1.49,0.9081116904676326,0.9246072277106779,0.02843311100109938,0.0164955372430726,0.007602212194505968,0.006982983629001422,0.00016686912073598554,0.9082112940797249,0.9246890408826673,0.028400462913356326,0.016477746802972464,0.007594571689354365,0.006975036429139424,0.0001666698866178028
1.495,0.907640664766137,0.9242213204257569,0.02858927088209969,0.016580655659647038,0.007638795462873029,0.007021051729471338,0.00016781562418747935,0.9077396753518877,0.9243026503851257,0.02855680166861099,0.016562975033267806,0.007631207972846241,0.00701314824764986,0.00016761744838392342
1.5,0.9071676821486597,0.9238337818441748,0.02874613817416106,0.016666099695542235,0.007675490184961245,0.007059291194331242,0.00016876672632704047,0.9072661019619679,0.9239146304222271,0.0287138472097468,0.016648528460288844,0.007667955481813469,0.007051431269423684,0.00016856960405388556
1.5050000000000001,0.9066927411349474,0.9234446104970925,0.02890371435798997,0.01675186936217216,0.007712296026212446,0.007097702409617627,0.0001697224417144501,0.9067905724259077,0.9235249795219541,0.028871601018785865,0.016734407096075963,0.007704813881952157,0.007089885880835869,0.00016952636823800113
1.51,0.9062158404792465,0.9230538051002899,0.029062000854350657,0.016837964621070355,0.007749212625449246,0.007136285749579967,0.00017068278466985805,0.9063130854942396,0.9231336963969828,0.029030064517772756,0.01682061090277262,0.007741782812335706,0.007128512456468649,0.00017048775530303535
1.5150000000000001,0.9057369790112956,0.9226613644292062,0.02922099906441375,0.016924385417937508,0.007786239613067802,0.007175041584456526,0.0001716477694352199,0.9058336399930174,0.9227407798196723,0.02918923910914736,0.016907139826684073,0.007778861903609791,0.007167311366891282,0.00017145377953633526
1.52,0.9052561555608332,0.9222672872592808,0.02938071038934986,0.017011131698474277,0.007823376619464261,0.007213970284485562,0.00017261741025249104,0.9053522347482947,0.9223462285623812,0.029349126195349528,0.016993993814115548,0.007816050786420078,0.007206282982673017,0.0001724244552252478
1.5250000000000001,0.9047733690348209,0.9218715724269232,0.029541136210083398,0.01709820339212895,0.007860623266530403,0.007253072215864734,0.00017359172128173653,0.9048688686633758,0.9219500414584618,0.029509727158562152,0.01708117279511492,0.00785334908290688,0.0072454276703408,0.00017339979657412746
1.53,0.9042886183069234,0.9214742187408669,0.02970227791819374,0.01718560043396994,0.007897979178930032,0.007292347747813522,0.00017457071672663337,0.9043835406082593,0.9215522173135826,0.02967104339162545,0.017168676705351965,0.007890756417983534,0.007284745799443472,0.00017437981783105627
1.5350000000000001,0.9038019025107796,0.9210752252149909,0.029864136837105263,0.01727332270423754,0.007935443952673682,0.00733179723610121,0.00017555441051425686,0.9038962497130075,0.9211527551386312,0.029833076219188705,0.017256505425652144,0.007928272387907222,0.007324237726074046,0.00017536453296394705
1.54,0.9033132208443656,0.9206745909140984,0.030026714273178157,0.01736137006975907,0.00797301717677521,0.007371421033019207,0.00017654281650249085,0.9034069951720415,0.920751653995437,0.029995826948828314,0.01734465882342391,0.007965896581937634,0.0073639038028463204,0.00017635395587065785
1.545,0.9028225725056571,0.9202723149029929,0.030190011532772634,0.01744974239736186,0.00801069844024848,0.0074112194908589266,0.00017753594854921933,0.902915776179782,0.9203489129458295,0.0301592968881207,0.01743313676607573,0.008003628589334465,0.007403744382374098,0.0001773481004490469
1.55,0.9023299567805061,0.9198683963159411,0.030354029898752313,0.01753843953546098,0.00804848732266255,0.007451192957255531,0.00017853382041577224,0.9024225920185538,0.9199445311211245,0.03032348732113435,0.017521939102598808,0.008041467989911833,0.007443759812613179,0.00017834698049937108
1.555,0.9018353729150718,0.9194628342543707,0.030518770666579396,0.017627461339324756,0.008086383406942831,0.007491341783288396,0.00017953644591623113,0.9019274419309794,0.9195385076197911,0.030488399544539056,0.01761106568883957,0.008079414366841236,0.007483950444963652,0.000179350609874796
1.56,0.901338820439959,0.919055628044639,0.03068423505536846,0.017716807604705627,0.008124386245556024,0.007531666304937857,0.00018054383854981124,0.901430325444213,0.9191308417652982,0.03065403477862089,0.017700516321112997,0.00811746727283333,0.0075243166157211066,0.0001803590021103975
1.565,0.9008402989387343,0.9186467770550871,0.030850424269893175,0.017806478116378404,0.008162495385356955,0.0075721668552737945,0.00018155601175660733,0.9009312421383859,0.9187215329231118,0.03082039422931843,0.017790290784753502,0.008155626254986411,0.007564858658269697,0.00018137217068154053
1.57,0.9003398079949636,0.918236280654056,0.031017339514927245,0.0178964726591179,0.008200710373200453,0.007612843767366094,0.00018257297897671432,0.9004301915936296,0.9183105804586976,0.030987479102570277,0.01788038886509551,0.008193890860398784,0.007605576905993586,0.00018239012906359027
1.575,0.899837347291649,0.9178241382885797,0.031184981968145984,0.0179867909969561,0.008239030745513368,0.007653697368949565,0.00018359475353705435,0.8999271734895383,0.9178979838162367,0.031155290577204783,0.017970810326725654,0.008232260625740262,0.0076464716869400805,0.0001834128906177462
1.58,0.8993329164658082,0.9174103493677732,0.031353352821776675,0.018077432901990303,0.008277456042633805,0.007694727991615942,0.0001846213488268023,0.8994221874597128,0.9174837424019836,0.031323829846605235,0.018061554942297997,0.008270735091592948,0.007687543333013457,0.00018444046876764437
1.585,0.8988265154622807,0.916994913544644,0.03152245318357199,0.01816839808238846,0.008315985772863436,0.007735935950232054,0.00018565277788089166,0.8989152334456566,0.917067855866152,0.031493098019644485,0.018152622420522544,0.008309313766501214,0.007728792159387878,0.00018547287657978562
1.59,0.8983181442673507,0.916577830505102,0.03169228414983666,0.018259686237776317,0.008354619440225168,0.00777732155735076,0.00018668905368625396,0.898406311430329,0.9166503238918672,0.031663096193742676,0.018244012461565096,0.00834799615473043,0.007770218478922867,0.00018651012707228352
1.595,0.8978078028673028,0.9161590999350575,0.03186284681687536,0.018351297067779604,0.0083933565487419,0.007818885125524916,0.00018773018922982045,0.8978954213966897,0.9162311461622543,0.03183382546631992,0.01833572476559143,0.008386781760545955,0.00781182260447794,0.00018755223326325144
1.6,0.8972954913604261,0.9157387216091636,0.03203414224989768,0.01844323024876225,0.008432196590979237,0.007860626961221348,0.00018877619736651187,0.8973825634397296,0.9158103224492036,0.03200528690368885,0.01842775900950071,0.008425670076755678,0.00785360484282478,0.00018859920803785204
1.605,0.8967812097926361,0.9153166952589988,0.03220617153067936,0.018535485466387436,0.008471139063963318,0.00790254737517741,0.00018982709102358987,0.8968677376020564,0.9153878524815234,0.032177481588731446,0.018520114879493517,0.008464660600629016,0.007895565505005612,0.00018965106435379065
1.61,0.8962649585398971,0.9148930208781301,0.032378935648495484,0.01862806233825763,0.008510183431327943,0.007944646659807729,0.00019088288273374333,0.8963509442564024,0.9149637362500721,0.03235041051179379,0.0186127919936961,0.008503752796042666,0.00793770488373504,0.00019070781477161427
1.615,0.8957467380080325,0.9144676984838632,0.03255243558421351,0.01872096047585511,0.0085493291537038,0.007986925105833863,0.00019194358499379505,0.8958321838053657,0.9145379737694528,0.032524074654811205,0.018705789964113286,0.00854294612387013,0.007980023270034168,0.0001917694718157716
1.62,0.8952265486028661,0.914040728093504,0.03272667231870094,0.018814179490662185,0.008588575691721577,0.008029383003977375,0.00019300921030056807,0.8953114566515448,0.9141105650542686,0.032698474999719056,0.018799108402749915,0.008582240044984918,0.008022520954924103,0.00019283604801071156
1.625,0.8947043908458804,0.9136121098160351,0.032901646800199906,0.018907718970178886,0.008627922494448406,0.00807202063865376,0.00019407977101019777,0.8947887633132208,0.9136815102108191,0.032873612495815406,0.0188927468976243,0.008621634008697221,0.008065198223118193,0.00019390755573936918
1.6300000000000001,0.8941802652342927,0.9131818437397482,0.03307735998560029,0.01900157850547948,0.008667369012593783,0.008114838296909387,0.00019515527951834697,0.8942641042844074,0.9132508093247115,0.033049488101046194,0.018986705040329958,0.008661127465960487,0.008108055361960213,0.0001949840074241999
1.635,0.8936541725825972,0.9127499302051977,0.03325381274110824,0.019095757622624505,0.008706914665641,0.00815783624784766,0.00019623574782723775,0.893737480376457,0.9128184627338668,0.03322610268264253,0.019080982357435487,0.008700719836502502,0.008151092640846859,0.00019606541509213272
1.6400000000000001,0.8931261137213302,0.9123163695657076,0.03343100592833112,0.019190255844401313,0.008746558871500668,0.008201014759651147,0.00019732118791913978,0.8932088924167679,0.9123844707889781,0.03340345710323521,0.019175578372235744,0.00874041053847839,0.00819431032825379,0.00019715179075003905
1.645,0.8925960895064643,0.9118811621948688,0.03360894040146631,0.019285072688428263,0.008786301045649444,0.00824437409902639,0.0001984116117436629,0.8926783412581789,0.9119488338610093,0.033581552218042716,0.019270492602855804,0.0087801989876094,0.008237708691180356,0.00019824314637198722
1.6500000000000001,0.8920641008559413,0.9114443085150082,0.033787616997505314,0.019380207659090497,0.008826140597278369,0.00828791452963848,0.0001995070311761472,0.8921458278155102,0.9115115523696705,0.03376038886507099,0.019365724554185542,0.008820084593331714,0.008281287993583361,0.00019933949385733739
1.655,0.8915301487859084,0.9110058090255445,0.03396703652612243,0.01947566023965956,0.008866076925628602,0.008331636310498883,0.00020060745797321095,0.8916113531018047,0.9110726268117781,0.03393996785499812,0.019461273709998554,0.008860066755132913,0.008325048494764262,0.00020044084498607866
1.6600000000000001,0.8909942345590365,0.9105656644222617,0.03414719972516464,0.019571429863248606,0.008906109406352026,0.008375539686382718,0.00020171290357460278,0.891074918376671,0.9106320578805487,0.0341202899266528,0.01955713950390271,0.008900144848912309,0.0083689904397854,0.0002015472112199602
1.665,0.8904563594379963,0.9101238754009439,0.03432810733247889,0.019667515962970783,0.008946237415100516,0.008419624902065083,0.00020282337942007105,0.8905365248997175,0.9101898462691984,0.03430135581886368,0.01965332136950585,0.008940318250569214,0.008413114073709108,0.0002026586040207309
1.67,0.8899165247451633,0.909680442704974,0.034509760068268114,0.01976391795983374,0.00898646032194132,0.008463892198836734,0.00020393889687042772,0.8899961739902656,0.9097459927185498,0.034483166252810414,0.019749818728308808,0.008980586330418682,0.008457419638112763,0.00020377503477091174
1.675,0.8893747318058287,0.9092353670790683,0.034692158653112,0.019860635273262567,0.009026777496159448,0.008508341818675484,0.00020505946729077715,0.8894538669705558,0.9093004979707611,0.034665721950047405,0.01984663100022979,0.009020948457994159,0.008501907375260142,0.00020489651485719183
1.68,0.888830982188939,0.9087886494615358,0.03487530373614474,0.01995766727261972,0.009067188284012411,0.0085529739899522,0.00020618510172715733,0.8889096054065176,0.9088533629616119,0.034849023560662315,0.019943757555118638,0.009061403979803892,0.008546577513805286,0.0002060230553459873
1.685,0.8882852776034431,0.9083402909023951,0.035059195924948966,0.02005501329897476,0.009107692018733722,0.008597788932795718,0.0002073158110391984,0.8883633910041039,0.9084045887386084,0.03503307169317978,0.02004119773452885,0.00910195222933302,0.008591430274158865,0.00020715466711664613
1.69,0.8877376197582905,0.9078902924516651,0.03524383582710727,0.020152672693397232,0.009148288033556886,0.008642786867334867,0.00020845160608653037,0.887815225469267,0.9079541763492569,0.03521786695612444,0.02013895088001391,0.009142592540066672,0.00863646587673154,0.00020829136104851624
1.695,0.8871880104570984,0.9074386552348501,0.035429224021859676,0.020250644777774267,0.00918897565305194,0.008687968008167443,0.00020959249760019996,0.8872651106026398,0.9075021269165588,0.0354034099296709,0.020237016313942945,0.00918332423682739,0.008681684536402055,0.00020943314789195766
1.7,0.886636451480919,0.9069853803581889,0.035615361096689134,0.020348928877292418,0.009229754203259229,0.00873333257230613,0.0002107384963522995,0.8867130481822886,0.9070484415442499,0.03558970120223626,0.020335393361985147,0.009224146645908742,0.008727086470463418,0.00021058003843835976
1.705,0.8860829449375979,0.9065304691885814,0.03580224754082857,0.020447524251005877,0.009270622980477636,0.008778880757641026,0.00021188961266769467,0.8861590403131112,0.9065931215967586,0.0357767412639624,0.02043408128367116,0.009265059063866174,0.008772671877083135,0.00021173204303054645
1.71,0.8855274929959278,0.9060739231416358,0.03598988382510116,0.02054643014573025,0.009311581275493688,0.008824612758410432,0.00021304585678727983,0.8856030891609596,0.9061361684872279,0.03596453058657695,0.020533079326291826,0.009306060781743297,0.008818440950776415,0.00021288917192712503
1.715,0.8849700978247014,0.9056157436329604,0.03617827042033011,0.02064564580828116,0.009352628379093914,0.008870528768852661,0.0002142072389519495,0.885045196891686,0.9056775836288006,0.03615306964180755,0.020632386737138003,0.009347151090583728,0.008864393886058477,0.00021405143538670302
1.72,0.8844107617320541,0.9051559321892771,0.03636740775507864,0.020745170457245013,0.009393763569599888,0.008916628975063323,0.0002153737692083059,0.8844853658104994,0.9052173685457452,0.03634235885911161,0.020732002735269175,0.009388329268967845,0.008910530869300602,0.00021521884347307216
1.725,0.8838494869872183,0.9046944903049174,0.036557296271167695,0.020845003317721007,0.00943498612825295,0.008962913566585094,0.00021654545766817802,0.8839235981837027,0.904755524729938,0.03653239868120471,0.02083192654625864,0.009429594598396478,0.008956852090320573,0.00021639140631530185
1.73,0.8832862762282679,0.9042314197691762,0.03674793629726418,0.020945143540930095,0.009476295303807001,0.009009382710730028,0.00021772231391912873,0.8833598966464749,0.9042920539682477,0.03672318943762304,0.020932157321796034,0.009470946327887295,0.009003357716702921,0.00021756913351691704
1.735,0.8827211320967437,0.903766722374123,0.036939328160970536,0.02104559027740098,0.009517690344711005,0.00905603657459934,0.00021890434754378665,0.8827942638374617,0.9038269580503174,0.036914731456838074,0.02103269421287872,0.009512383706153055,0.009050047915821313,0.00021875203467649652
1.74,0.8821540572737215,0.9033003999435005,0.03713147217756274,0.021146342669800644,0.009559170496028556,0.009102875322862037,0.00022009156806676139,0.8822267024348472,0.9033602387974662,0.037107025054992415,0.02113353636264189,0.009553905978521673,0.00909692285261698,0.0002199401193344809
1.745,0.8815850544858248,0.9028324543368308,0.03732436864897479,0.02124739985102747,0.009600734998601203,0.009149899117971188,0.00022128398495286226,0.8816572151623676,0.9028918980667966,0.03730007053488245,0.02123468290445173,0.009595512386100086,0.009143982689814424,0.00022113339697131648
1.75,0.8810141266231759,0.9023628875436339,0.03751801782699559,0.021348760920479364,0.009642383078977452,0.009197108113173195,0.00022248160743391102,0.8810858049072696,0.9024219378454197,0.037493868149147624,0.02133613293817274,0.009637202155705382,0.009191227580929863,0.00022233187683392446
1.7550000000000001,0.8804412768122246,0.9018917017427652,0.037712419889606705,0.021450424930561977,0.009684113943521854,0.009244502447185898,0.00022368444439394128,0.8805124747931437,0.9019503603097959,0.03768841807660544,0.021437885516674773,0.00967897449397387,0.009238657664949605,0.00022353556782073734
1.76,0.8798665081794206,0.9014188991130803,0.03790757501478965,0.02155239093368094,0.009725926798598955,0.009292082258727132,0.00022489250471698658,0.8799372279435804,0.9014771676363856,0.03788372049607337,0.02153993969282765,0.009720828607541851,0.009286273080859948,0.00022474447883018733
1.7650000000000001,0.8792898239233755,0.9009444818912711,0.03810348335771745,0.021654657967916695,0.009767820844555356,0.009339847682053173,0.0002261057971782622,0.879360067554336,0.9010023620594894,0.03807977556355624,0.021642294505175554,0.009762763697028798,0.009334073963185252,0.00022595861865169675
1.77,0.8787112272483942,0.9004684523175872,0.03830014507286132,0.02175722506921405,0.009809795280875054,0.009387798851891178,0.00022732433055422177,0.8787809968268617,0.9005259458169669,0.038276583434354784,0.02174494899012725,0.00980477896219251,0.00938206044691996,0.00022717799607584638
1.7750000000000001,0.8781307216518324,0.8999908128668072,0.03849756022209366,0.021860091214995724,0.009851849282615725,0.009435935885172124,0.0002285481131800904,0.8782000192556734,0.9000479213812195,0.03847414417115355,0.021847902125568107,0.009846873578369657,0.009430232649260557,0.00022840261945121341
1.78,0.877548310750122,0.8995115661092681,0.03869572882945089,0.021963255359166992,0.00989398201497929,0.009484258891373247,0.00022977715320983216,0.8776171384543687,0.8995682913202122,0.038672457798794524,0.021951152865865322,0.009889046711042978,0.009478590679949252,0.00022963249694481008
1.7850000000000001,0.8769639981596945,0.8990307146153069,0.038894650918969466,0.022066716455633132,0.009936192643167675,0.009532767979971787,0.00023101145879741126,0.8770323580365454,0.8990870582019098,0.03887152434211975,0.022054700165386118,0.009931297525695217,0.009527134648728263,0.0002308676367236488
1.79,0.8763777876214316,0.8985482610550041,0.03909432647486549,0.02217047343359314,0.009978480322266637,0.009581463252744825,0.00023225103790462076,0.8764456817402551,0.8986042246940246,0.03907134378614415,0.022158542953791174,0.009973625177695233,0.009575864657639,0.00023210804676227417
1.795,0.8757896828562464,0.8980642080812571,0.03929475548885238,0.02227452522503122,0.010020844208628317,0.009630344813664348,0.000233495898535276,0.8758571132835813,0.8981197934470866,0.03927191612337876,0.022262680163526973,0.010016028823679074,0.009624780810916939,0.00023335373507724088
1.8,0.8751996879546197,0.8975785586437356,0.039495937833402446,0.02237887068913631,0.010063283428932169,0.009679412743410085,0.00023474604811372628,0.875266656754185,0.8976337674084077,0.03947324122707478,0.022367110654244286,0.01005850759061676,0.009673883189503841,0.00023460470910481208
1.805,0.8746078070288923,0.8970913157096794,0.03969787337392878,0.022483508680807403,0.010105797108103434,0.009728667121270214,0.0002360014940299602,0.8746743162615881,0.8971461495428705,0.03967531896342312,0.0224718332813039,0.010101060603724473,0.009723171872949857,0.00023586097624684173
1.81,0.8740140442313158,0.8966024822784427,0.03990056196276536,0.02258843804714719,0.010148384367960067,0.00977810802396088,0.00023726224360937648,0.8740800959552233,0.8966569428474724,0.03987814918553381,0.02257684689227037,0.010143686985111863,0.009772646938232994,0.00023712254384051582
1.815,0.8734184037623217,0.8961120613875089,0.040104003437162895,0.0226936576252073,0.010191044326341962,0.009827735525592025,0.00023852830410682377,0.8734840000327052,0.8961661503573415,0.04008173173143015,0.02268215032465745,0.010186385852911956,0.009822308459724382,0.00023838941915234015
1.82,0.8728208900029778,0.8956200562188712,0.040308197575685635,0.022799166215913373,0.010233776086912135,0.009877549689318817,0.00023979968249160808,0.8728860328722857,0.8956737752521187,0.04028606638043927,0.022787742379853957,0.010229156311085391,0.009872156500839186,0.00023966160916289578
1.825,0.8722215075706022,0.8951264701446399,0.04051314407931973,0.022904962574057497,0.01027657873500714,0.009927550563068606,0.00024107638534952432,0.872286199088469,0.8951798209015639,0.04049115283429984,0.022893621813115734,0.010271997445270905,0.009922191109764158,0.000240939120468797
1.83,0.871620261082513,0.8946313065369249,0.04071884264905139,0.023011045454431778,0.01031945135596354,0.009977738194768762,0.0002423584192663676,0.8716845032957591,0.894684290675437,0.040696990794750545,0.022999787379698648,0.010314908341107227,0.009972412334686057,0.00024222195966665833
1.835,0.8710171552448703,0.8941345688393596,0.04092529295636218,0.02311741359450898,0.010362393028406034,0.010028112626583862,0.0002436457906804515,0.8710809501975016,0.8941871880150206,0.04090357993402186,0.02310623781753974,0.010357888077523117,0.010022820218028639,0.00024351013320545668
1.84,0.8704121947566378,0.8936362604888083,0.04113249467602577,0.023224065732190113,0.010405402831255267,0.01007867390189672,0.0002449385060531385,0.8704755444898467,0.8936885163548307,0.04111091992763452,0.023212971865004737,0.010400935733744125,0.010073414803433023,0.0002448036475571862
1.845,0.8698053846565437,0.8931363851955882,0.041340447369564354,0.023331000539064152,0.010448479817965095,0.010129422042139239,0.0002462365712793701,0.8698682912087047,0.8931882794028341,0.0413190103378439,0.023319988194149894,0.010444050363536695,0.010124196112588494,0.0002461025086268359
1.85,0.8691967300749386,0.8926349467438864,0.04154915056790169,0.02343821666896729,0.010491623035126992,0.010180357062720736,0.0002475399921002829,0.8692591954816077,0.8926864809408664,0.04152785069630343,0.023427285459279232,0.010487231013806792,0.010175164161161628,0.0002474067221654366
1.855,0.8685862361421733,0.8921319489178897,0.04175860380196151,0.023545712775735694,0.010534831529332428,0.01023147897905052,0.0002488487742570135,0.8686482624360876,0.892183124750764,0.04173744053466652,0.023534862314696755,0.010530476731460368,0.010226318964818985,0.0002487162939240187
1.86,0.8679739081384622,0.8916273956224663,0.04196880655221885,0.02365348748402329,0.01057810433621808,0.01028278779676864,0.00025016292323586846,0.8680354973495366,0.8916782147350422,0.04194777933413223,0.02364271738552577,0.01057378655245218,0.010277660529457463,0.00025003122939854525
1.865,0.8673597513176845,0.8911212907402325,0.04217975830872636,0.023761539422567136,0.010621440493223498,0.01033428352402362,0.00025148244457941796,0.8674209054730124,0.8911717547739655,0.0421588665854759,0.023750849300973223,0.010617159514540514,0.010329188863481486,0.0002513515341412459
1.87,0.8667437713281443,0.8906136384721859,0.042391458427603244,0.023869867144060627,0.010664839009344538,0.010385966142704125,0.0002528073431471181,0.866804492451986,0.8906637490661725,0.04237070164552621,0.02385925661420651,0.010660594627049012,0.010380903949035254,0.0002526772130206548
1.875,0.8661259738201911,0.8901044430209757,0.04260390626427463,0.023978469200803577,0.010708298893429186,0.010437835634562034,0.0002541376237948805,0.8661862639339735,0.890154201811953,0.042583283870417744,0.023967937877999473,0.010704090899153485,0.010432805768126188,0.0002540082709017589
1.8800000000000001,0.8655063644995002,0.8895937086339819,0.042817101155110074,0.024087344134500473,0.010751819150468099,0.010489891977601156,0.0002554732912799646,0.8655662256218146,0.8896431172563263,0.042796612597227945,0.024076891634531347,0.010747647336173734,0.010484894299013624,0.00025534471255082007
1.885,0.8648849490990954,0.8890814395800264,0.04303104242768,0.024196490480949674,0.010795398783406665,0.010542135148455114,0.00025681435032011055,0.8649443832456969,0.8891304996657532,0.04301068715423274,0.024186116420075995,0.010791262941385655,0.010537169518586036,0.0002566865426945179
1.8900000000000001,0.8642617336000366,0.8885676403279227,0.04324572932410824,0.024305906727904777,0.010839036778031608,0.01059456510736549,0.000258160805195214,0.8643207427838319,0.8886163535066789,0.04322550678425316,0.024295610722866606,0.010834936700913414,0.010589631387339201,0.0002580337656213492
1.895,0.8636367241776547,0.8880523155036238,0.043461161019397454,0.024415591325987744,0.010882732106667587,0.010647181801365637,0.00025951265983691676,0.8636953104086931,0.8881006834026811,0.04344107066298373,0.024405372994007437,0.010878667587423797,0.010642279852560716,0.0002593863852713075
1.9000000000000001,0.8630099270072807,0.8875354697330828,0.043677336688550374,0.024525542725820554,0.010926483741639275,0.01069998517748893,0.0002608699181768609,0.863068092292754,0.8875834939773374,0.043657377966119036,0.024515401684602763,0.010922454573583599,0.010695114861538187,0.0002607444055843866
1.905,0.862381348371869,0.8870171077293255,0.043894255468965956,0.024635759357474928,0.010970290648052796,0.010752975175408236,0.0002622325839498696,0.8624390947161048,0.887064789941294,0.043874427831747186,0.024625695225208473,0.010966296624843896,0.0107481363541987,0.0002621078303036335
1.9100000000000001,0.8617509945426421,0.8864972341949996,0.04411191650272527,0.024746239652375854,0.011014151791757562,0.010806151736219037,0.000263600660924445,0.8618083239471054,0.8865445759948205,0.044092219402636454,0.024736252047734254,0.011010192707399903,0.010801344271890941,0.0002634766632057571
1.915,0.8611188721638742,0.885975854134808,0.044330318800768154,0.024856981970952055,0.011058066113905512,0.010859514775350897,0.0002649741521801028,0.8611757866271422,0.8860228571402236,0.04431075169040497,0.024847070513100422,0.011054141762759373,0.010854738530297753,0.000264850907378053
1.92,0.8604849879398808,0.8854529726021152,0.04454946135293794,0.024967984662252554,0.011102032551655741,0.010913064204068785,0.00026635306068504547,0.8605414894576399,0.8854996384284695,0.044530023685573066,0.024958148970848627,0.011098142728438728,0.010908319040937453,0.00026623056579643645
1.925,0.859849348595425,0.8849285946668864,0.04476934314177713,0.025079246071479606,0.011146050040864422,0.010966799932193974,0.00026773738936835206,0.859905439160468,0.8849749249271234,0.044750034371359874,0.025069485766674164,0.011142194540652012,0.010962085713884701,0.0002676156413976785
1.93,0.8592119609548371,0.8844027254795261,0.04498996311466421,0.025190764524706977,0.011190117510973086,0.011020721862780783,0.0002691271409753844,0.8592676425570572,0.8844487217841847,0.04497078269581782,0.025181079227146127,0.011186296129201708,0.01101603845244693,0.0002690061369347189
1.935,0.8585728319286212,0.8838753702596819,0.04521132018830484,0.025302538331078518,0.011234233886109498,0.011074829893277892,0.0002705223180959346,0.8586281065550035,0.8839210342168914,0.04519226757632304,0.02529292766190642,0.011230446418580085,0.011070177154325136,0.0002704020550048212
1.94,0.857931968753323,0.883346534491684,0.045433413162754496,0.025414565738378764,0.011278398069749064,0.011129123898127579,0.0002719229226950423,0.8579868383879183,0.8833918677071444,0.04541448781359585,0.025405029319244567,0.011274644312635938,0.011124501694214457,0.00027180339758017244
1.945,0.8572893786654882,0.8828162236598628,0.04565624083806867,0.025526844994392273,0.011322608965367192,0.011183603751772131,0.000273328956737747,0.8573438452894127,0.8828612277368444,0.0456374422083566,0.025517382447450117,0.011318888715218073,0.011179011946810029,0.0002732101666329599
1.95,0.8566450689764576,0.8822844433093526,0.04587980198717688,0.025639374332912444,0.011366865471887883,0.011238269323292697,0.00027474042204186363,0.8566991345678859,0.882329119848691,0.04586112953419869,0.025629985280823286,0.011363178525626006,0.011233707781446006,0.0002746223639880787
1.955,0.8559990470040231,0.8817511989898846,0.046104095381077535,0.02575215198587906,0.011411166487865224,0.01129312048171333,0.00027615732042382746,0.8560527135381881,0.8817955495899813,0.046085548562782463,0.02574283605181142,0.01140751264279044,0.011288589067398594,0.0002760399914690176
1.96,0.8553513203795866,0.8812164965059639,0.04632911967644074,0.02586517612639471,0.011455510893138711,0.011348157073677985,0.00027757965308275424,0.8554045898287482,0.8812605227627632,0.04631069795143513,0.025855932934033064,0.011451889946937185,0.011343655651564127,0.0002774630502816622
1.965,0.8547018968738057,0.8806803417753982,0.04655487347923027,0.025978444901609797,0.011499897559144061,0.011403378935786614,0.0002790074209413449,0.8547547712072368,0.8807240452823768,0.046536576306775976,0.025969274075157978,0.011496309309892209,0.0113989073707953,0.0002788915413553628
1.97,0.8540507842573378,0.8801427407159953,0.04678135539540987,0.026091956458674705,0.011544325357316981,0.011458785904639163,0.0002804406249223004,0.8541032654413244,0.8801861230641624,0.04676318223542425,0.026082857622855903,0.011540769603481467,0.011454344061944798,0.00028032546561946936
1.975,0.8533979904324906,0.8796036993527119,0.04700856398240934,0.026205708920238425,0.01158879315150111,0.011514377807257158,0.00028187926568224727,0.8534500804303173,0.8796467621305986,0.0469905142954639,0.026196681700298954,0.011585269691942913,0.0115099655522871,0.00028176482373715015
1.98,0.8527435232843212,0.8790632236957626,0.04723649780410851,0.026319700411458497,0.011633299806777818,0.011570154472314638,0.0002833233439253421,0.8527952240562732,0.8791059684894238,0.04721857105142679,0.026310744433168276,0.011629808440752988,0.011565771670748057,0.0002832096164190957
1.985,0.8520873910920118,0.8785213200766182,0.0474651552780815,0.02643392898462328,0.011677844165840215,0.011626115699506539,0.0002847728595469978,0.8521387045953289,0.8785637484695985,0.04744735092153618,0.026425043874287187,0.011674384693011864,0.011621762217275521,0.0002846598435669493
1.99,0.8514296021607881,0.8779779948479849,0.04769453481225495,0.02654839268721363,0.011722425069888017,0.011682261286609295,0.00028622781238912777,0.8514805303496619,0.8780201084213166,0.04767685231436771,0.026539578071672214,0.011718997290327085,0.01167793698989893,0.0002861155050288347
1.995,0.8507701648386952,0.8774332543975516,0.04792463479842208,0.026663089558873372,0.011767041357799645,0.011738591028182262,0.00028768820220280433,0.8508207096642633,0.8774750547297501,0.04790707362236352,0.026654345065504195,0.01176364507198621,0.01173429578343082,0.00028757660056200534
2.0,0.8501090875243783,0.8768871051539443,0.04815545360957869,0.026778017629582745,0.011811691865752712,0.011795104715198772,0.0002891540286409523,0.8501592509347191,0.8769285938210042,0.04813801321916694,0.026769342886302363,0.011808326874578142,0.011790838389097273,0.0002890431298255201
2.005,0.8494463788063891,0.8763395537005654,0.04838698954662551,0.026893174894193024,0.011856375420107118,0.011851802124520578,0.00029062529096005296,0.8494961627464952,0.876380732275942,0.04836966940632432,0.026884569529463952,0.01185304152488106,0.01184756458401268,0.0002905150920818534
2.0100000000000002,0.8487820475261594,0.8757906068274772,0.04861924081488026,0.02700855930133445,0.011901090833652213,0.011908683013962548,0.00029210198787799204,0.8488314539379049,0.8758314768820611,0.04860204038979869,0.027000022944173176,0.011897787836110448,0.011904474126245547,0.00029199248605471463
2.015,0.8481161025251214,0.875240271324742,0.04885220561966062,0.027124168799637225,0.011945836919177333,0.011965747141339536,0.0002935841181126549,0.8481651333472618,0.8752808344268591,0.048835124375553055,0.02711570107961422,0.01194256462148178,0.011961566773864363,0.00029347531046781277
2.02,0.8474485527347395,0.8746885540561105,0.0490858821317538,0.02724000132138733,0.011990612484903048,0.012022994257565504,0.00029507168018503985,0.8474972099028989,0.8747288117715122,0.049068919535020135,0.027231601868630183,0.011987370689644686,0.012018842278037073,0.0002949635638479144
2.025,0.8467794070806665,0.8741354618800636,0.049320268524218655,0.0273560547994136,0.012035416339600036,0.012080424114221224,0.000296564672641907,0.8468276925273379,0.8741754157719287,0.04930342404190226,0.027347723244607654,0.012032204849799766,0.012076300390597419,0.00029645724474753514
2.0300000000000002,0.8461086748348111,0.8735810019386011,0.04955536283630662,0.027472327103806184,0.01208024727498358,0.012138036436217187,0.0002980630932683166,0.8461565904893058,0.8736206535674963,0.049538635936094935,0.02746406307820732,0.012077065894104028,0.012133940836709994,0.0002979563509572813
2.035,0.8454363653739793,0.8730251814596648,0.049791163066875026,0.02758881608570181,0.012125104077491311,0.012195830940372956,0.0002995669396174415,0.8454839131624101,0.8730645323835335,0.04977455321710003,0.02758061922114009,0.012121952609440179,0.012191763333448983,0.00029946088003581054
2.04,0.8447624880749759,0.8724680076711969,0.05002766721478126,0.027705519596237235,0.012169985533560876,0.012253807343508116,0.00030107620924245485,0.8448096699202585,0.8725070594453589,0.05001117388441949,0.027697389525116918,0.012166863782690936,0.01224976759788858,0.0003009708295417809
2.045,0.8440870524589806,0.8719094879195428,0.050264873222422006,0.027822435460578162,0.012214890422872151,0.012311965351120936,0.0003025908993711494,0.8441338702808097,0.8719482420966764,0.050248495881095284,0.027814371815883362,0.012211798193986278,0.012307953335782175,0.00030248619670838984
2.05,0.8434100680215846,0.8713496295296356,0.05050277904174689,0.027939561508066958,0.012259817526847119,0.012370304670810612,0.0003041110073020344,0.8434565237364372,0.8713880876597826,0.050486517159719996,0.027931563923361834,0.01225675462519871,0.01236632025498281,0.00030400697883955027
2.055,0.8427315446578812,0.8707884401545638,0.05074138246747716,0.028056895496698393,0.012304765608482463,0.012428824978567432,0.00030563652941733216,0.842777640178952,0.8708266037850785,0.05072523551566145,0.028048963606142792,0.01230173183978899,0.012424868031736636,0.0003055331723226817
2.06,0.8420514922758157,0.8702259274579718,0.05098068128929218,0.02817443518217195,0.012349733430172802,0.012487525949366675,0.00030716746206979807,0.8420972295130137,0.8702637981335193,0.0509646487392457,0.028166568620521876,0.012346728600616228,0.012483596341274869,0.0003070647735157305
2.065,0.8413699208284404,0.869662099140648,0.051220673278833735,0.028292178312223176,0.01239471975236645,0.012546407254533645,0.0003087038015050685,0.841415301688382,0.8696996784031985,0.051204754602761894,0.028284376714832686,0.01239174366859478,0.01254250485517902,0.0003086017786695035
2.07,0.8406868403145459,0.8690969629407647,0.05146135618950503,0.02841012262623434,0.01243972333371192,0.012605468561762648,0.00031024554387052447,0.8407318667005462,0.8691342523295881,0.05144555086025997,0.028402385629057964,0.012436775802841388,0.012601593241399207,0.0003101441839365218
2.075,0.8400022609331572,0.8685305267612892,0.05170272769358148,0.02852826582814748,0.012484742924960051,0.012664709522414217,0.0003117926848432059,0.8400469347451938,0.8685675278129275,0.051687035184663555,0.028520593067749674,0.012481823754583083,0.01266086115155212,0.0003116919849988671
2.08,0.839316193117462,0.8679627986981007,0.051944785369345305,0.028646605580654134,0.01252977726691938,0.012724129768829683,0.0003133452195412844,0.839360516252132,0.8679995129463354,0.05192920515490665,0.028638996694219192,0.012526886265112704,0.012720308218236666,0.0003132451769796489
2.085,0.8386286473006477,0.8673937868470781,0.05218752679507876,0.028765139546445884,0.012574825100398462,0.01278372893335039,0.0003149031430829319,0.8386726216511685,0.8674302158229306,0.05217205834992334,0.028757594171777923,0.012571962075723099,0.012779934074051768,0.0003148037550019771
2.09,0.8379396340060804,0.8668234993785529,0.05243094951226273,0.02888386537248775,0.0126198851626916,0.012843506640824644,0.00031646645036488997,0.8379832614622715,0.8668596446102707,0.05241559231184796,0.028876383148014835,0.012617049924196114,0.012839738344103832,0.0003163677139674951
2.095,0.8372491637507259,0.8662519444573085,0.052675051064613405,0.02900278070659775,0.012664956191829654,0.012903462516584132,0.0003180351363134447,0.8372924461990106,0.8662878074703675,0.052659804585048174,0.028995361271372568,0.012662148549050952,0.012899720653981586,0.0003179370488073807
2.1,0.8365572473916073,0.8656791305291477,0.052919828855758015,0.02912188313755552,0.012710036913252076,0.012963596157438376,0.00031960919501287406,0.8366001867149448,0.8657147128462008,0.05290469257380898,0.029114526131271547,0.012707256676228127,0.012959880600753426,0.0003195117536106699
2.105,0.8358638958795631,0.8651050661173996,0.05316528025089339,0.02924117023785146,0.012755126048778034,0.013023907152368818,0.0003211886203143471,0.8359064939574302,0.865140369258262,0.05315025364398705,0.029233875300847235,0.012752373028051187,0.013020217773660317,0.00032109182223325427
2.11,0.835169120165432,0.8645297597453929,0.05341140261521636,0.029360639579975957,0.012800222320226687,0.013084395090356898,0.0003227734060690327,0.835211378873823,0.8645647852270427,0.05339648516143901,0.029353406353235082,0.01279749632684367,0.01308073176194322,0.0003226772485310252
2.115,0.8344729313487443,0.8639532200595866,0.053658193251862246,0.02948028871085725,0.012845324444332293,0.013145059547648498,0.0003243635457500688,0.8345148525601399,0.8639879693961404,0.05364338442996337,0.029473116836015834,0.012842625289849868,0.013141422142108367,0.0003242680259817904
2.12,0.8337753404825267,0.8633754556678371,0.053905649482330883,0.029600115185325283,0.012890431140293864,0.01320590010420033,0.0003259590329629329,0.833816926065903,0.8634099303705588,0.05389094877171988,0.029593004304670982,0.012887758636778372,0.013202288494371307,0.0003258641481957008
2.125,0.8330763590246932,0.8627964755137545,0.05415376845808541,0.029720116489075993,0.012935541113742035,0.013266916305074743,0.00032755986026441824,0.8331176108454351,0.8628306770909882,0.054139175338842375,0.029713066245568177,0.012932895073784438,0.013263330364056134,0.0003274656077340916
2.13,0.8323759984414899,0.8622162885478555,0.05440254732710474,0.029840290106380257,0.012980653070019908,0.0133281076946195,0.00032916602018976245,0.832416918361389,0.8622502185050244,0.05438806127998066,0.02983330014365043,0.012978033306736097,0.013324547295772407,0.0003290723971367397
2.1350000000000002,0.8316742702320375,0.8616349037480039,0.05465198322330323,0.029960633515980963,0.013025765713489056,0.013389473814274631,0.0003307775051855292,0.8317148601092846,0.8616685635876042,0.05463760372972108,0.029953703478334478,0.01302317204052107,0.013385938831222233,0.00033068450885473903
2.14,0.8309711859657867,0.8610523301504457,0.05490207325042452,0.03008114418467361,0.013070877746641323,0.013451014199184421,0.0003323943075192416,0.8310114476549564,0.8610857213720353,0.05488779979248043,0.03007427371709385,0.013068309978160497,0.013447504505811957,0.0003323019351601169
2.145,0.830266757338519,0.8604685768967061,0.05515281445658685,0.030201819558201688,0.01311598786925054,0.013512728372855613,0.0003340164191247527,0.830306692690539,0.8605017009968823,0.05513864651705273,0.030195008306358018,0.013113445819963383,0.013509243843310426,0.00033392466799118844
2.15,0.8295609963250862,0.8598836533605928,0.05540420376998014,0.030322657035521113,0.013161094773018599,0.013574615833982657,0.00033564383117980993,0.829600607187173,0.859916511832942,0.05539014083231295,0.03031590464578374,0.01315857825817736,0.013571156342676466,0.0003355526985300885
2.1550000000000002,0.8288539149003401,0.8592975689159136,0.05565623811879432,0.030443654015587802,0.013206197149647393,0.013636676081260006,0.00033727653486216076,0.8288932031159988,0.859330163251012,0.05564227966713607,0.030436960135027787,0.01320370598505007,0.013633241502868912,0.00033718601795895204
2.16,0.8281455251035529,0.8587103329902706,0.05590891440298007,0.03056480788673204,0.013251293689248529,0.013698908607487327,0.0003389145211683107,0.828184492512561,0.8587426646756714,0.055895059922160345,0.030558172163124946,0.01324882769124136,0.013695498816952357,0.0003388246172786575
2.165,0.8274358389839941,0.8581219550195864,0.056162229517645136,0.03068611603560655,0.013296383082184842,0.01376131290430015,0.00034055778108076,0.8274744874224,0.8581540255398193,0.056148478493179874,0.030679538117433795,0.013293942067663458,0.013757927776826483,0.00034046848747606697
2.17,0.8267248688489731,0.8575324446556705,0.056416180242921984,0.030807575806711444,0.013341464013520455,0.013823888439169128,0.0003422063048545029,0.8267632001490299,0.8575642554921916,0.056402532161022714,0.030801055343176016,0.013339047799940716,0.013820527850227691,0.0003421176188104761
2.1750000000000003,0.8260126271684765,0.8569418116862817,0.05667076328730975,0.0309291845178194,0.013386535164427336,0.01388663466461315,0.000343860082282754,0.8260506431586019,0.8569733643174426,0.056657217634890164,0.030922721158855113,0.013384143569811631,0.013883298489942087,0.0003437720010793657
2.18,0.8252991264124908,0.85635006589918,0.05692597535930751,0.03105093948670305,0.013431595216077443,0.013949551033151084,0.0003455191031587271,0.8253368289172669,0.8563813618002272,0.05691253162398344,0.031044532882974544,0.013429228059014692,0.01394623914875576,0.00034543162408021637
2.185,0.824584379143627,0.8557572171598131,0.05718181312571776,0.03117283801619987,0.01347664284789851,0.014012636988492819,0.00034718335700353474,0.8246217699837759,0.8557882578028699,0.057168470795811305,0.031166487819108288,0.01347429994754789,0.014009349270646615,0.0003470964773383903
2.19,0.8238683979072414,0.8551632753193177,0.057438273260085916,0.03129487741209001,0.013521676740487877,0.014075891975485184,0.00034885283340507485,0.8239054788996293,0.8551940621733881,0.05742503182462277,0.03128858327377306,0.013519357916579128,0.014072628300728264,0.0003487665504460284
2.195,0.8231511955738484,0.854568250502056,0.05769535228780944,0.03141705492822127,0.01356669556917578,0.014139315407585801,0.00035052752098391454,0.8231879685313979,0.8545987850329575,0.05768221123653363,0.03141081650157375,0.013564400642022661,0.014136075652727847,0.0003504418320278851
2.2,0.8224327850932299,0.853972152898924,0.05795304669847979,0.031539367805707735,0.013611698007821756,0.014202906690706382,0.00035220740812447665,0.8224692518248985,0.8540024365692708,0.057940005521857456,0.031533184744386364,0.013609426798325185,0.014199690732827385,0.0003521223104725573
2.205,0.8217131794151683,0.8533749927008182,0.05821135298168834,0.031661813285663476,0.013656682730285329,0.014266665230758622,0.0003538924832111834,0.8217493417259485,0.8534050269700213,0.05819841117090771,0.03165568524408686,0.013654435059933377,0.014263472947208875,0.0003538079741686415
2.21,0.8209923916204149,0.8527767802090357,0.05847026756636369,0.03178438858863423,0.01370164840880072,0.014330590420665793,0.000355582734225375,0.8210282513112972,0.8528065665332748,0.058457424613341705,0.03177831522199155,0.013699424099674092,0.014327421689067059,0.00035549881110163447
2.215,0.8202704347312669,0.8521775256760384,0.05872978690677306,0.03190709094478504,0.013746593717579657,0.014394681658313545,0.0003572781493454029,0.8203059935992554,0.8522070655082751,0.058717042304150334,0.03190107190903361,0.013744392592350425,0.014391536356557254,0.0003571948094540414
2.22,0.8195473221453445,0.8515772396711472,0.05898990728185165,0.032029917525815986,0.013791517326716924,0.014458938304100076,0.00035897871557152123,0.8195825819833484,0.8516065344610407,0.05897726052301282,0.03202395247770612,0.013789339208664101,0.0144558163103511,0.0003588959562302269
2.225,0.8188230672836396,0.8509759327833918,0.059250624959691384,0.03215286549976542,0.01383641790600946,0.014523359716114749,0.00036068441983075496,0.8188580298804666,0.851004983977295,0.05923807553876634,0.03214695409684197,0.013834262619019946,0.014520260908811661,0.0003606022383613238
2.23,0.8180976835671436,0.8503736156018021,0.059511936208384235,0.03227593203467172,0.013881294125254217,0.014587945252446945,0.0003623952490501294,0.8181323507074998,0.8504024246427603,0.059499483620248164,0.032270073935274084,0.0138791614938228,0.01458486951030202,0.00036231364277846523
2.235,0.8173711845599383,0.8497702988367659,0.059773837227543786,0.03239911427684077,0.013926144653547818,0.01465269425628895,0.0003641111896922456,0.8174055580243843,0.8497988671644837,0.05976148096782544,0.032393309140113055,0.013924034502783355,0.014649641458289469,0.0003640301559483472
2.24,0.8166435837680999,0.8491659931501507,0.06003632424236617,0.03252240938206391,0.013970968161751052,0.014717606075793473,0.0003658322284247497,0.8166776653330681,0.8491943222010069,0.06002406380744248,0.032516656867952354,0.013968880317375159,0.0147145761011999,0.00036575176454270637
2.245,0.8159148950634546,0.8485607095143558,0.06029939330192514,0.03264581445091419,0.014015763319188083,0.014782680021003494,0.0003675583507002688,0.8159486865011352,0.8485888007213147,0.06028722818894422,0.03264011422019301,0.014013697607550592,0.014779672749353554,0.0003674784540182368
2.25,0.8151851323238763,0.8479544589069092,0.0605630404524009,0.03276932658304593,0.014060528795147773,0.014847915401338212,0.00036928954195140066,0.8152186354022154,0.8479823136995198,0.06055097015928241,0.03276367829731771,0.014058485043226987,0.014844930712446976,0.00036921020981160334
2.255,0.8144543094354734,0.8473472523123675,0.06082726173589986,0.03289294287690714,0.01410526325893466,0.014913311525326328,0.0003710257875818126,0.8144875259181705,0.8473748721167607,0.06081528576133561,0.03288734619860348,0.014103241294337699,0.014910349299286306,0.00037094701733054005
2.2600000000000002,0.8137224404026485,0.8467391008163268,0.06109205313588003,0.03301666041369106,0.014149965380293382,0.014978867688473401,0.00037276707259104535,0.8137553720491177,0.8467664870551862,0.06108017097934164,0.03301111500608169,0.014147965031261525,0.014975927805655612,0.00037268886157864885
2.265,0.8129895392158023,0.8461300154933099,0.06135741064020894,0.033140476277520384,0.014194633830519988,0.015044583186593883,0.0003745133820385247,0.8130221877811755,0.8461571695858758,0.06134562180194531,0.03313498180471357,0.014192654925929084,0.015041665527646573,0.0003744357276194095
2.27,0.8122556201874401,0.8455200076931033,0.061623330076344074,0.03326438750567582,0.014239267282070794,0.015110457280309195,0.00037626469984709,0.8122879874224597,0.8455469310550893,0.061611634057404635,0.03325894363264267,0.014237309651445198,0.015107561726161794,0.000376187599379712
2.275,0.8115206976300677,0.8449090887654932,0.06188980727174288,0.033388391135438046,0.014283864407402112,0.01517648923024075,0.0003780210099395804,0.8115527852810862,0.8449357828090857,0.061878203573977594,0.03338299752801254,0.014281927880914688,0.015173615662103864,0.0003779444607864463
2.2800000000000002,0.8107847858759838,0.8442972700772836,0.06215683804370691,0.033512484201312365,0.014328423879181346,0.015242678294755006,0.00037978229616475283,0.810816595684957,0.844323736211137,0.06214532616976788,0.03350714052619294,0.014326508287654326,0.015239826594120695,0.00037970629569242107
2.285,0.81004789933706,0.8436845630638617,0.06242441816843891,0.03363666372681422,0.014372944371235374,0.01530902372280409,0.00038154854208721317,0.8100794330415193,0.843710802693077,0.062412997621785905,0.03363136965157051,0.014371049546144182,0.015306193771446432,0.00038147308766629226
2.29,0.8093100524742456,0.8430709792038804,0.06269254339411853,0.03376092672964715,0.01441742455962609,0.015375524756381697,0.00038331973109555093,0.809341311807279,0.8430969937299916,0.0626812136790218,0.033755681922725336,0.014415550333102408,0.01537271643635646,0.0003832448201006953
2.295,0.8085712600105172,0.8424565302016016,0.06296120933350027,0.03388527019109681,0.014461863123698807,0.01544218060730715,0.00038509584559152504,0.8086022467006747,0.8424823210225028,0.06294996995506207,0.03388007432184081,0.01446000932854218,0.0154393938009553,0.00038502147540144687
2.3000000000000003,0.8078315366688511,0.8418412277612876,0.06323041159933862,0.03400969109244883,0.014506258742798836,0.015508990487399793,0.0003868768679768946,0.8078622524401451,0.8418667962712327,0.06321926206349328,0.03400454383110033,0.014504425212476685,0.015506225077347486,0.00038680303597436413
2.305,0.8070908972051676,0.8412250836157581,0.06350014578680294,0.03413418641060271,0.014550610096946156,0.015575953604511706,0.0003886627805212253,0.8071213437770602,0.8412504312053516,0.06348908560031989,0.03412908742830398,0.014548796665595245,0.015573209473670793,0.0003885894840930739
2.31,0.8063493564195728,0.8406081095363801,0.06377040746715441,0.0342587531168193,0.014594915867427883,0.015643069160723347,0.00039045356533388,0.8063795355069594,0.8406332375925641,0.0637594361376412,0.0342537020856174,0.014593122369856656,0.015640346192291443,0.0003903808018709991
2.315,0.8056069291941755,0.8399903173669825,0.06404119216444712,0.034383388172818996,0.014639174739196134,0.01571033634658929,0.0003922492041991093,0.8056368425073512,0.840015227273013,0.06403030920035603,0.03437838476567433,0.014637401010889273,0.015707634424050036,0.0003921769710964533
2.32,0.8048636306465968,0.8393717191559137,0.06431249527596535,0.03450808850932889,0.014683385402543835,0.01577775432395121,0.0003940496779485195,0.8048932798911655,0.8393964122912887,0.06430170018661556,0.03450313240013565,0.01468163127967294,0.01577507333107775,0.00039397797260513055
2.325,0.804119475894458,0.8387523269515221,0.06458431219899338,0.03463285105707611,0.014727546547763915,0.015845322254650802,0.0003958549674137169,0.8041488627713322,0.8387768046919821,0.06457360449457103,0.03462794192066227,0.014725811867187506,0.015842662075505765,0.00039578378723272505
2.33,0.8033744800658685,0.8381321528113453,0.06485663832493596,0.03475767274548874,0.014771656865497066,0.015913039299177402,0.0003976650533805808,0.803403606271265,0.8381564165288697,0.06484601751649519,0.03475281025761704,0.014769941464761063,0.0159103998181131,0.0003975943957692057
2.335,0.8026286583902601,0.8375112088819016,0.06512946898825284,0.03488255049165334,0.01481571504998407,0.015980904604577247,0.0003994799162095091,0.802657525615658,0.8375352599446768,0.06511893458772575,0.03487773432903105,0.014814018767326725,0.015978285706236866,0.0003994097785790725
2.34,0.8018820260759204,0.8368895072926847,0.06540279953190217,0.03500748121677618,0.01485971979675347,0.016048917318803927,0.00040129953636401476,0.801910636008069,0.8369133470651114,0.0653923510520953,0.035002711057054534,0.014858042471105226,0.016046318888120116,0.00040122991612992996
2.345,0.8011345986119678,0.8362670604197463,0.06567662514002016,0.035132461807790255,0.014903669811346377,0.01611707655309066,0.00040312389307489954,0.8011629529327681,0.8362906902623469,0.0656662620946448,0.035127737329590986,0.014902011282343008,0.016114498475290076,0.00040305478765672
2.35,0.8003863914875208,0.8356438806391376,0.06595094099674292,0.03525748915162854,0.014947563799303905,0.016185381418670652,0.00040495296557296466,0.800414491874025,0.8356673019085569,0.06594066290041509,0.03525281003454386,0.014945923907286504,0.01618282357927395,0.0004048843723943841
2.355,0.7996374201916979,0.8350199803269103,0.06622574228620659,0.03538256013522405,0.01499140046616717,0.01625383102677712,0.0004067867330890119,0.79966526831611,0.8350431943759147,0.0662155486544471,0.03537792605981666,0.01498977905218216,0.016251293311598955,0.0004067186495778642
2.36,0.7988877003231806,0.8343953719564546,0.06650102412770413,0.03550767163328562,0.015035178522846747,0.01632242447315053,0.000408625174344107,0.7989152978528061,0.8344183801338942,0.06649091447695138,0.03550308228109996,0.015033575428651228,0.016319906768301255,0.00040855759793239
2.365,0.7981372474200976,0.8337700679489749,0.06677678167334447,0.03563282052888871,0.015078896679193881,0.01639116086007759,0.00041046826836627136,0.7981645960173719,0.8337928715998063,0.06676675552094555,0.03562827558244618,0.015077311747253488,0.016388663051961065,0.0004104011964901236
2.37,0.7973860772990135,0.8331440809735228,0.06705300990830124,0.0357580036745208,0.01512255365951445,0.0164600392502677,0.0004123159928441725,0.7974131786213714,0.8331666814387082,0.06704306677254655,0.03575350281734851,0.015120986733016855,0.016457561225586188,0.0004122494229439429
2.375,0.7966342057882437,0.8325174237095795,0.06732970381078107,0.03588321792134714,0.01516614818868353,0.016529058704792605,0.00041416832541028755,0.7966610614881154,0.8325398223260828,0.06731984321090576,0.03587876083797911,0.015164599111538998,0.016526600350547004,0.0004141022549305382
2.38,0.7958816487161046,0.8318901088366263,0.06760685835899055,0.036008460120532985,0.015209678991576193,0.01659821828472404,0.00041602524369709336,0.7959082604409146,0.8319123069374131,0.06759707981517452,0.036004046496510164,0.015208147608417584,0.016595779488213867,0.0004159596700865995
2.3850000000000002,0.7951284220016415,0.8312621491158886,0.06788446847418013,0.03613372711425827,0.015253144799027224,0.01666751703728926,0.0004178867248678543,0.7951547913937642,0.8312841480298911,0.06787477150756054,0.03612935663613862,0.015251630955214519,0.016665097686114325,0.0004178216455796328
2.39,0.7943745414950575,0.8306335572480957,0.06816252911844001,0.03625901575304929,0.015296544338932239,0.016736954018289504,0.0004197527464757662,0.7944006701918517,0.8306553583002415,0.06815291325109984,0.036254688108401295,0.015295047880549745,0.016734554000347467,0.0004196881589670431
2.395,0.7936200232998074,0.830004346163461,0.06844103509095852,0.03638432286366455,0.01533987635764451,0.016806528243712707,0.0004216232847207905,0.7936459129334865,0.8300259506745713,0.06843149984596318,0.03638003774109627,0.015338397131513687,0.01680414744720393,0.00042155918645308697
2.4,0.7928648835571288,0.8293745288262595,0.06871998116702441,0.0365096452691418,0.015383139604057473,0.016876238723793725,0.0004234983156022105,0.7928905357547414,0.8293959381130351,0.06871052606842708,0.03650540235830503,0.015381677457738791,0.016873877037222047,0.00042343470404135585
2.4050000000000002,0.7921091384082587,0.8287441182007665,0.06899936212192641,0.03663497979251876,0.015426332827064558,0.016946084468767424,0.0004253778151193097,0.7921345547916891,0.8287653335757869,0.06898998669476811,0.036630778784109086,0.015424887608857506,0.01694374178094017,0.00042531468773544134
2.41,0.7913528040393045,0.8281131272924979,0.06927917270045054,0.03676032325320421,0.015469454779595692,0.017016064481289377,0.00042726175900608776,0.7913779862252468,0.828134150064202,0.06926987647076757,0.03675616383896655,0.015468026338541078,0.017013740681318352,0.00042719911327367095
2.415,0.7905958966325691,0.8274815691043331,0.06955940764923936,0.036885672471774836,0.01551250421489784,0.017086177763497547,0.00042915012305520995,0.7906208462325314,0.8275024005770236,0.06955019014406093,0.036881554344503506,0.015511092400777927,0.017083872740798128,0.0004290879564530271
2.42,0.7898384324958573,0.8268494567566562,0.06984006162482427,0.03701102426080978,0.01555547990002478,0.017156423294058202,0.0004310428823019207,0.7898631511160881,0.8268700982304422,0.06983092237219368,0.037006947114365384,0.015554084563370209,0.017154136938351612,0.0004309811923131255
2.4250000000000003,0.7890804280501205,0.8262168034741381,0.07012112920583682,0.037136375424028374,0.015598380612646805,0.017226800032288832,0.0004329400110985107,0.7891049172915442,0.826237256244885,0.07011206773483077,0.03713233895335197,0.015597001604742464,0.01722453223360477,0.00043287879521068055
2.43,0.7883218997163104,0.8255836224814497,0.07040260497090847,0.03726172276514991,0.015641205130434203,0.017297306937506893,0.0004348414837972703,0.7883461611745274,0.8256038878407793,0.07039362081163703,0.03725772666626304,0.015639842303319218,0.017295057586183552,0.00043478073950240626
2.435,0.7875628639185807,0.8249499270062877,0.07068448349626001,0.03738706308771768,0.01568395223145536,0.017367942968413392,0.0004367472747283154,0.7875868991838648,0.8249700062415766,0.07067557617986729,0.03738310705772279,0.015682605437923273,0.017365711955097514,0.0004366869995228443
2.44,0.7868033371643984,0.8243157303552539,0.07096675929588281,0.037512393190866127,0.015726620704046693,0.01743870706733414,0.0004386573576731545,0.786827147821645,0.8243356247495925,0.0709579283545628,0.03750847692795845,0.015725289797650054,0.017436494282982877,0.0004385975490579733
2.445,0.786043335912853,0.8236810457915134,0.0712494269163374,0.037637709878670954,0.015769209332747225,0.017509598183335078,0.0004405717067671399,0.7860669235416098,0.8237007566237317,0.07124067188332303,0.037633833082132806,0.015767894167795404,0.017507403519213743,0.00044051236224757867
2.45,0.7852828768239608,0.8230458867690428,0.07153248075060573,0.03776300994509245,0.015811716928219945,0.017580615225871184,0.00044249029473711793,0.7853062429982957,0.8230654153136071,0.07152380116021038,0.03775917231532222,0.015810417359790153,0.017578438573558616,0.0004424314118230637
2.455,0.7845219765577386,0.8224102667418189,0.0718159151916697,0.0378882901840909,0.015854142301127833,0.01765175710439742,0.0004444130943099346,0.7845451228462395,0.8224296142688318,0.07180731057928717,0.037884491422603014,0.015852858185065134,0.01764959835578598,0.0004443546705158311
2.46,0.7837606517742025,0.8217741991638187,0.07209972463251128,0.03801354738962661,0.015896484262133873,0.01772302272836877,0.00044634007821243624,0.7837835797399777,0.8217933669390186,0.07209119453461578,0.03800978719905157,0.015895215455051185,0.017720881775664346,0.00044628211105728424
2.465,0.7829989191888812,0.8211376975433725,0.07238390341936249,0.03813877835450168,0.01593874163118299,0.017794410994759237,0.0004482712187237525,0.7830216303895174,0.821156686828102,0.07237544737352218,0.03813505643859513,0.015937487990464287,0.017792287730482928,0.00044821370573115286
2.47,0.7822367954726435,0.8205007753463798,0.07266844593558186,0.038263979873746634,0.015980913221370678,0.017865920808905648,0.00045020648854707593,0.7822592914602431,0.820519587397615,0.07266006348044553,0.03826029593738243,0.015979674605168585,0.017863815125891355,0.0004501494272451805
2.475,0.7814742974430448,0.8198634461851215,0.07295334643406699,0.03838914874208717,0.016022997873702594,0.017937551040494014,0.00045214585914001574,0.7814965797641098,0.8198820822553822,0.07294503710940196,0.038385502491282926,0.01602177414094718,0.01793546283189291,0.0004520892470616496
2.48,0.7807114419627316,0.8192257237162515,0.07323859912888817,0.03851428175353018,0.01606499443710004,0.018009300548901964,0.00045408930158155354,0.7807335121581291,0.8192441850535734,0.07323036247559192,0.03851067289545481,0.016063785447501464,0.01800722970818399,0.0004540331362642528
2.485,0.779948245894351,0.8185876215964233,0.0735241982341157,0.03863937570208255,0.016106901760484325,0.018081168193507125,0.0004560367869506708,0.779970105499313,0.8186059094443587,0.0735160337942158,0.03863580394505626,0.016105707374532822,0.018079114614460975,0.0004559810659366826
2.49,0.7791847261005496,0.8179491534822906,0.07381013796381988,0.03876442738175116,0.016148718692776756,0.01815315283368713,0.00045798828632634907,0.7792063766446727,0.8179672690799078,0.07380204528047404,0.03876089243524547,0.016147538771742635,0.01815111641042026,0.00045793300716263143
2.495,0.7784208995120575,0.8173103331013992,0.07409641246407671,0.038889433589351784,0.01619044409941875,0.01822525330948304,0.00045994377011009894,0.7784423425192412,0.8173282776832341,0.07408839108159389,0.03888593516400326,0.01618927850535674,0.018223233936424072,0.0004598889303483927
2.5,0.7776567830044326,0.8166711741261345,0.07438301593449995,0.03901439112171192,0.016232076833695517,0.018297468473862728,0.00046190320933301354,0.777678019992934,0.8166889489222352,0.07437506539832035,0.039010928929311496,0.01623092542944133,0.018295466045758216,0.000461848806529766
2.505,0.776892393598723,0.8160316903824137,0.074669942421528,0.03913929678370076,0.016273615787713736,0.018369797136861186,0.00046386657343912887,0.7769134260810127,0.8160492966182271,0.07466206227827325,0.03913587053722469,0.016272478436893605,0.018367811548781726,0.0004638126051556701
2.5100000000000002,0.7761277483167695,0.8153918956969826,0.07495718597078417,0.03926414738022308,0.016315059853781944,0.018442238108287448,0.00046583383186400235,0.7761485777995316,0.8154093345933545,0.07494937576825758,0.039260756793833104,0.016313936420812674,0.01844026925562771,0.0004657802956665463
2.515,0.7753628641804131,0.8147518038965869,0.0752447406278917,0.039388939716183624,0.016356407924208668,0.018514790197950527,0.000467804954043191,0.775383492164545,0.8147690766697618,0.07523699991507823,0.039385584505226966,0.016355298274297637,0.018512837976429244,0.00046775184750283546
2.52,0.7745977582274026,0.8141114288264373,0.07553260041718177,0.03951367059904446,0.016397658897700097,0.018587452209409435,0.0004697799091756098,0.7746181862079938,0.8141285366880421,0.07552492874425572,0.039510350480058305,0.016396562896846475,0.018585516515070327,0.00046972722986836504
2.525,0.7738324475038629,0.813470784340887,0.07582075935619549,0.03963833683703385,0.016438811674467983,0.01866022294315973,0.000471758666446434,0.7738526769701923,0.8134877284979289,0.0758131562745208,0.0396350515277467,0.01643772918946311,0.01865830367237113,0.00047170641195321884
2.5300000000000002,0.7730669490879889,0.8128298843350147,0.07610921141289649,0.03976293524703548,0.016479865171043905,0.01873310118350327,0.0004737411945399799,0.7730869815234793,0.8128466659898468,0.07610167647504314,0.0397596844663775,0.016478796069473865,0.01873119823295955,0.00047368936244667934
2.535,0.7723012801116123,0.812188742767382,0.07639795047992037,0.03988746265577934,0.01652081832719977,0.018806085692546052,0.00047572746129536004,0.772321116993756,0.8122053631176444,0.07639048323969198,0.03988424612389825,0.01651976247744962,0.018804198959270917,0.0004756760491929296
2.54,0.7715354577065644,0.8115473735965503,0.07668697044990282,0.04001191588999546,0.01656167008270751,0.01887917523239409,0.0004777174345516875,0.7715551005069238,0.8115638338351704,0.07667957046233666,0.04000873332825649,0.01656062735396126,0.018877304613740587,0.000477666440036153
2.545,0.7707694990046768,0.8109057907810812,0.07697626521547951,0.04013629177641385,0.016602419377339046,0.018952368565153404,0.0004797110821480752,0.7707889491888835,0.8109220920962735,0.07696893203684643,0.04013314290739977,0.016601389639579675,0.01895051395880391,0.0004796605028205328
2.5500000000000003,0.7700034211567522,0.8102640083071911,0.07726582862885388,0.040260587150448425,0.01664306516564159,0.019025664440225413,0.00048170837143829035,0.770022680184466,0.8102801518824246,0.0772585618166746,0.04025747169796848,0.01664204828965302,0.01902382574419349,0.00048165820490497096
2.555,0.7692372413041618,0.809622040143961,0.0775556545763972,0.040384798839808646,0.01668360638847762,0.01909906161601022,0.00048370927029333304,0.7692563106291119,0.8096380271579928,0.07754845368942498,0.040381716528890534,0.01668260224584293,0.019097238728638055,0.000483659514165525
2.56,0.768470976627192,0.8089799003251009,0.07784573684119213,0.04050892369791836,0.016724042026774875,0.019172558817376374,0.0004857137453452763,0.768489857697072,0.8089957319518934,0.07783860143945458,0.040505874254831015,0.016723050489880997,0.019170751637339348,0.0004856643972394915
2.565,0.7677046443187697,0.8083376029040886,0.0781360691753864,0.040632958585328324,0.016764371073180167,0.019246154759512385,0.0004877217628441138,0.7677233385752044,0.8083532803127835,0.0781289988201983,0.04062994173758872,0.016763392015219366,0.019244363185820568,0.0004876728203821392
2.57,0.7669382615718215,0.8076951619344015,0.07842664533112773,0.0407569003625893,0.016804592520340295,0.01931984815760677,0.0004897332890398391,0.7669567704503671,0.80771068628932,0.07841963958509106,0.04075391583896247,0.01680362581531019,0.019318072089604912,0.0004896847498487369
2.575,0.7661718455792744,0.8070525914695171,0.07871745906056385,0.04088074589025204,0.016844705360902077,0.01939363772684804,0.000491748290182446,0.7661901705094183,0.8070679639301598,0.07871051748756779,0.04087779342075107,0.016843750883605627,0.019391877064215583,0.0004917001518945535
2.58,0.7654054135366063,0.8064099055787031,0.07900850407820548,0.041004492042105975,0.01688470860478874,0.019467522169473686,0.0004937667320215983,0.7654235559417261,0.8064251272997174,0.07900162624344358,0.04100157135800076,0.016883766230835658,0.019465776812226634,0.0004937189922746002
2.585,0.7646389826492757,0.805767118330321,0.0792997741248261,0.04112813568105449,0.016924601247466132,0.019541500194928636,0.0004957885807928867,0.7646569439466763,0.8057821904615317,0.07929295959477982,0.04112524651486483,0.016923670853271695,0.019539770043417216,0.0004957412372297359
2.59,0.7638725701177792,0.8051242438233344,0.07959126285063668,0.04125167370556423,0.016964382328599554,0.019615570480707795,0.0004978138015069407,0.7638903517185931,0.8051391675096646,0.07958451119311799,0.04124881579108088,0.01696346379138763,0.01961385543562102,0.0004977668517760379
2.595,0.7631061931419301,0.8044812961644959,0.07988296388331521,0.04137510302257489,0.017004050898689078,0.019689731696619365,0.0004998423588610316,0.7631237964510913,0.8044960725459468,0.0798762746674774,0.041372276094864914,0.01700314409649296,0.01968803165898626,0.0004997958006162721
2.6,0.7623398689215414,0.8038382894605585,0.08017487085053962,0.041498420539026123,0.017043606008234777,0.01976398251247153,0.00050187421755243,0.7623572953377857,0.8038529196722093,0.08016824364687729,0.04149562433443288,0.01704271081989716,0.01976229738366113,0.000501828048453204
2.605,0.761573614656426,0.8031952378182747,0.08046697737998788,0.04162162316185763,0.01708304670773672,0.0198383215980725,0.0005039093422784073,0.761590865572291,0.8032097229902826,0.08046041176033697,0.04161885741800075,0.017082163012909726,0.01983665127979384,0.0005038635599895993
2.61,0.760807447530102,0.8025521553459205,0.08075927706655547,0.041744707815827446,0.01712237206704878,0.019912747610612774,0.0005059476972381267,0.7608245243318877,0.8025664966034896,0.08075277260411087,0.04174197227161107,0.017121499746194643,0.019911092004916767,0.0005059022994301946
2.615,0.7600413847559984,0.8019090561662036,0.08105176352642464,0.04186767141021415,0.017161581139254624,0.019987259213927088,0.0005079892471205286,0.7600582888238034,0.8019232546296144,0.08104531979572334,0.04186496580582029,0.017160720073645035,0.019985618223204302,0.0005079442314694165
2.62,0.7592754434950827,0.8012659543959012,0.08134443029849611,0.04199051090082737,0.01720067302636945,0.020061855041294385,0.0005100339554009685,0.7592921762027101,0.8012800111804362,0.08133804687546055,0.04198783497773537,0.01719982309808679,0.02006022856827958,0.0005099893195883022
2.625,0.7585096408979113,0.8006228641505599,0.0816372709060598,0.04211322325265753,0.017239646840225168,0.020136533720014414,0.0005120817853024998,0.7585262036128488,0.8006367803664877,0.08163094736800686,0.04211057675364802,0.017238807932162824,0.020134921667787516,0.000512037527015627
2.63,0.7577439941150401,0.7999797995457263,0.08193027887240556,0.042235805430695036,0.017278501692653686,0.020211293877386922,0.0005141327000481754,0.7577603881984605,0.7999935762983015,0.08192401479804656,0.04223318809984999,0.01727767368851603,0.02020969614937302,0.0005140888169801666
2.6350000000000002,0.7569785202970253,0.7993367746969468,0.0822234477208233,0.04235825439993031,0.01731723669548691,0.02028613414071166,0.0005161866628610487,0.7569947471037861,0.7993504130864102,0.08221724269026401,0.042355665982632996,0.017316419479789315,0.020284550640681007,0.0005161431527106966
2.64,0.7562132365575452,0.7986938037055704,0.08251677094753504,0.042480567148033964,0.01735585098197991,0.020361053125165448,0.0005182436364734688,0.7562292974361529,0.7987073048271204,0.08251062454229356,0.042478007390976444,0.01735504444004866,0.020359483757235283,0.0005182004969453726
2.645,0.7554481600625049,0.7980509007047242,0.08281024206388728,0.042602740642227986,0.017394343666313424,0.020436049451777218,0.0005203035841032442,0.7554640563551474,0.7980642656485435,0.08280415386687695,0.04260020929340501,0.017393547684285682,0.02043449412040974,0.0005202608129077165
2.65,0.7546833078741064,0.7974080797817308,0.08310385451954835,0.04272477190763303,0.01743271391609978,0.020511121712949915,0.0005223664677830895,0.7546990409165677,0.7974213096329184,0.08309782411512144,0.042722268716359375,0.01743192838092287,0.02050958032295668,0.0005223240626363639
2.6550000000000002,0.7539186970377384,0.7967653550163367,0.08339760175425795,0.04284665797860696,0.017470960907563424,0.020586268496610303,0.0005244322493488894,0.7539342681593847,0.7967784508548963,0.08339162872821271,0.0428441826955203,0.017470185706994754,0.02058474095315299,0.0005243902079731556
2.66,0.7531543445987898,0.7961227404882888,0.08369147720775562,0.04296839588950759,0.017509083816928797,0.02066148839068513,0.0005265008906365285,0.7531697551225691,0.7961357033891289,0.08368556114733633,0.0429659482665685,0.01750831883953586,0.020659974599275533,0.0005264592107599322
2.665,0.7523902676026495,0.7954802502773337,0.08398547431978104,0.04308998267469277,0.01754708182042035,0.02073677998310116,0.0005285723534818917,0.7524055188450913,0.7954930813102673,0.08397961481367802,0.043087562465184706,0.017546326955580716,0.020735279849601183,0.0005285310328385345
2.67,0.7516264830327258,0.7948378984301908,0.08427958650891586,0.043211415397473564,0.017584954118714094,0.02081214184994658,0.0005306465992220863,0.7516415763039076,0.7948505986599087,0.08427378314728413,0.043209022356009694,0.01758420925661444,0.020810655280570096,0.0005306056355521187
2.6750000000000003,0.7508630079580435,0.7941956990497635,0.08457380720370775,0.04333269109172852,0.0176226998880512,0.02088757257340513,0.0005327235897307279,0.7508779445616245,0.7942082695358614,0.08456805957814784,0.04333032497424556,0.01762196491968812,0.020886099474715907,0.000532682980780239
2.68,0.7500998592827111,0.793553666146494,0.08486812978702354,0.043453806863791404,0.017660318364739424,0.02096307070842291,0.0005348032856935288,0.7501146405158534,0.79356610794341,0.0848624374906263,0.04345146742756508,0.01765959318191651,0.020961610987339018,0.0005347630292147729
2.685,0.7493370538896061,0.7929118137187705,0.08516254763597991,0.04357475982917273,0.01769780879274602,0.02103863480659822,0.0005368856476407737,0.7493516810429646,0.7929241278757758,0.08515691026333233,0.04357244683281975,0.017697093288073524,0.021037188370392604,0.0005368457413922011
2.69,0.7485746086616064,0.792270155764981,0.08545705412769353,0.043695547103382984,0.017735170416038257,0.021114263419529346,0.0005389706361027476,0.7485890830193282,0.7922823433261809,0.08545147127487873,0.04369326030686107,0.017734464482933077,0.021112830175829822,0.000538931077849004
2.695,0.7478125404815895,0.7916287062835139,0.08575164263928102,0.043816165801932656,0.017772402478583384,0.02118995509881458,0.0005410582116097356,0.7478268633213148,0.7916407682878469,0.08574611390387828,0.043813904966540536,0.017771706011269085,0.021188534955603838,0.0005410189991216623
2.7,0.7470508661544398,0.7909874792253929,0.08604630653657501,0.04393661307096125,0.01780950424782858,0.0212657083865664,0.0005431483342688146,0.7470650387472751,0.7909994167066103,0.08604083151767604,0.0439343779593436,0.01780881714133361,0.02126430125218356,0.0005431094653235352
2.705,0.7462896025840423,0.7903464886113353,0.08634103918338597,0.044056886027301234,0.01784647496930118,0.02134152182767015,0.0005452409646047334,0.7463036261945839,0.7903583025980203,0.08633561748157982,0.04405467640344483,0.017845797119460348,0.02134012761080932,0.0005452024369855571
2.71,0.7455287664742128,0.7897057483380279,0.08663583392060013,0.04417698186382322,0.017883313945984743,0.021417393944969474,0.000547336062143888,0.7455426423604877,0.7897174398535474,0.08663046513801205,0.044174797493067894,0.01788264524943445,0.02141601255468341,0.0005472978736405187
2.715,0.7447683744880563,0.7890652722765644,0.08693068408485548,0.04429689778851622,0.017920020492339084,0.021493323257183707,0.0005494335862077674,0.7447821039015105,0.7890768423390593,0.08692536782515481,0.044294738437557137,0.01791936084651641,0.02149195460288453,0.0005493957346163474
2.72,0.7440084432886775,0.7884250742980388,0.08722558301279001,0.04441663100936926,0.017956593922824008,0.021569308283032176,0.0005515334961178616,0.7440220274741753,0.788436523920424,0.08722031888119015,0.044414496446256904,0.01795594322596673,0.02156795227449139,0.0005514959792409707
2.725,0.7432489895391815,0.7877851682735448,0.08752052404104169,0.04453617873437132,0.017993033551899313,0.02164534754123419,0.0005536357511956595,0.743262429735006,0.7877964984635094,0.08751531164430008,0.044534068728511525,0.017992391703045892,0.021644004088582677,0.0005535985668423156
2.73,0.7424900298132805,0.787145568015904,0.08781550050375224,0.04465553820263154,0.01802933871597773,0.021721439543352997,0.0005557403104155773,0.7425033272511156,0.787156779775896,0.08781033945018424,0.044653452524788674,0.018028705614964974,0.02172010855708227,0.0005557034564013146
2.735,0.7417315807912362,0.7865062874160432,0.08811050572402826,0.044774706624814885,0.01806550873200856,0.021797582801150208,0.0005578471330677223,0.74174473669618,0.7865173817432817,0.08810539562349548,0.04477264504710982,0.0180648842794735,0.021796264192111524,0.000557810607214509
2.74,0.7409736589288848,0.7858673402178585,0.08840553302128625,0.04489368128898166,0.01810154297094169,0.021873775808979555,0.0005599561776243581,0.7409866745194089,0.7858783181042996,0.08840047348522961,0.04489164358489875,0.018100927068315363,0.021872469488386864,0.0005599199777607845
2.745,0.740216280614794,0.7852287401204736,0.08870057571472752,0.04501245950568753,0.01813744081946531,0.021950017056680288,0.0005620674023125273,0.740229157102732,0.7852396025528007,0.08869556635617697,0.0450104454500767,0.01813683336897103,0.021948722936111085,0.0005620315262738623
2.75,0.7394594622375319,0.7845905008230122,0.0889956271235535,0.04513103858548819,0.018173201664267613,0.022026305034091663,0.0005641807653592731,0.7394722008280784,0.7846012487826354,0.08899066755712792,0.04512904795456498,0.01817260256892098,0.02202502302548701,0.0005641452109874645
2.755,0.7387032201856664,0.7839526360245979,0.08929068056696554,0.045249415838939315,0.018208824892036807,0.022102638231052938,0.0005662962249916384,0.7387158220773776,0.7839632704876545,0.08928577040887284,0.04524744841028486,0.01820823405564569,0.022101368246717438,0.0005662609901353127
2.7600000000000002,0.7379475707509296,0.7833151593583512,0.08958572936897313,0.04536758860742938,0.018244309909674444,0.02217901513233295,0.0005684137391599575,0.7379600371357121,0.7833256812956962,0.08958086823702151,0.045365644159992134,0.018243727236836246,0.02217775708493573,0.0005683788216744895
2.765,0.7371925303314756,0.7826780845377886,0.08988076683614125,0.04548555420632084,0.018279656107628686,0.02225543422074853,0.000570533266035455,0.7372048623945919,0.782688494915,0.08987595434973117,0.04548363252041601,0.018279081503732364,0.022254188023322848,0.0005704986637829014
2.77,0.7364381150897676,0.7820414251165316,0.09017578628676273,0.04560331002677166,0.01831486292564851,0.022331893965910225,0.0005726547631457827,0.7364503140098125,0.7820517248938893,0.09017102206691391,0.04560141088408463,0.018314296296867375,0.022330659531855777,0.0005726204739950446
2.775,0.7356843410869656,0.7814051945782227,0.09047078104578107,0.0457208534912648,0.018349929823878647,0.022408392832992684,0.0005747781877447433,0.7356964080358548,0.7814153847106997,0.09046606471514371,0.04571897667485268,0.018349371077167536,0.022407170076076538,0.000574744209571638
2.7800000000000002,0.7349312243842289,0.7807694064065044,0.09076574443813984,0.045838182022283236,0.018384856262463833,0.022484929287170576,0.0005769034970861397,0.7349431605271999,0.780779487843767,0.09076107562099459,0.04583632731657487,0.01838430530555911,0.02248371812152715,0.0005768698277733998
2.785,0.7341787810427173,0.7801340740850196,0.0910606697887825,0.04595529304230991,0.018419641701548785,0.022561501793618544,0.0005790306484237742,0.7341905875383289,0.7801440477714271,0.09105604811104047,0.04595346023310586,0.01841909844296834,0.022560302133749616,0.000578997285861048
2.79,0.7334270270368438,0.7794992110366569,0.09135555043147053,0.046072183999820666,0.018454285617246435,0.022638108814474592,0.0005811595988255811,0.7334387050369713,0.7795090779112572,0.09135097552068122,0.04607037287429371,0.01845374996628705,0.02263692057524994,0.0005811265409094852
2.795,0.7326759784027427,0.7788648307344678,0.09165037968349764,0.04618885233173268,0.018488787479085306,0.022714748807436017,0.0005832903054242034,0.7326875290525764,0.778874591730997,0.09164585116884706,0.046187062678428266,0.018488259345823488,0.022713571904093652,0.000583257550058293
2.8000000000000003,0.7319256509586777,0.778230946500183,0.09194515088324905,0.04630529554151284,0.018523146797292597,0.022791420221243284,0.000585422724899761,0.731937075396713,0.7782406025470551,0.0919406683955797,0.04630352715034973,0.018522626092577456,0.022790254569391117,0.000585390269994658
2.805,0.7311760604000246,0.7775975715684702,0.09223985738321652,0.04642151116845306,0.018557363103977938,0.02286812150126112,0.000587556813683709,0.731187359758056,0.7776071235887722,0.09223542055503797,0.0464197638307237,0.018556849739427526,0.02286696701687774,0.0005875246571571747
2.81,0.7304272224221593,0.7769647191739971,0.09253449253589195,0.046537496751845306,0.018591435931250958,0.022944851092854275,0.000589692528207503,0.7304383978252805,0.7769741680854889,0.09253010100138079,0.04653577026021584,0.018590929819252294,0.022943707692288946,0.0005896606679844379
2.815,0.7296791527204576,0.7763324025514317,0.09282904969376718,0.04665324983098149,0.018625364811221304,0.023021607441387492,0.0005918298249025985,0.7296902052870614,0.7763417492665456,0.09282470308876706,0.04665154397949176,0.018624865864930343,0.023020475041360153,0.0005917982589150422
2.82,0.728931866858476,0.7757006348415689,0.09312352222732599,0.04676876798310032,0.018659149298072285,0.023098388989050776,0.0005939686599827462,0.7289427977002525,0.7757098802674084,0.09311922018935732,0.04676708256716339,0.018658657431409726,0.02309726750665278,0.000593937386169947
2.825,0.7281853805359496,0.7750694292900105,0.0934179034774876,0.04688404875406829,0.018692788928289357,0.02317519417388522,0.0005961089898168723,0.7281961907578838,0.7750785743283478,0.09341364564574176,0.046882383570471496,0.018692304055943625,0.023174083526579476,0.0005960780061252229
2.83,0.7274397091052925,0.7744387988933826,0.09371218683577079,0.046999089788097345,0.018726283295130222,0.023252021426991603,0.0005982507702419908,0.7274503998056628,0.7744478444406555,0.0937079728511342,0.04699744463500017,0.018725805332546308,0.023250921532614283,0.0005982200746252048
2.835,0.7266948678600814,0.7738087566058222,0.09400636570262529,0.047113888745748,0.018759632001294487,0.02332886917860162,0.0006003939570054444,0.7267054401304598,0.7738177035531342,0.0940021952076834,0.04711226342268178,0.018759160864672147,0.023327779955362418,0.0006003635474245853
2.84,0.725950872093893,0.7731793153814666,0.09430043347850073,0.04722844328758077,0.01879283464948176,0.023405735858946973,0.0006025385058545751,0.7259613270191447,0.7731881646145861,0.09429630611753803,0.04722683759544867,0.018792370255775504,0.023404657225429084,0.000602508380278057
2.845,0.7252077370983236,0.7725504881730009,0.09459438356420667,0.047342751074684455,0.01882589084268125,0.023482619898250543,0.0006046843725345092,0.7252180757566076,0.7725592405723617,0.09459029898320681,0.04734116481576149,0.018825433109600283,0.023481551773410696,0.0006046545289380967
2.85,0.7244654779827195,0.7719222878019666,0.09488820939011898,0.04745680981925419,0.01885880021214436,0.023559519723606388,0.0006068315125594713,0.7244757014454912,0.7719309442426692,0.0948841672367758,0.04745524279718518,0.018858349058146442,0.023558462026775653,0.0006068019489263643
2.855,0.7237241100439006,0.7712947272336014,0.09518190434448365,0.047570617189707974,0.01889156236546032,0.02363643375700247,0.0006089798816099955,0.7237342193759052,0.7713032885854078,0.09517790426819442,0.0475690692095098,0.018891117709756343,0.023635386407886573,0.0006089505959307504
2.86,0.7229836481328199,0.7706678191068712,0.0954754618960385,0.047684170974058436,0.01892417697570144,0.023713360417771917,0.0006111294348724194,0.722993644392106,0.7706762862342131,0.09547150354792755,0.047682641842114265,0.018923738738241103,0.02371232333645251,0.0006111004251451446
2.865,0.722244107100431,0.7700415760607421,0.09576887551352144,0.04779746896031819,0.018956643715940025,0.023790298125247855,0.0006132801275330811,0.7222539913383504,0.7700499498227208,0.09576495854644008,0.047795958484377496,0.018956211817411844,0.02378927123218252,0.0006132513917634361
2.87,0.7215055017976872,0.76941601073418,0.09606213866567023,0.047910508936499833,0.018988962259248385,0.023867245298763398,0.0006154319147783179,0.7215152750588952,0.7694242919845665,0.09605826273419686,0.04790901692567838,0.018988536621079688,0.023866228514785644,0.000615403450979514
2.875,0.7207678470171679,0.7687911357228476,0.09635524483323028,0.048023288705686853,0.019021132286565916,0.023944200357859175,0.0006175847517485896,0.7207775103396263,0.7687993253100849,0.09635140959367262,0.04802181497046566,0.019020712830920966,0.02394319360417853,0.000617556557941412
2.88,0.7200311575177534,0.7681669636013972,0.09664818749849803,0.04813580608365098,0.019053153485798686,0.024021161718483626,0.0006197385935190184,0.7200407119327303,0.7681750623685991,0.09664439260889686,0.048134350435875876,0.019052740135576837,0.024020164916686276,0.0006197106677318443
2.8850000000000002,0.7192954479858261,0.7675435068956447,0.09694096015277333,0.04824805890982559,0.019085025557375023,0.024098127792113698,0.0006218933950804363,0.7193048945178997,0.7675515156805981,0.09693720527290774,0.04824662116270546,0.01908461823620715,0.02409714086416329,0.0006218657353492649
2.89,0.7185607327915997,0.766920777896641,0.09723355635294868,0.04836004510504834,0.019116748244112105,0.02417509699151551,0.0006240491111843603,0.7185700724586769,0.766928697531819,0.09722984114434856,0.04835862507314918,0.019116346876350342,0.024174119859753596,0.0006240217155529322
2.895,0.7178270263052874,0.7662987888954372,0.09752596965591667,0.04847176259015691,0.019148321288827125,0.024252067729455214,0.0006262056965823078,0.7178362601186041,0.7663066202079989,0.0975222937818627,0.048470360089401886,0.019147925799544864,0.024251100316601232,0.0006261785631021053
2.9,0.7170943428971025,0.7656775521830845,0.09781819361856989,0.04858320928598897,0.019179744434337263,0.02432903841869895,0.0006283631060257962,0.7171034718612235,0.7656852959948749,0.09781455674409353,0.04858182413365835,0.01917935474932916,0.024328080647850237,0.000628336232756043
2.9050000000000002,0.7163626968369449,0.765057079975702,0.09811022182022848,0.048694383138764036,0.01921101743611262,0.02440600747285175,0.000630521294214432,0.7163717219497717,0.7650647371032577,0.09810662361211513,0.048693015153492954,0.01921063348189124,0.024405059267483598,0.0006304946792221272
2.91,0.715632102441604,0.7644373845299759,0.09840204782267455,0.048805282088378685,0.019242140046860146,0.02448297329997671,0.0006326802158231427,0.7156410246943692,0.7644449557845204,0.09839848794946515,0.04880393109015808,0.019241761750656353,0.024482034583943244,0.0006326538571830512
2.915,0.7149025737550712,0.7638184779008159,0.09869366524671122,0.04891590414575159,0.019273112054662703,0.024559934308443318,0.0006348398253841691,0.7149113941323608,0.7638259640882753,0.09869014337871151,0.04891456995592138,0.019272739344415854,0.024559005005978032,0.000634813721178912
2.92,0.7141741246447799,0.7632003720104898,0.09898506775369936,0.049026247365716674,0.01930393326940678,0.02463688890877753,0.0006370000773484246,0.7141828441245486,0.7632077739315033,0.09898158356298487,0.04902492980696162,0.019303566073758948,0.024635968944493273,0.0006369742256685376
2.9250000000000003,0.7134467689781638,0.7625830787812651,0.09927624900499987,0.049136309803107896,0.01933460350097887,0.024713835511505307,0.0006391609261668232,0.7134553885317347,0.7625903972311855,0.0992728021654159,0.049135008699457534,0.019334241749274846,0.024712924810394277,0.0006391353251107561
2.93,0.7127205206226569,0.7619666101354093,0.09956720266197357,0.04924608951275917,0.019365122559265452,0.024790772527152574,0.000641322326290278,0.7127290412147216,0.7619738459043027,0.09956379284913522,0.04924480468958786,0.019364766181552737,0.02478987101458634,0.0006412969739643949
2.935,0.711995393247602,0.7613509778468862,0.0998579224325932,0.049355584599290916,0.019395490277978347,0.02486769836822917,0.0006434842321068752,0.7120038158362402,0.7613581317195458,0.09985454932389029,0.04935431588331243,0.019395139205000248,0.02486680596995879,0.0006434591266255134
2.94,0.7112714006980421,0.7607361938285738,0.10014840197461289,0.049464793130538434,0.019425706473644888,0.02494461143862267,0.0006456465980013938,0.711279726234702,0.7607432665845054,0.10014506524920962,0.049463540349810195,0.019425360636844868,0.024943728080779895,0.0006456217374868193
2.945,0.7105485563277084,0.7601222696216094,0.10043863506681038,0.049573713293907654,0.019455771019565186,0.025021510150651877,0.0006478093782522576,0.7105567857572587,0.7601292620350688,0.10043533440565498,0.049572476277816954,0.019455430351070342,0.025020635759748788,0.000647784760834804
2.95,0.7098268734799853,0.7595092167592835,0.1007286154905279,0.049682343279304826,0.01948568379022729,0.025098392916830855,0.0006499725271356446,0.7098350077407154,0.7595161295992772,0.10072535057635287,0.049681121858568544,0.01948534822284803,0.025097527419759867,0.000649948150953716
2.955,0.7091063654982568,0.7588970467748865,0.10101833702710768,0.04979068127663618,0.019515444660119254,0.025175258149673665,0.0006521359989277318,0.7091144055218778,0.7589038808051719,0.10101510754442976,0.04978947528330079,0.019515114127349274,0.025174401473707513,0.0006521118621278031
2.96,0.708387045624977,0.758285771124754,0.10130779348425203,0.04989872549978364,0.019545053514659162,0.025252104263993227,0.0006542997479027442,0.7083949923366332,0.7582925271038485,0.10130459911937344,0.04989753476722207,0.01954472795067208,0.02525125633678482,0.0006542758486393857
2.965,0.7076689271489285,0.7576754013051944,0.10159697865195631,0.0500064741562724,0.01957451023668638,0.025328929669278674,0.0006564637282936412,0.7076767814671903,0.7576820799863688,0.10159381909296682,0.05000529851918518,0.019574189576336175,0.025328090418862047,0.0006564400647295133
2.97,0.7069520230841901,0.7570659486058244,0.10188588638925236,0.05011392552164081,0.019603814740039197,0.025405732778628686,0.0006586278943180227,0.7069597859210881,0.7570725507371282,0.10188276132603392,0.05011276481604682,0.01960349891885007,0.025404902133419137,0.0006586044646239443
2.975,0.7062363462233203,0.7564574241468375,0.10217451061380255,0.05022107792352362,0.019632966962224455,0.025482512010643252,0.0006607922001974061,0.706244018484372,0.7564639504711186,0.10217141973803164,0.05021993198675317,0.01963265591638344,0.025481689899436895,0.0006607690025524089
2.98,0.7055219093588772,0.7558498390484264,0.10246284524326935,0.050327929689555614,0.019661966840749008,0.02555926578392239,0.0006629566001533096,0.7055294919430873,0.7558562903033312,0.10245978824841688,0.05032679836025041,0.01966166050710597,0.025558452135896144,0.0006629336327446375
2.985,0.7048087252834189,0.755243204430784,0.10275088419531517,0.05043447914737158,0.019690814313119698,0.0256359925170661,0.0006651210484072515,0.7048162190832795,0.7552495813487577,0.10274786077664659,0.05043336226548474,0.01969051262918734,0.025635187261777704,0.0006650983094303608
2.99,0.7040968066869595,0.7546375313374024,0.10303862141361123,0.05054072465044931,0.01971950932820085,0.025712690629661146,0.0006672854991835999,0.7041042125884637,0.7546438346456986,0.10303563126818803,0.05053962205724158,0.019719212232150694,0.025711893697049338,0.0006672629868421833
2.995,0.7033861660597915,0.754032830662214,0.10332605089260204,0.05064666460242889,0.01974805185697455,0.02578935854333185,0.0006694499067131408,0.7033934849424593,0.754039061082914,0.10332309371928489,0.05064557614046122,0.019747759287629105,0.025788569863716707,0.0006694276192191732
3.0,0.7026768157878113,0.7534291132185977,0.10361316665588517,0.050752297430792764,0.019776441880898166,0.02586599468291714,0.0006716142252488804,0.702684048524705,0.7534352714686212,0.10361024215533422,0.05075122294392271,0.019776153777727457,0.025865214186999736,0.0006715921608226411
3.005,0.7019687682032588,0.75282638977926,0.10389996274146267,0.05085762157600745,0.019804679387019773,0.02594259747426271,0.0006737784090532205,0.7019759156609903,0.7528324765703709,0.10389707061613795,0.050856560909387186,0.01980439569013933,0.02594182509312513,0.0006737565659233041
3.01,0.7012620355175233,0.7522246710254852,0.10418643321965976,0.05096263550796819,0.019832764375028476,0.026019165345308622,0.0006759424124098408,0.7012690985562711,0.7522306870643044,0.10418357317382235,0.05096158850803981,0.01983248502519473,0.026018401010414013,0.000675920788813182
3.015,0.700556629799842,0.7516239675298468,0.10447257220024989,0.05106733773001109,0.01986069685886758,0.026095696727530072,0.000678106189639514,0.7005636092733725,0.7516299135178673,0.10446974393996236,0.05106630424450126,0.019860421797472695,0.026094940370722436,0.0006780847838214158
3.02,0.6998525630879481,0.7510242898412661,0.1047583738012756,0.05117172675332426,0.019888476855833594,0.026172190052788945,0.0006802696950675669,0.6998594598436201,0.7510301664748567,0.10475557703440248,0.05117070663124296,0.01988820602490424,0.026171441606293203,0.000680248505281707
3.025,0.6991498472521641,0.750425648381136,0.10504383218734481,0.051275801128978185,0.01991610439989902,0.026248643756667352,0.0006824328830706063,0.6991566621309541,0.7504314563515596,0.10504106662355311,0.051274794220611965,0.019915837742090037,0.026247903153089294,0.0006824119075790681
3.03,0.6984484940316673,0.7498280534698722,0.10532894156063538,0.05137955943821109,0.019943579537643155,0.026325056278644142,0.0006845957080728665,0.6984552278681898,0.7498337934633015,0.10532620691139456,0.05137856559511801,0.019943316996232894,0.026324323450970105,0.0006845749451461619
3.035,0.6977485151175804,0.7492315153909358,0.10561369613721343,0.05148300027336152,0.01997090232018985,0.02640142605959349,0.0006867581245186616,0.6977551687400955,0.7492371880884583,0.10561099211579528,0.05148201934836921,0.01997064383907843,0.026400700941190285,0.0006867375724357394
3.04,0.6970499221135342,0.7486360443619658,0.10589809015697156,0.05158612224843782,0.019998072807543708,0.026477751541597462,0.0006889200868784581,0.6970564963439616,0.7486416504395949,0.10589541647845083,0.05158515409563962,0.01999781833124941,0.026477034066212567,0.0006888997439267196
3.045,0.6963527264007232,0.7480416504288099,0.10618211792514343,0.051688924028092754,0.020025091080305524,0.026554031173841863,0.0006910815497271659,0.6963592220546782,0.7480471905575106,0.10617947430639685,0.051687968502838695,0.020024840553956813,0.026553321275602858,0.0006910614142025002
3.05,0.6956569393194134,0.7474483436055268,0.10646577375923594,0.05179140428611938,0.020051957222751597,0.02663026340698592,0.0006932424676615038,0.6956633572062135,0.7474538184512217,0.10646315991894195,0.05179046124501448,0.020051710592085686,0.026629561020400358,0.0006932225378682932
3.055,0.6949625721559503,0.7468561338654646,0.10674905199179517,0.05189356170952021,0.020078671324451035,0.026706446692580477,0.0006954027952985359,0.6949689130786244,0.7468615440890402,0.10674646765043415,0.051892631010422074,0.020078428535811675,0.026705751752536,0.0006953830695496656
3.06,0.694269635985861,0.7462650310193393,0.10703194701807389,0.05199539503348421,0.020105233494056723,0.02678257948876549,0.0006975624873700646,0.6942759007411848,0.7462703772766726,0.1070293918979268,0.051994476535493925,0.020104994494386377,0.026781891930529406,0.0006975429639869518
3.065,0.6935781417842116,0.7456750447996818,0.10731445326388787,0.05209690301547621,0.02013164384903558,0.0268586602574441,0.0006997214986677647,0.6935843311627253,0.7456803277416532,0.10731192708903542,0.05209599657893412,0.020131408585871896,0.026857980016663043,0.0006997021759803728
3.07,0.6928881004657554,0.7450861848922687,0.10759656517341193,0.05219808442651926,0.020157902512109648,0.02693468746262504,0.0007018797840211942,0.6928942152517737,0.7450914051647699,0.10759406766973388,0.05219718991300236,0.02015767093358327,0.026934014475324813,0.0007018606603680402
3.075,0.6921995228456588,0.7444984609069628,0.10787827721994703,0.052298938061310064,0.020184009615158465,0.02701065957062498,0.0007040372983136636,0.692205563817289,0.7445036191509101,0.10787580811512201,0.052298055333627254,0.02018378166998896,0.02700999377321064,0.0007040183720418319
3.08,0.6915124195181355,0.7439118822812558,0.108159583945413,0.05239946276312623,0.020209965308755178,0.02708657505643565,0.0007061939965813319,0.6915183874473166,0.7439169791326192,0.1081571429689157,0.05239859168530871,0.020209740946243213,0.027085916385690686,0.0007061752660464996
3.085,0.6908268010232784,0.7433264584101147,0.10844047990898059,0.0524996573868422,0.020235769747848246,0.027162432397456714,0.0007083498339028972,0.6908326966757911,0.743331494499926,0.1084380667920807,0.052498797824141116,0.020235548917873727,0.027161780790542798,0.00070833129746934
3.09,0.6901426778975641,0.7427421986872067,0.10872095966937145,0.05259952078964845,0.020261423088327627,0.027238230069865435,0.0007105047653451989,0.6901485020330308,0.742747174641559,0.10871857414513467,0.052598672608534416,0.02026120574134913,0.027237585464322787,0.0007104864213857935
3.095,0.6894600604071476,0.7421591122953731,0.10900101787045939,0.052699051888231395,0.020286925508303237,0.027313966560436217,0.0007126587461838876,0.6894658137790834,0.7421640287354594,0.10899865967374332,0.05269821495638205,0.020286711595348103,0.027313328894182764,0.0007126405930801386
3.1,0.6887789586910084,0.7415772083174599,0.10928064919691566,0.05279824962645734,0.020312277196043664,0.0273896403616635,0.000714811731798646,0.6887846420468444,0.7415820658595901,0.10927831806436755,0.05279742381275171,0.020312066668703634,0.02738900957299423,0.0007147937679406979
3.105,0.6880993828555079,0.7409964958105411,0.10955984834413302,0.052897112955038954,0.020337478342298775,0.02746524996762759,0.000716963677599418,0.6881049969365977,0.7410012950661475,0.10955754401418902,0.05289629812955595,0.020337271152728868,0.027464625995214383,0.0007169459013860576
3.11,0.6874213429556182,0.7404169837927127,0.10983861002273801,0.052995640837100164,0.020362529142386784,0.02754079387345911,0.0007191145390278421,0.6874268884972471,0.740421725368357,0.10983633223562299,0.05299483687111594,0.020362325243303055,0.02754017665635089,0.0007190969488665044
3.115,0.6867448488287927,0.7398386811122268,0.1101169290131546,0.05309383228343974,0.0203874298088449,0.02761627058303084,0.0007212642717137753,0.6867503265602206,0.7398433656096317,0.11011467751087842,0.05309303904941711,0.020387229153516293,0.027615660060652945,0.0007212468660205616
3.12,0.6860699101303382,0.739261596473368,0.11039480015584581,0.05319168634303535,0.020412180567998622,0.027691678609107637,0.0007234128314585607,0.6860753207748347,0.7392662244894442,0.1103925746821991,0.053190903714615476,0.020411983110240714,0.027691074721260804,0.0007233956086582513
3.125,0.6853965364997449,0.7386857385678537,0.1106722182966156,0.053289202068114286,0.020436781647309873,0.027767016465288633,0.000725560174080213,0.6854018807745926,0.7386903106947026,0.11067001859716936,0.053288429920115885,0.02043658734148434,0.027766419152148898,0.0007255431326062677
3.13,0.6847247374949904,0.7381111160238151,0.11094917830758902,0.053386378528830186,0.02046123328056932,0.027842282668428427,0.0007277062554703238,0.6847300161115012,0.7381156328487408,0.1109470041296932,0.053385616737245505,0.020461042081580835,0.02784169187054694,0.0007276893937648881
3.135,0.6840545225382914,0.7375377373639507,0.1112256751046216,0.053483214825664795,0.020485535712139458,0.027917475740355788,0.0007298510316442316,0.6840597362018339,0.7375421994694805,0.11122352619740274,0.05348246326765246,0.02048534757543023,0.027916891398658675,0.0007298343481581464
3.14,0.6833859007964912,0.736965610908245,0.11150170368976153,0.0535797101117592,0.020509689204743112,0.027992594216187067,0.0007319944588869728,0.6833910502065427,0.7369700188721691,0.11149957980411591,0.053578968665632117,0.020509504086284137,0.02799201627197388,0.0007319779520797863
3.145,0.6827188814364338,0.7363947449766828,0.1117772590650569,0.053675863540254484,0.020533694021103117,0.02806763663103859,0.0007341364934835835,0.68272396728658,0.7363990993720541,0.11177515995365062,0.053675132085479846,0.020533511877394172,0.028067065025982302,0.0007341201618235514
3.15,0.682053473509861,0.7358251477981245,0.11205233627156638,0.05377167428826893,0.020557550432075227,0.028142601525833345,0.0007362770918453908,0.6820584964878202,0.735829449193277,0.11205026168883218,0.053770952705462484,0.020557371220140765,0.02814203620197979,0.0007362609338094808
3.155,0.6813896860217851,0.7352568275666835,0.11232693036426887,0.05386714154490386,0.020581258712541486,0.02821748744184646,0.0007384162104159941,0.6813946468094181,0.7352610765252392,0.11232488006640619,0.05386642971582688,0.020581082389928174,0.028216928341614766,0.0007384002244898904
3.16,0.6807275276518465,0.7346897922171298,0.11260103651043257,0.05396226456528865,0.02060481915958367,0.028292292938292947,0.0007405538060188782,0.680732426925225,0.7346939892980512,0.1125990102553976,0.05396156237283197,0.02060464568434922,0.028291740004473435,0.0007405379906969909
3.165,0.6800670070748813,0.7341240496803967,0.11287464987898806,0.05405704260552065,0.020628232070609903,0.028367016574659135,0.0007426898354831688,0.6800718455042887,0.7341281954379875,0.11287264742649358,0.05405634993370447,0.020628061401322915,0.028366469750413285,0.0007426741892686331
3.17,0.6794081328743363,0.7335596078145837,0.11314776567068845,0.054151474940252735,0.0206514977490926,0.028441656915488115,0.0007448242557499467,0.6794129111242877,0.733563702798504,0.1131457867822009,0.054150791674221994,0.020651329844829355,0.028441116144348005,0.0007448087771546247
3.175,0.6787509135889812,0.7329964744444236,0.11342037909992761,0.054245560855447725,0.020674616502178375,0.02851621252581446,0.0007469570237943608,0.6787556323182331,0.7330005191996966,0.11341842353866705,0.054244886881469084,0.020674451322520486,0.028515677751683215,0.0007469417113388458
3.18,0.6780953574303533,0.732434657132916,0.1136924854963346,0.054339299702567956,0.020697588658212147,0.028590681989585146,0.0007490880970082191,0.6781000172919751,0.7324386521999827,0.1136905530272635,0.054338634908013245,0.020697426163235257,0.02859015315673472,0.0007490729492218369
3.185,0.6774414725789569,0.7318741634181657,0.11396408020051638,0.054432690839213996,0.020720414547531853,0.028665063892606413,0.0007512174328233264,0.6774460742203374,0.7318781093328905,0.11396217059033854,0.054432035112558695,0.020720254697804603,0.028664540945677337,0.000751202448244136
3.19,0.6767892671432473,0.7313150007804857,0.1142351585788109,0.05452573363724381,0.020743094504959855,0.028739356825014058,0.0007533449887688685,0.6767938112061108,0.7313188980741687,0.11423327159596884,0.05452508686806334,0.020742937261541413,0.028738839709014943,0.000753330165943661
3.195,0.6761387491914558,0.7307571766700005,0.11450571601015062,0.05461842747854996,0.020765628868463754,0.02881355937753923,0.0007554707224077631,0.6761432363118715,0.7307610258693829,0.11450385142482532,0.054617789557516894,0.02076547419290167,0.02881304803784716,0.0007554560598920652
3.2,0.6754899264732501,0.7302006982812344,0.11477574798776397,0.05471077180798942,0.020788017995601173,0.0288876701601023,0.0007575945917406474,0.6754943572817034,0.7302044999085547,0.11477390557186304,0.05471014262685687,0.02078786584992034,0.028887164542460615,0.0007575800880987169
3.205,0.6748428066736698,0.7296455727566431,0.11504525002821643,0.05480276608297842,0.020810262247853296,0.028961687786706363,0.0007597165548586276,0.674847181795077,0.7296493273296484,0.11504342955537161,0.054802145534576734,0.02081011259455376,0.02896118783722412,0.0007597022086634522
3.21,0.6741973974035461,0.7290918071786872,0.11531421767531891,0.05489440977514629,0.02083236199098076,0.029035610876248816,0.0007618365699635793,0.6742017174572715,0.7290955152106454,0.11531241892088286,0.0548937977533792,0.020832214793035275,0.029035116541400157,0.000761822379796874
3.215,0.6735537062927899,0.7285394086472149,0.11558264646413952,0.05498570235443018,0.020854317590275753,0.02910943804465358,0.0007639545952070224,0.6735579718926415,0.7285430706469114,0.11558086920518794,0.05498509875427518,0.020854172811129716,0.029108949271278557,0.000763940559659234
3.22,0.6729117406417988,0.7279883839969362,0.11585053205011132,0.05507664335514267,0.020876129430218927,0.02918316792843828,0.0007660705892260898,0.672915952396105,0.7279920004687329,0.11584877606542969,0.05507604807263318,0.0208759870337788,0.02918268466374054,0.0007660567068963856
3.225,0.6722715076057388,0.7274387399450047,0.11611787014221543,0.05516723233927109,0.020897797903576265,0.02925679917381584,0.000768184510877852,0.6722756661173819,0.7274423113888655,0.11611613521229273,0.05516664527148891,0.02089765785420475,0.029256321365361337,0.0007681707803741149
3.23,0.671633014339776,0.7268904832085736,0.11638465644943305,0.0552574688688028,0.020919323403113747,0.02933033042699922,0.0007702963190193803,0.6716371202061919,0.7268940101200648,0.11638294235646177,0.055256889913878095,0.020919185665629794,0.02932985802271621,0.0007702827389582081
3.235,0.6709962678658152,0.7263436203969982,0.11665088673031687,0.05534735253118791,0.020940706328921022,0.029403760343085346,0.0007724059727174487,0.6710003216790258,0.7263471032673128,0.1166491932581871,0.05534678158829205,0.020940570868595267,0.029403293291263333,0.0007723925417241471
3.24,0.6703612752214112,0.7257981581350392,0.11691655673543035,0.055436882913633086,0.020961947080978115,0.02947708757372857,0.000774513430985195,0.6703652775680202,0.7258015974509934,0.11691488366973228,0.05543631988297834,0.020961813863532342,0.02947662582301942,0.000774500147693784
3.245,0.6697280430407961,0.725254102719864,0.11718166236693749,0.0555260596790729,0.020983046080851796,0.029550310798592775,0.0007766186534919972,0.6697319945020864,0.7252574989639721,0.11718000949494264,0.05552550446189076,0.02098291507244544,0.029549854298007085,0.0007766055165451855
3.25,0.6690965779276429,0.7247114604237693,0.11744619953851393,0.05561488249613142,0.02100400375173684,0.029623428699507695,0.000778721599957274,0.669100479079583,0.724714814074249,0.11744456664917373,0.05561433499467102,0.02100387491896598,0.029622977398414498,0.0007787086080064576
3.255,0.6684668864479968,0.7241702374883113,0.11771016417826258,0.05570335104031952,0.021024820518707698,0.02969643996108459,0.0007808222301661311,0.6684707378612507,0.7241735490190913,0.11770855106220635,0.055702811157845596,0.021024693828603835,0.029695993809210966,0.0007808093818713901
3.26,0.6678389751019461,0.723630440102586,0.11797355223835505,0.0557914650006449,0.021045496810552854,0.02976934327158517,0.0007829205040011349,0.6678427773418892,0.723633709983318,0.1179719586878877,0.055790932641433706,0.021045372230580252,0.029768902219016104,0.0007829077980312305
3.265,0.6672128502171997,0.7230920743168303,0.11823635973580847,0.05587922409963558,0.021066033065063494,0.029842137330286202,0.000785016381627301,0.6672166038439619,0.7230953030129215,0.11823478554490299,0.05587869916896456,0.02106591056311264,0.029841701327463645,0.0007850038166596646
3.27,0.6665885178489582,0.72255514595861,0.11849858279231455,0.05596662810965668,0.021086429733566253,0.029914820856631108,0.0007871098236879639,0.6665922234174906,0.7225583339312753,0.11849702775659805,0.05596611051378964,0.02108630927794495,0.02991438985435123,0.0007870973984086737
3.275,0.6659659840524224,0.7220196608554907,0.11876021752956513,0.056053676803073306,0.021106687267387788,0.029987392570063335,0.0007892007908264588,0.6659696421124977,0.7220228085617532,0.11875868144631885,0.05605316644926048,0.021106568826821118,0.029986966519476514,0.0007891885039302394
3.2800000000000002,0.6653452547949432,0.7214856247630903,0.11902126010344052,0.05614036996815203,0.02112680612198156,0.030059851196703572,0.0007912892438477362,0.6653488658911776,0.7214887326557978,0.11901974277159513,0.05613986676462512,0.02112668966560902,0.03005943004931351,0.0007912770940379495
3.285,0.6647263360433041,0.7209530434386938,0.11928170666840994,0.056226707395394496,0.021146786753354786,0.03013219546088479,0.0007933751435319126,0.6647299007151579,0.7209561119665188,0.11928020788854699,0.05622621125136574,0.02114667225072938,0.03013177916854935,0.0007933631295205627
3.29,0.6641092334187274,0.7204219223568497,0.11954155351369689,0.0563126889381271,0.021166629633601844,0.030204424112939228,0.0007954584512976075,0.6641127522005925,0.7204249519643572,0.11954007308803041,0.05631219976376958,0.02116651705467839,0.030204012627867153,0.0007954465718053046
3.295,0.6634939524323898,0.7198922669017127,0.11980079697163497,0.05639831446932762,0.02118633523988556,0.030276535911788492,0.000797539128770137,0.6634974258536179,0.7198952580293823,0.11979933470400549,0.0563978321757692,0.021186224555017123,0.030276129186538183,0.0007975273825260845
3.3,0.6628804985954685,0.7193640824574375,0.12005943337455782,0.05648358386197383,0.02120590404936876,0.030348529616354175,0.0007996171375748164,0.6628839271803708,0.7193670355416631,0.12005798907043225,0.05648310836129715,0.021205795229306643,0.030348127603833694,0.0007996055233168121
3.305,0.6622688772736551,0.718837374288812,0.12031745911221176,0.05656849701516161,0.021225336545623672,0.030420403996854212,0.0008016924396172463,0.6622722615415402,0.7188402897619312,0.12031603257867537,0.056568028220395694,0.021225229561512515,0.03042000665031985,0.0008016809560916637
3.31,0.6616590938518195,0.7183121476786266,0.12057487056529531,0.05665305382681171,0.021244633211803844,0.030492157820076284,0.0008037649967393217,0.6616624343169889,0.7183150259689159,0.12057346161105438,0.056652591651931865,0.02124452803518126,0.030491765093133755,0.0008037536427011181
3.315,0.6610511533148449,0.7177884075799346,0.12083166427396871,0.05673725426509436,0.021263794548115965,0.030563789885172228,0.0008058347715789519,0.6610544504866969,0.7177912491116917,0.12083027270932714,0.05673679862499948,0.021263691150899478,0.03056340173177217,0.0008058235457916149
3.32,0.6604450606356863,0.7172661589359457,0.12108783678314874,0.05682109830026406,0.021282821055275868,0.03063529899226834,0.0008079017267978428,0.6604483150187195,0.7172689641294907,0.12108646242000737,0.056820649110776,0.021282719409762542,0.03063491536670618,0.0008078906280333892
3.325,0.6598408207391773,0.7167454066500121,0.12134338465724143,0.0569045859108394,0.021301713235904685,0.030706683945563584,0.0008099658251587731,0.6598440328330027,0.7167481759216984,0.12134202730909499,0.056904143088700176,0.02130161331476958,0.030706304802478962,0.0008099548521977415
3.33,0.6592384385077875,0.7162261555917471,0.1215983044768013,0.05698771708396419,0.02132047159460388,0.030777943551702915,0.0008120270294946515,0.6592416088071409,0.7162288893539692,0.12159696395873684,0.05698728054683295,0.021320373370898142,0.030777568846079743,0.000812016181126099
3.335,0.6586379186048473,0.7157084104505839,0.12185259291063415,0.05707049184574119,0.02133909664471474,0.0308490766347456,0.0008140853030854539,0.6586410475996475,0.7157111091118237,0.12185126903931832,0.05707006151218074,0.021339000091857834,0.03084870632191011,0.0008140745781069248
3.34,0.6580392654721671,0.7151921757323447,0.12210624671750998,0.05715291026018222,0.021357588908248154,0.030920082037607297,0.0008161406096799018,0.658042353647575,0.7151948396972168,0.12210493931117522,0.057152486049646296,0.021357494000020766,0.030919716073225335,0.0008161300068973937
3.345,0.657442483551557,0.7146774559428515,0.12235926265619887,0.057234972391299065,0.021375948907215035,0.030990958603203674,0.0008181929130267172,0.6574455313879759,0.7146800856121038,0.12235797153464333,0.057234554224132386,0.021375855617759065,0.0309905969432807,0.0008181824312546803
3.35,0.6568475771579863,0.7141642554824285,0.12261163753767272,0.0573166783244467,0.02139417716823785,0.031061705185613197,0.0008202421771552874,0.6568505851310961,0.7141668512529691,0.12261036252225198,0.05731626612187757,0.02139408547205239,0.03106134778649265,0.0008202318152166027
3.355,0.6562545507087402,0.7136525788385983,0.12286336812939092,0.05739802812986267,0.021412274214603715,0.0311323206281431,0.0008222883658383583,0.6562575192894701,0.7136551411034734,0.12286210904302633,0.0573976218140078,0.02141218408654735,0.031131967446508722,0.0008222781225643609
3.36,0.6556634081963791,0.713142430145821,0.12311445137419381,0.05747902194944632,0.021430240584731246,0.031202803811300566,0.000824331443793152,0.6556663378510244,0.7131449592943053,0.12311320804134475,0.05747862144328554,0.02143015200000813,0.03120245480417128,0.000824321318023556
3.365,0.6550741535027863,0.7126338134463115,0.12336488426068988,0.0575596599435296,0.02144807682098396,0.03127315362549173,0.0008263713759854906,0.6550770446930377,0.7126363098639328,0.12336365650734633,0.05755926517089947,0.02144798975514036,0.03127280875022015,0.0008263613665683688
3.37,0.6544867905098449,0.7121267327822849,0.12361466377748752,0.05763994227244446,0.02146578346572539,0.031343368961122706,0.0008284081273811953,0.6544896436927896,0.7121291968508233,0.12361345143117015,0.05763955315803825,0.02146569789464966,0.031343028175395145,0.0008283982331729797
3.375,0.6539013230026421,0.7116211921149926,0.12386378695383246,0.05771986911235492,0.021483361064457016,0.03141344871754794,0.0008304416631741847,0.65390413863079,0.7116236242125025,0.1238625898435858,0.05771948558171693,0.021483276964376574,0.03141311197938309,0.0008304318830396467
3.38,0.6533177547922413,0.7111171954292911,0.12411225080685113,0.05779944063705417,0.02150081016214178,0.03148339179016048,0.0008324719484680708,0.6533205333135184,0.7111195959300941,0.12411106876324685,0.05779906261658021,0.021500727509623056,0.031483059057910705,0.0008324622812803313
3.385,0.6527360893787865,0.710614746450618,0.12436005248441172,0.05787865707183579,0.021518131313629306,0.03155319710254063,0.0008344989490945257,0.6527388312366228,0.7106171157253722,0.12435888533952746,0.05787828448875394,0.02151805008556734,0.03155286833488826,0.0008344893937349938
3.39,0.6521563300707641,0.7101138487438164,0.12460718921516446,0.05795751867305664,0.0215353250798722,0.031622863596218756,0.0008365226313424319,0.6521590357041472,0.7101161871595588,0.12460603680257026,0.057957151455416,0.021535245253484683,0.03162253875217333,0.0008365131867007649
3.395,0.6515784801766609,0.7096145058737301,0.12485365822775958,0.058036025697073536,0.021552392021823064,0.03169239021272519,0.0008385429615006712,0.6515811500201361,0.7096168137938759,0.12485252038251783,0.058035663773744264,0.021552313574650348,0.031692069251623475,0.0008385336264747743
3.4,0.6510025429458568,0.7091167213554604,0.125099456776154,0.058114178409607906,0.02156933270212095,0.031761775899336556,0.0008405599060063283,0.6510051774295436,0.7091189991398168,0.12509833333481507,0.058113821710277645,0.021569255612024198,0.03176145878084169,0.0008405506795023407
3.4050000000000002,0.6504285215858321,0.7086204986701643,0.12534458213139343,0.05819197708433646,0.021586147684800765,0.03183101960632222,0.0008425734313791968,0.6504311211354368,0.7086227466749395,0.12534347293199355,0.0581916255395071,0.021586071929960076,0.03183070629042374,0.0008425643123114871
3.41,0.6498564191369027,0.7081258411595364,0.12558903163594223,0.05826942202263794,0.021602837538540955,0.03190012029919649,0.0008445835045422089,0.6498589841737676,0.7081280597373777,0.12558793651799216,0.058269075563614436,0.021602763097449282,0.03189981074620874,0.0008445744918333384
3.415,0.6492862383474439,0.7076327519194022,0.12583280275758066,0.05834651357196257,0.021619402840222297,0.03196907697200302,0.0008465900931548838,0.6492887692886307,0.7076349414194618,0.12583172156204384,0.05834617213083545,0.021619329691676417,0.03196877114256079,0.000846581185735539
3.42,0.6487179819658307,0.707141234045587,0.12607589296408905,0.05842325207976055,0.02163584416672557,0.03203788861878546,0.0008485931648767408,0.6487204792241206,0.7071433948135222,0.12607482553338148,0.05842291558940594,0.021635772289826084,0.03203758647384397,0.0008485843616857327
3.425,0.6481516527222297,0.7066512906185032,0.12631829973119088,0.058499637896277684,0.021652162095381813,0.0321065542354413,0.0008505926874156818,0.6481541167061288,0.7066534229964807,0.1263172459091798,0.058499306290356205,0.021652091469532585,0.03210625573627593,0.0008505839873999415
3.43,0.647587253205557,0.7061629245998472,0.12656002059566676,0.05857567139429444,0.021668357207143593,0.03217507283156065,0.0008525886288390929,0.6475896843193377,0.7061650289265756,0.12655898022766018,0.058575344607242154,0.02166828781204705,0.03217477793976515,0.0008525800309536376
3.435,0.6470247860302502,0.7056761389743835,0.12680105308285083,0.05865135294413764,0.021684430082219222,0.032243443412951885,0.0008545809571231761,0.6470271846739455,0.7056782155851075,0.12680002601560084,0.05865103091116622,0.02168436189787613,0.03224315209043979,0.0008545724603311207
3.44,0.6464642533991496,0.7051909363784519,0.1270413948979359,0.05872668297930648,0.021700381310843106,0.03231166502734731,0.0008565696413399453,0.6464666199686735,0.7051929856050474,0.1270403809796063,0.05872636563637813,0.021700314317539878,0.03231137723634553,0.0008565612446123944
3.445,0.6459056575150958,0.7047073194483917,0.12728104374611482,0.058801661933300164,0.021716211483249655,0.03237973672247923,0.0008585546505614139,0.6459079924022437,0.7047093416193672,0.12728004282628097,0.05880134921712762,0.021716145661558335,0.03237945242552802,0.0008585463528774623
3.45,0.6453490005809288,0.7042252908205426,0.12751999733258038,0.05887629023961791,0.02173192118967327,0.03244765754607994,0.0008605359538595957,0.6453513041733776,0.7042272862610378,0.12751900926222942,0.0588759820876644,0.021731856520451554,0.032447376706032934,0.0008605277542063281
3.455,0.6447942846147231,0.7037448529744286,0.12775825344422928,0.05895056835970966,0.021747511024314586,0.032515426565152016,0.0008625135208154706,0.6447965572960861,0.7037468220062593,0.12775727807574497,0.058950264710177405,0.021747447488700035,0.03251514914517331,0.0008625054181879097
3.46,0.644241511801535,0.7032660085332538,0.12799580979343014,0.05902449673172304,0.021762981577755667,0.03258304282772155,0.0008644873205126659,0.6442437539513136,0.7032679514748714,0.12799484698060826,0.059024197523561965,0.021762919157169713,0.032582768791289685,0.0008644793139138273
3.465,0.6436906838308543,0.7027887596985005,0.12823266431305697,0.05909807586765043,0.021778333450725544,0.032650505434417644,0.0008664573234258271,0.6436928958245873,0.7027906768651105,0.12823171391106442,0.059097781040527375,0.021778272126858206,0.03265023474531746,0.0008664494118665748
3.47,0.6431418023578744,0.7023131086424513,0.1284688149512206,0.059171306284580984,0.021793567244670575,0.03271781348952009,0.0008684235001259965,0.6431439845671486,0.702315000346022,0.12846787681659239,0.05917101577887759,0.021793506999479448,0.03271754611184217,0.0008684156826250344
3.475,0.6425948690377893,0.701839057537389,0.12870425965603174,0.05924418849960382,0.021808683561037122,0.03278496609730865,0.0008703858211842164,0.6425970218302388,0.7018409240866512,0.1287033336466711,0.059243902256416514,0.021808624376747365,0.03278470199544932,0.0008703780967680872
3.48,0.6420498854373488,0.7013666084799517,0.12893899641553128,0.05931672304260696,0.021823683002801058,0.032851962371817985,0.0008723442574320147,0.6420520091766833,0.7013684501804206,0.12893808239070192,0.059316441003741456,0.021823624861902723,0.03285170151047775,0.0008723366251350724
3.485,0.6415068531405412,0.7008957635827767,0.1291730232094329,0.059388910442239595,0.021838566172655244,0.03291880142419708,0.0008742987796228363,0.6415089481865401,0.7008975807367469,0.1291721210297618,0.05938863255021092,0.021838509057903067,0.03291854376838181,0.0008742912384872572
3.49,0.6409657734972902,0.7004265247587455,0.12940633812375454,0.059460751261459326,0.021853333676908213,0.03298548239109558,0.0008762493591920389,0.6409678402058769,0.7004283176653491,0.12940544765121217,0.05946047745947615,0.02185327757131384,0.03298522790611308,0.000876241908267749
3.495,0.6404266476215416,0.6999588937186536,0.12963893935137152,0.059532246097116076,0.021867986125835372,0.03305200443539827,0.0008781959682760855,0.6404286863448561,0.699960662673918,0.12963806044925122,0.05953197632906599,0.0218679310126603,0.03305175308685401,0.0008781886066206853
3.5,0.6398894766272407,0.6994928721732965,0.12987082508515926,0.059603395546059784,0.021882524129712155,0.033118366719989904,0.0008801385790114397,0.6398914877136396,0.6994946174701447,0.12986995761807724,0.0596031297565093,0.021882469992467707,0.03311811847378709,0.0008801313056902041
3.505,0.6393542616283334,0.6990284618334698,0.13010199351799318,0.0596742002051404,0.021896948298813976,0.03318456840775526,0.0008820771635345648,0.6393562454223894,0.6990301837617203,0.13010113735188844,0.05967393833933493,0.021896895121261323,0.033184323230094785,0.0008820699776204427
3.51,0.6388210035555046,0.6985656642526263,0.13033244292683538,0.059744660697125716,0.0219112592458735,0.033250608682419934,0.0008840116945433509,0.6388229603980654,0.6985673630990391,0.13033159792895346,0.05974440270097773,0.021911207012017986,0.03325036653979724,0.0008840045951169041
3.515,0.6382897034870774,0.6981044811124724,0.1305621715207929,0.059814777625398954,0.02192545758134698,0.03331648670979684,0.0008859421442471741,0.6382916337152195,0.6981061571607113,0.13056133755970073,0.059814523445495774,0.021925406275441494,0.03331624756900578,0.0008859351303966337
3.52,0.6377603620423208,0.6976449136993883,0.1307911777208106,0.05988455165707152,0.02193954392146509,0.03338220170885931,0.0008878684862912962,0.6377622659894958,0.697646567230138,0.13079035466635436,0.05988430124064598,0.021939493527996217,0.03338196553698371,0.0008878615571124023
3.525,0.6372329798137378,0.6971869632767045,0.13101945996015768,0.05995398346297064,0.021953518882810316,0.03344775290167894,0.0008897906944046876,0.6372348578097808,0.6971885945676763,0.1310186476834605,0.05995373675789939,0.02195346938649755,0.03344751966609203,0.0008897838490006801
3.5300000000000002,0.6367075573938314,0.696730631107751,0.13124701667210348,0.06002307371392353,0.021967383081965143,0.033513139510327306,0.0008917087423163188,0.6367094097649605,0.6967322404336836,0.13124621504556527,0.06002283066872701,0.021967334467760873,0.033512909178691784,0.0008917019797979372
3.535,0.636184095290177,0.6962759183823641,0.13147384632965145,0.06009182309219095,0.02198113713631245,0.03357836076705735,0.0008936226040328249,0.6361859223590214,0.6962775060150456,0.1314730552269409,0.06009158365602797,0.021981089389399463,0.03357813330732369,0.0008936159235182761
3.54,0.6356625940319227,0.6958228263099739,0.13169994739551333,0.060160232278055024,0.021994781662904195,0.03364341590085097,0.0008955322534645514,0.6356643961175157,0.6958243925182349,0.131699166691571,0.0601599964007231,0.021994734768695602,0.033643191281258686,0.0008955256540795233
3.545,0.6351430539202458,0.6953713559028366,0.13192531843999475,0.06022830198259447,0.022008317280377034,0.033708304168012335,0.0008974376652627439,0.6351448313381006,0.6953729009526111,0.13192454801101186,0.060228069614514164,0.02200827122450891,0.033708082357086055,0.0008974311461403203
3.55,0.6346254750468908,0.6949215079917412,0.1321499581316707,0.06029603294485418,0.02202174460923872,0.033773024850140033,0.0008993388147693935,0.6346272281090681,0.6949230321461201,0.13214919785506882,0.06029580403705566,0.022021699377563913,0.03377280581668539,0.0008993323750499747
3.555,0.6341098575036017,0.694473283407477,0.13237386513911617,0.060363425903879095,0.022035064269997007,0.03383757722883267,0.0009012356773264917,0.6341115865187099,0.6944747869267083,0.1323731148935473,0.06036320040800207,0.02203501984858513,0.03383736094193626,0.0009012293161577937
3.56,0.6335962013821228,0.6940266829808331,0.1325970381309061,0.06043048159871409,0.022048276883159645,0.03390196058568884,0.0009031282282760292,0.6335979066553179,0.694028166122322,0.13259629779625268,0.06043025946700789,0.022048233258297086,0.03390174701471825,0.0009031219448130842
3.565,0.6330845065831059,0.6935817073764385,0.13281947586652076,0.06049720079333634,0.022061383070263067,0.03396617422601728,0.0009050164436111243,0.6330861884161549,0.6935831703947983,0.13281874532387675,0.06049698197864715,0.022061340228447225,0.033965963340617314,0.0009050102370162037
3.5700000000000003,0.6325747732068756,0.6931383574335993,0.13304117701083784,0.060563584226727384,0.02207438345124869,0.0340302174296432,0.0009069002986078918,0.6325764318980919,0.693139800580598,0.13304045614253002,0.06056336868250976,0.022074341379192838,0.034030009199741126,0.0009068941680505939
3.575,0.6320670008751015,0.6926966335743383,0.13326214045764742,0.060629632699240536,0.02208727864822094,0.03409408953665366,0.0009087797702036624,0.6320686367195043,0.6926980570990265,0.1332614291471873,0.06062942037952592,0.022087237332840036,0.034093883932449345,0.0009087737148607143
3.58,0.6315611891863073,0.6922565362005063,0.13348236511177772,0.06069534701420255,0.02210006928340549,0.03415778989004282,0.0009106548354160437,0.6315628024756297,0.6922579403492237,0.13348166324385913,0.06069513787359771,0.022100028711815507,0.034157586882008185,0.0009106488544712914
3.585,0.6310573377390174,0.691818065713954,0.13370184987805694,0.06076072797494015,0.022112755979028016,0.03422131783280479,0.0009125254712626427,0.6310589287617058,0.6918194507303294,0.13370115733855606,0.06076052196862723,0.022112716138545943,0.034221117391683875,0.0009125195639070511
3.59,0.6305554460941173,0.6913812224835278,0.13392059367958484,0.06082577638941414,0.02212533935735475,0.03428467271285439,0.0009143916548983498,0.6305570151353448,0.6913825886084893,0.13391991035555614,0.06082557347314814,0.0221253002354975,0.03428447480966244,0.0009143858203299861
3.5949999999999998,0.6300555137168976,0.6909460067947624,0.13413859548579388,0.06089049307786839,0.022137820040644213,0.03434785389024853,0.0009162533638074964,0.6300570610585966,0.6909473542665632,0.13413792126546087,0.06089029320797021,0.022137781625125436,0.034347658496270486,0.0009162476012314908
3.6,0.6295575400896755,0.6905124189483194,0.13435585425895527,0.06095487885864751,0.02215019865040824,0.03441086072280595,0.0009181105753958941,0.6295590660105337,0.6905137480025338,0.1343551890317132,0.0609546819920037,0.022150160929137956,0.03441066780959768,0.0009181048840244514
3.605,0.6290615243322292,0.6900804589267142,0.13457236913781193,0.06101893459448853,0.022162475808333394,0.034473692615959055,0.0009199632683972733,0.6290630291078136,0.6900817697963373,0.13457171279418925,0.0610187406885272,0.022162438769407433,0.03447350215533935,0.000919957647449509
3.61,0.6285674655643371,0.689650126712462,0.13478813926110672,0.061082661148128506,0.022174652136106237,0.03453634897514031,0.0009218114215453647,0.6285689494670939,0.6896514196279097,0.13478749169276527,0.06108247016081932,0.02217461576780624,0.03453616093919082,0.0009218058702473057
3.615,0.6280753629057771,0.689221422288078,0.1350031637675826,0.06114605938230447,0.022186728255413325,0.03459882920578215,0.0009236550135738994,0.6280768262050319,0.689222697477187,0.13500252486731748,0.06114587127215867,0.02218669254620675,0.034598643566847435,0.0009236495311584831
3.62,0.6275852153943045,0.6887943455637018,0.13521744183652798,0.061209130169400786,0.022198704787672607,0.03466113272447652,0.0009254940235307269,0.6275866583562906,0.6887956032517526,0.13521681149825862,0.0612089448954656,0.022198669726210346,0.034660949455162106,0.0009254886092377625
3.625,0.627097022092296,0.6883688964716878,0.13543097263528986,0.06127187437939513,0.022210582354079238,0.034723258944178464,0.0009273284303443013,0.6270984449801469,0.6883701368813979,0.1354303507540636,0.06127169190125451,0.02221054792919571,0.03472307801735225,0.0009273230834204861
3.63,0.6266107818787443,0.6879450747822724,0.13564375542324825,0.0613342929035316,0.022222361574459427,0.034785207303173846,0.0009291582136426481,0.6266121849525592,0.6879462981338486,0.1356431418952206,0.06133411318129282,0.022222327775166677,0.03478502869196235,0.0009291529333414806
3.635,0.6261264934193874,0.6875228800773003,0.13585578956548217,0.061396386657916364,0.022234043067834865,0.03484697726894294,0.0009309833538771382,0.6261278769363066,0.6875240865884987,0.13585518428789303,0.061396209652195645,0.022234009883316423,0.03484680094672628,0.0009309781394588138
3.64,0.6256441553799638,0.6871023119386159,0.13606707442707064,0.06145815655865563,0.02224562745322725,0.03490856830896602,0.0009328038314991426,0.6256455195941679,0.6871035018247427,0.1360664772982445,0.06145798223057815,0.02224559487283812,0.034908394249377916,0.0009327986822305535
3.645,0.6251637664262116,0.6866833699480638,0.13627760937309266,0.061519603521855565,0.022257115349658272,0.034969979890723354,0.0009346196269600318,0.6251651115889226,0.6866845434219746,0.1362770202924384,0.06151943183305545,0.022257083362924944,0.03496980806765112,0.0009346145421147671
3.65,0.624685325106484,0.6862660535832249,0.1364873938277564,0.06158072847674418,0.02226850737522172,0.03503121149832958,0.0009364307211827083,0.6246866514660064,0.6862672108553594,0.13648681269575397,0.06158055938935638,0.02226847597183873,0.03503104188591131,0.0009364257000409931
3.6550000000000002,0.6242088300653982,0.6858503624074984,0.13669642716748165,0.06164153234210357,0.0222798041482062,0.03509226260217444,0.0009382370946742755,0.624210137867086,0.6858515036858518,0.13669585388569414,0.06164136581876921,0.022279773318038158,0.03509209517480231,0.0009382321365230275
3.66,0.6237342796459416,0.685436295715721,0.1369047089219543,0.061702016069782685,0.02229100628388072,0.035153132716004065,0.0009400387291664777,0.6237355691323087,0.685437421205933,0.1369041433929932,0.06170185207362778,0.02229097601695328,0.035152967448317154,0.0009400338332991477
3.665,0.623261672084836,0.6850238527082131,0.1371122386744926,0.06176218062338042,0.022302114396651872,0.035213821368719526,0.0009418356068232046,0.6232629434955935,0.6850249626135986,0.13711168080200542,0.06176201911800855,0.022302084683148687,0.03521365823560115,0.0009418307725397221
3.67,0.6227910056188029,0.6846130325852952,0.13731901600841467,0.06182202696649563,0.02231312910092624,0.035274328089221874,0.0009436277098083463,0.6227922591908602,0.6846141271068448,0.13731846569708497,0.061821867915987976,0.022313099931188973,0.035274167065799604,0.0009436229364151185
3.675,0.6223222784845639,0.6842038345472878,0.13752504050703873,0.061881556062727175,0.022324051011110412,0.035334652406412176,0.0009454150202857927,0.6223235144520282,0.6842049138836673,0.1375244976625861,0.061881399431642496,0.02232402237563872,0.035334493468057816,0.0009454103070957048
3.68,0.6218554887512173,0.6837962576445794,0.1377303118397406,0.061940768893365306,0.02233488073949188,0.03539479387395406,0.0009471975211270962,0.6218567073454556,0.6837973219921804,0.1377297763689005,0.061940614646728065,0.02233485262893852,0.035394636996279455,0.0009471928674594181
3.685,0.621390634684811,0.6833903011037611,0.13793482957606337,0.06199966641895324,0.022345618899974277,0.03545475201662857,0.0009489751943390231,0.6213918361343789,0.6833913506566415,0.13793430138661217,0.06199951452226595,0.022345591305149917,0.035454597175491716,0.0009489705995195262
3.69,0.6209277141428994,0.6829859637851772,0.13813859349644778,0.06205824964228094,0.02235626610083055,0.03551452642029012,0.0009507480236815041,0.6209288986736933,0.6829869987351853,0.13813807249715299,0.06205810006149531,0.022356239012691886,0.03551437359178456,0.000950743487042229
3.6950000000000003,0.6204667249467288,0.6825832445166545,0.1383416033999936,0.062116519569928884,0.02236682294987761,0.035574116676184715,0.0009525159930700301,0.6204678927819999,0.6825842650534398,0.1383410895006095,0.06211637227144325,0.022366796359526354,0.03557396583663856,0.000952511513949266
3.7,0.6200076649175456,0.6821821421260199,0.13854385908580066,0.06217447720847755,0.022377290054932376,0.03563352237555836,0.0009542790864200916,0.6200088162778995,0.6821831484370331,0.13854335219706818,0.0621743321591369,0.022377263953615258,0.03563337350153431,0.0009542746641623765
3.705,0.6195505318765959,0.6817826554411003,0.13874536035296875,0.062232123564507406,0.02238766802381177,0.035692743109657095,0.0009560372876471796,0.6195516669799931,0.6817836477115933,0.13874486038661557,0.062231980731603374,0.022387642402920516,0.03569259617795238,0.0009560329216032999
3.71,0.6190953234924909,0.681384783152068,0.138946107080654,0.06228945965958016,0.02239795746158748,0.035751778493350664,0.0009577905813483082,0.6190964425543046,0.6813857615651414,0.1389456139493753,0.06228931901083995,0.022397932312654367,0.03575163348099304,0.0009577862708752072
3.715,0.618642037597278,0.6809885240962781,0.13914609906378195,0.062346486499003144,0.022408158975315704,0.03581062811665417,0.000959538951358309,0.6186431408302335,0.6809894888328303,0.1391456126812623,0.06234634800259983,0.022408134290017426,0.0358104850009074,0.0009595346958191925
3.7199999999999998,0.6181906716638808,0.6805938767864343,0.13934533628670134,0.062403205122556614,0.022418273165172253,0.035869291625813385,0.0009612823831428369,0.6181917592781939,0.6805948280252739,0.13934485656756868,0.06240306874708317,0.022418248935319497,0.03586915038416731,0.0009612781819069519
3.725,0.6177412231175211,0.6802008396921793,0.139543818758786,0.062459616574661224,0.022428300630488122,0.035927768674480456,0.0009630208623836935,0.6177422953209166,0.6802017776100406,0.1395433456186055,0.062459482289127115,0.022428276848024203,0.03592762928464966,0.0009630167148262991
3.73,0.6172936893834212,0.6798094112831558,0.13974154648940953,0.06251572189973759,0.02243824197059428,0.03598605891630751,0.0009647543747626797,0.6172947463811329,0.6798103360546985,0.13974107984468376,0.0625155896735688,0.02243821862759517,0.03598592135623129,0.0009647502802650472
3.735,0.6168480678868031,0.6794195900290065,0.13993851948794575,0.06257152214220638,0.02244809778482172,0.03604416200494668,0.000966482905961597,0.6168491098815736,0.6794205018268159,0.1399380592561145,0.06257139194524537,0.022448074873496017,0.03604402625278908,0.0009664788639110097
3.74,0.6164043559192047,0.6790313742777743,0.14013473783539815,0.06262701835857257,0.02245786866937508,0.03610207761572174,0.0009682064422945416,0.6164053831113387,0.6790322732724041,0.14013428393482077,0.06262689016106845,0.022457846182060117,0.03610194364986773,0.000968202452084208
3.745,0.6159625509119973,0.6786447625042819,0.14033020153939174,0.06268221159228753,0.022467555222783635,0.036159805401891204,0.0009699249693843329,0.6159635634993071,0.678645648864209,0.14032975388936683,0.06268208536490491,0.022467533151948778,0.0361596732009517,0.0009699210304134842
3.75,0.6155226499799707,0.6782597528946234,0.14052491077835852,0.06273710291465562,0.02247715803566171,0.03621734506870666,0.0009716384743754107,0.6155236481579033,0.6782606267863515,0.1405244692990813,0.06273697862845119,0.022477136373899087,0.03621721461150926,0.0009716345860490906
3.755,0.6150846501799567,0.677876343582134,0.14071886576179352,0.06279169340218023,0.02248667769728077,0.03627469633083649,0.0009733469446901548,0.6150856341416165,0.6778772051702121,0.14071843037434806,0.06279157102859845,0.022486656437303645,0.03627456759642374,0.000973343106419181
3.76,0.6146485485687874,0.6774945327001491,0.14091206669919173,0.0628459841313647,0.022496114796912284,0.036331858902949085,0.0009750503677509448,0.6146495185049365,0.6774953821471715,0.14091163732555098,0.06284586364223786,0.02249609393155505,0.03633173187057847,0.0009750465789519092
3.765,0.6142143422032943,0.6771143183820038,0.14110451380004826,0.06289997617871239,0.022505469923827723,0.03638883249971282,0.000976748730980161,0.6142152983023527,0.6771151558486104,0.14110409036307392,0.06289985754626061,0.02250544944604591,0.03638870714885679,0.0009767449910754293
3.77,0.6137820280240872,0.6767356986543577,0.1412962073375238,0.06295367063027332,0.022514743663916426,0.03644561685554409,0.0009784420223830795,0.6137829704721799,0.6767365242992727,0.14129578976095022,0.06295355382709572,0.022514723566783305,0.036445493165886474,0.0009784383308007096
3.775,0.6133516030895395,0.6763586716513872,0.14148714752183367,0.06300706856185058,0.022523936605573554,0.036502211685578025,0.0009801302293468215,0.6133525320704496,0.6763594856313796,0.1414867357302853,0.06300695356093293,0.02252391688228287,0.03650208963701859,0.0009801265855206528
3.7800000000000002,0.6129230641823418,0.6759832352534376,0.1416773347155265,0.06306017107109871,0.022533049328564023,0.03655861675252282,0.0009818133406627439,0.6129239798776254,0.6759840377234148,0.14167692863447873,0.06306005784579237,0.022533029972421875,0.03655849632516872,0.000981809744032199
3.785,0.6124964080182821,0.6756093872794089,0.141866769317815,0.06311297926112966,0.02254208241071429,0.036614831830473864,0.0009834913454621482,0.6124973106072953,0.675610178392439,0.14186636887358478,0.06311286778514659,0.022542063415137238,0.036614713004637506,0.0009834877954721859
3.79,0.6120716313131479,0.6752371255482005,0.14205545172791195,0.06316549423505545,0.022551036429850825,0.036670856693526585,0.0009851642328763373,0.6120725209730474,0.6752379054555128,0.14205505684765776,0.06316538448246814,0.022551017788365876,0.0366707394497256,0.0009851607289774506
3.795,0.6116487307827271,0.6748664478787123,0.14224338234503012,0.06321771709598806,0.022559911963800094,0.03672669111577639,0.0009868319920366127,0.6116496076884702,0.674867216729697,0.14224299295675194,0.06321760904122962,0.02255989367004471,0.03672657543473365,0.0009868285336848315
3.8,0.6112277030274038,0.6744973519829542,0.14243056163297993,0.06326964895555325,0.022568709586373484,0.03678233489183732,0.0009884946126899623,0.6112285673517972,0.6744981099252029,0.1424301776655022,0.06326954257340843,0.022568691634092246,0.036782220754477145,0.0009884911993467628
3.805,0.6108085447870298,0.6741298357014627,0.14261698997899577,0.06332129091443554,0.02257742987537638,0.036837787792307855,0.000990152083811211,0.6108093967006712,0.6741305828807188,0.142616611361989,0.06332118618005042,0.02257741225842439,0.036837675179761484,0.0009901487149436303
3.81,0.6103912525404055,0.6737638966318845,0.14280266791830737,0.06337264409148174,0.022586073398628944,0.036893049635252785,0.0009918043957882028,0.6103920922117967,0.673764633192137,0.14280229458224905,0.06337254098034305,0.02258605611096406,0.03689293852884974,0.0009918010708686348
3.815,0.6099758226792444,0.6733995322911331,0.14298759603497613,0.06342370961189142,0.022594640720894465,0.036948120254274054,0.0009934515394787447,0.609976650274829,0.673400258374646,0.14298722791113777,0.06342360809981984,0.0225946237565748,0.03694801063553922,0.0009934482579848733
3.8200000000000003,0.6095622515952606,0.673036740196122,0.14317177491306343,0.06347448860086416,0.022603132406936222,0.03700299948297364,0.0009950935057406437,0.6095630672794233,0.6730374559434349,0.14317141193351046,0.0634743886640144,0.022603115760120165,0.03700289133362722,0.000995090267155443
3.825,0.6091505356801677,0.6726755178637646,0.14335520513663064,0.06352498218359953,0.0226115490215175,0.03705768715495348,0.000996730285431707,0.6091513396152354,0.6726762234136929,0.14335484723422245,0.06352488379846026,0.02261153268646369,0.037057580456911016,0.0009967270892434405
3.83,0.6087406712754168,0.6723158627639095,0.14353788731861167,0.06357519148849555,0.02261989112730246,0.03711218311323152,0.0009983618696974338,0.6087414636216799,0.6723165582535625,0.14353753442699374,0.06357509463188542,0.02261987509836836,0.037112077848602064,0.0009983587153996128
3.835,0.608332654710741,0.6719577723550324,0.1437198220794798,0.06362511764429404,0.022628159285997602,0.03716648720349927,0.0009999882497293514,0.60833343562646,0.6719584579198173,0.14371947413308245,0.06362502229336015,0.02262814355763879,0.03716638335458555,0.0009999851368207296
3.84,0.607926482285297,0.6716012440656045,0.14390101005969017,0.06367476178031017,0.022636354056797814,0.03722059927857452,0.0010016094168946615,0.6079272519267168,0.6716019198392386,0.14390066699372386,0.06367466791252457,0.022636338623566593,0.037220496827872304,0.0010016063448792104
3.8449999999999998,0.6075221500888226,0.6712462751277424,0.14408145202041284,0.06372412503892241,0.022644475989961107,0.03727451923074421,0.0010032253637683004,0.6075229086102678,0.6712469412423306,0.14408111377083505,0.0637240326320656,0.02264446084650046,0.03727441816093466,0.0010032223321550322
3.85,0.6071196542110563,0.670892862773563,0.14426114872281795,0.06377320856250931,0.022652525635745494,0.037328246952295294,0.001004836082925205,0.6071204017649304,0.6708935193595976,0.14426081522633302,0.06377311759467005,0.02265251077678908,0.03732814724624496,0.0010048330912281725
3.855,0.6067189907417363,0.670541004235183,0.14444010092807566,0.06382201349344935,0.022660503544408996,0.03738178233551472,0.0010064415669403112,0.6067197274785221,0.6705416514215442,0.1444397721221348,0.06382192394302483,0.022660488964781136,0.037381683976275545,0.0010064386146786083
3.86,0.6063201557706009,0.6701906967447194,0.14461830939735604,0.06387054097412102,0.022668410266209617,0.037435125272689454,0.0010080418083885563,0.6063208818388603,0.6701913346586744,0.14461798522015742,0.06387045281981678,0.022668395960825313,0.03743502824349876,0.0010080388950863166
3.865,0.6059231452583069,0.6698419374118573,0.14479577496830368,0.06391879215355292,0.02267624634487254,0.037488275681803254,0.0010096368006268603,0.6059238608047419,0.6698425661791112,0.14479545535877095,0.063918705374372,0.02267623230873357,0.037488179966078956,0.0010096339258131432
3.87,0.6055279553233861,0.669494723494506,0.14497249838758114,0.06396676817112244,0.02268401233076413,0.037541233451019604,0.0010112265360278905,0.6055286604927652,0.6694953432391398,0.14497218328539058,0.06396668274637736,0.022683998558963112,0.03754113903236707,0.001011223699236828
3.875,0.6051345818017922,0.6691490519821026,0.1451484805699808,0.06401447018031299,0.02269170875965372,0.03759399852512375,0.0010128110087112047,0.6051352767370849,0.6691496628266842,0.14514816991551352,0.06401438608960212,0.022691695247365713,0.03759390538732477,0.0010128082094817417
3.88,0.6047430205099008,0.6688049198455301,0.1453237224418671,0.06406189933563192,0.022699336166337156,0.0376465708527783,0.0010143902129167899,0.6047437053522865,0.6688055219111217,0.14532341617620564,0.06406181655883794,0.02269932290881909,0.03764647897979032,0.0010143874507926654
3.885,0.6043532672640872,0.6684623240556713,0.14549822492960432,0.06410905679158653,0.02270689508561028,0.03769895038264587,0.0010159641428846321,0.6043539421529557,0.6684629174618295,0.1454979229945328,0.06410897530887646,0.022706882078200968,0.03769885975860199,0.00101596141741438
3.89,0.603965317880727,0.6681212615834088,0.1456719889595569,0.0641559437026842,0.022714386052268946,0.037751137063389076,0.0010175327928547183,0.603965982953678,0.6681218464481846,0.14567169129756086,0.06415586349450932,0.02271437329038906,0.03775104767259802,0.001017530103591667
3.895,0.6035791681067697,0.6677817293329694,0.145845015500379,0.06420256122620224,0.022721809597047785,0.037803130858245,0.0010190961575218007,0.6035798234996473,0.6677823057729367,0.14584472205463297,0.06420248227329214,0.02272179707619779,0.03780304268518829,0.0010190935040240035
3.9,0.6031948137479605,0.6674437242640735,0.14601730548637012,0.06424891051611555,0.02272916625335437,0.03785493171911603,0.0010206542311719173,0.6031954595948246,0.6674442923943044,0.14601701620074914,0.0642488327994824,0.022729153969115866,0.03785484474845104,0.001020651613002218
3.9050000000000002,0.6028122504766098,0.6671072432070068,0.14618885993523073,0.06429499273039946,0.022736456545742505,0.03790653962721771,0.0010222070089807712,0.6028128869098038,0.6671078031411272,0.14618857475428584,0.06429491623132595,0.022736444493773947,0.037906453843772295,0.0010222044257066673
3.91,0.6024314738634751,0.6667722828944795,0.1463596799266534,0.06434080903100696,0.02274368099276836,0.037957954585144484,0.0010237544867968088,0.6024321010136768,0.6667728347447117,0.14635939879559356,0.06434073373103749,0.022743669168802015,0.03795786997391263,0.0010237519379903506
3.915,0.6020524794793138,0.6664388400592024,0.14652976654033087,0.064386360579891,0.022750840112988106,0.038009176595490794,0.0010252966604684768,0.6020530974755353,0.6664393839363644,0.14652948940502272,0.06438628646083175,0.022750828512830067,0.03800909314163263,0.0010252941457062667
3.92,0.6016752628948836,0.6661069114338857,0.14669912085595577,0.06443164853900456,0.022757934424957917,0.038060205660851096,0.0010268335258442223,0.601675871864471,0.6661074474473918,0.1466988476629237,0.06443157558292344,0.022757923044488083,0.03806012334969287,0.0010268310447074146
3.925,0.6012998196599796,0.6657764937308364,0.1468677439663988,0.06447667407085925,0.02276496444581164,0.03811104178848194,0.001028365078921694,0.6013004197286245,0.6657770219887058,0.14686747466282093,0.06447660226008406,0.02276495328098311,0.03811096060551509,0.0010283626309959728
3.93,0.60092614525787,0.6654475835973045,0.147035637006737,0.06452143833943694,0.022771930687962367,0.03816168500076538,0.0010298913161539758,0.600926736549644,0.6654481042061904,0.14703537154043286,0.06452136765654909,0.022771919734799223,0.038161604931643785,0.0010298889010294842
3.935,0.6005542352690862,0.6651201777732774,0.14720280105378697,0.06456594250419356,0.022778833668986607,0.03821213530038057,0.001031412233300437,0.6005548179063913,0.6651206908384245,0.14720253937323644,0.0645658729320358,0.022778822923586416,0.03821205633092559,0.0010314098505718869
3.94,0.6001840850376687,0.6647942727679673,0.14736923733395804,0.0646101877303011,0.02278567388996662,0.03826239274317014,0.0010329278278154543,0.6001846591413631,0.6647947783933166,0.14736897938825527,0.0646101192519561,0.02278566334849314,0.03826231485935966,0.0010329254770818637
3.9450000000000003,0.599815689907658,0.664469865090587,0.1475349470736596,0.06465417518293151,0.02279245185198466,0.038312457384976746,0.0010344380971534046,0.599816255597056,0.6644703633787753,0.14753469281251308,0.06465410778172188,0.022792441510667862,0.03831238057294516,0.0010344357780180968
3.95,0.5994490452230947,0.6641469512503491,0.14769993149930105,0.06469790602725678,0.022799168056122983,0.038362329281643015,0.0010359430387686646,0.5994496026159668,0.6641474423027093,0.1476996808730334,0.06469783968674503,0.022799157911259037,0.03836225352768123,0.001035940750839269
3.955,0.5990841463280194,0.6638255277564659,0.14786419183729171,0.06474138142844886,0.022805823003463843,0.038412008489011586,0.0010374426501156108,0.5990846955405922,0.6638260116730271,0.14786394479683992,0.06474131613243744,0.022805813051415123,0.03841193377956704,0.0010374403930040624
3.96,0.5987209885216179,0.6635055910737009,0.14802772934339392,0.06478460255208532,0.02281241719148905,0.038461495073652346,0.0010389369289959655,0.5987215296685997,0.6635060679532094,0.14802748584029973,0.06478453828461234,0.02281240742868272,0.038461421395326725,0.0010389347023184497
3.965,0.5983595671134067,0.6631871376761806,0.14819054526770603,0.06482757056277633,0.022818951117960454,0.03851078910055546,0.0010404258731075745,0.5983601003079808,0.6631876076160942,0.148190305254119,0.06482750730811594,0.02281894154088852,0.038510716440105786,0.0010404236764845467
3.9699999999999998,0.5979998773834649,0.6628701640069642,0.14835264088236824,0.06487028662350158,0.022825425276912004,0.03855989064361765,0.00104190948038661,0.5980004027373093,0.6628706271034671,0.14835240431103927,0.0648702243661605,0.022825415882129992,0.03855981898795509,0.0010419073134427573
3.975,0.5976419144722699,0.6625546663705411,0.14851401755127833,0.06491275189827343,0.022831840150978108,0.03860879981033736,0.0010433877498617604,0.5976424320956358,0.6625551227186106,0.1485137843755301,0.0649126906229774,0.022831830935100668,0.038608729146520054,0.001043385612225829
3.98,0.5972856735202989,0.6622406410714008,0.14867467663833406,0.06495496755110414,0.022838196222793178,0.03865751670821304,0.0010448606805617128,0.5972861835220116,0.6622410907648071,0.1486744468120609,0.0649549072427981,0.022838187182494075,0.03865744702344613,0.0010448585718665089
3.985,0.5969311496680291,0.6619280844140328,0.14883461950743324,0.06499693474600601,0.022844493974991626,0.038706041444743156,0.0010463282715151554,0.5969316521554875,0.6619285275453389,0.14883439298510123,0.06499687538985396,0.022844485107003744,0.038705972726378754,0.001046326191397544
3.99,0.5965783380559376,0.6616169927029267,0.14899384752247366,0.06503865464699136,0.02285073389020787,0.03875437412742616,0.0010477905217507759,0.5965788331351147,0.6616174293634886,0.1489936242591206,0.06503859622837643,0.022850725191323203,0.03875430636296336,0.0010477884698516819
3.995,0.5962272338133345,0.6613073622309676,0.14915236205539542,0.0650801284176353,0.022856916449825893,0.03880251486695161,0.001049247430390815,0.596227721588784,0.6613077925109399,0.1491521420066283,0.06508007092215848,0.02285690791689512,0.038802448044035966,0.0010492454063552072
4.0,0.5958778319894558,0.6609991892081816,0.14931016453539525,0.06512135721872807,0.022863042126451058,0.038850463796560014,0.0010506989972272106,0.595878312564362,0.6609996131965585,0.1493099476573722,0.06512130063219913,0.02286303375638052,0.03885039790297958,0.0010506970007039967
